; START Prusa 5_axis G-code
; We assume that machine is not stopped from planar construction


G90 ; use absolute coordinates

G0 Z80;

M104 S220 ; set extruder temp
M109 S220 ; wait for extruder temp
G21 ; set units to millimeters

G1 u0.1 v0.1; Give a little kick to A and B motor
G1 u0 v0 ;

G90 ; use absolute coordinates
M83 ; use relative distances for extrusion

M98 P"/macros/move_to_mid.g" ;move the nozzle to centre

G1 E0.1 ; initial extrusion
G1 F X-47.2 Y-0.37 Z26.82 U90.22 V-88.43 E0
G1 F X-47.2 Y-0.37 Z6.82 U90.22 V-88.43 E0
G1 F X-47 Y-0.37 Z6.81 U90.23 V-88.3 E0.034106
G1 F X-46.8 Y-0.37 Z6.81 U90.24 V-88.18 E0.034106
G1 F300 E-1.00 ;Filament Retraction!!
G1 F X-46.6 Y-0.37 Z6.8 U90.24 V-88.05 E0.034106
G1 F X-46.4 Y-0.37 Z6.8 U90.25 V-87.91 E0.034106
G1 F300 E1.1;Filament (De)-Retraction!!
G1 F X-46.2 Y-0.37 Z6.79 U90.26 V-87.78 E0.034106
G1 F X-46.01 Y-0.37 Z6.79 U90.27 V-87.63 E0.034106
G1 F X-45.81 Y-0.37 Z6.78 U90.27 V-87.49 E0.034106
G1 F X-45.61 Y-0.37 Z6.78 U90.28 V-87.34 E0.034106
G1 F X-45.41 Y-0.37 Z6.77 U90.29 V-87.18 E0.034106
G1 F X-45.21 Y-0.37 Z6.77 U90.3 V-87.02 E0.034106
G1 F X-45.01 Y-0.37 Z6.76 U90.3 V-86.86 E0.034106
G1 F X-44.82 Y-0.37 Z6.76 U90.31 V-86.7 E0.034106
G1 F X-44.62 Y-0.37 Z6.75 U90.32 V-86.53 E0.034106
G1 F X-44.42 Y-0.37 Z6.75 U90.33 V-86.35 E0.034106
G1 F X-44.22 Y-0.37 Z6.74 U90.33 V-86.18 E0.034106
G1 F X-44.02 Y-0.37 Z6.74 U90.34 V-86 E0.034106
G1 F X-43.82 Y-0.37 Z6.74 U90.35 V-85.81 E0.034106
G1 F X-43.63 Y-0.37 Z6.73 U90.35 V-85.63 E0.034106
G1 F X-43.43 Y-0.37 Z6.73 U90.36 V-85.44 E0.034106
G1 F X-43.23 Y-0.37 Z6.73 U90.36 V-85.24 E0.034106
G1 F X-43.03 Y-0.37 Z6.72 U90.37 V-85.05 E0.034106
G1 F X-42.83 Y-0.37 Z6.72 U90.38 V-84.84 E0.034106
G1 F X-42.64 Y-0.37 Z6.72 U90.38 V-84.64 E0.034106
G1 F X-42.44 Y-0.37 Z6.71 U90.39 V-84.43 E0.034106
G1 F X-42.24 Y-0.37 Z6.71 U90.39 V-84.22 E0.034106
G1 F X-42.04 Y-0.37 Z6.71 U90.4 V-84.01 E0.034106
G1 F X-41.85 Y-0.37 Z6.71 U90.4 V-83.79 E0.034106
G1 F X-41.65 Y-0.37 Z6.7 U90.41 V-83.57 E0.034106
G1 F X-41.45 Y-0.37 Z6.7 U90.41 V-83.35 E0.034106
G1 F X-41.25 Y-0.37 Z6.7 U90.42 V-83.13 E0.034106
G1 F X-41.05 Y-0.37 Z6.7 U90.42 V-82.9 E0.034106
G1 F X-40.86 Y-0.37 Z6.69 U90.43 V-82.67 E0.034106
G1 F X-40.66 Y-0.37 Z6.69 U90.43 V-82.43 E0.034106
G1 F X-40.46 Y-0.37 Z6.69 U90.44 V-82.19 E0.034106
G1 F X-40.27 Y-0.37 Z6.69 U90.44 V-81.95 E0.034106
G1 F X-40.07 Y-0.37 Z6.69 U90.45 V-81.71 E0.034106
G1 F X-39.87 Y-0.37 Z6.68 U90.45 V-81.47 E0.034106
G1 F X-39.67 Y-0.37 Z6.68 U90.46 V-81.22 E0.034106
G1 F X-39.48 Y-0.36 Z6.68 U90.46 V-80.97 E0.034106
G1 F X-39.28 Y-0.36 Z6.68 U90.47 V-80.71 E0.034106
G1 F X-39.08 Y-0.36 Z6.68 U90.47 V-80.46 E0.034106
G1 F X-38.88 Y-0.36 Z6.68 U90.48 V-80.2 E0.034106
G1 F X-38.69 Y-0.36 Z6.67 U90.48 V-79.94 E0.034106
G1 F X-38.49 Y-0.36 Z6.67 U90.49 V-79.68 E0.034106
G1 F X-38.29 Y-0.36 Z6.67 U90.49 V-79.41 E0.034106
G1 F X-38.1 Y-0.36 Z6.67 U90.5 V-79.14 E0.034106
G1 F X-37.9 Y-0.36 Z6.67 U90.5 V-78.87 E0.034107
G1 F X-37.7 Y-0.36 Z6.67 U90.51 V-78.6 E0.034106
G1 F X-37.51 Y-0.36 Z6.67 U90.51 V-78.33 E0.034106
G1 F X-37.31 Y-0.36 Z6.66 U90.52 V-78.05 E0.034106
G1 F X-37.11 Y-0.36 Z6.66 U90.52 V-77.77 E0.034106
G1 F X-36.92 Y-0.36 Z6.66 U90.53 V-77.49 E0.034106
G1 F X-36.72 Y-0.36 Z6.66 U90.53 V-77.21 E0.034106
G1 F X-36.52 Y-0.36 Z6.66 U90.53 V-76.92 E0.034106
G1 F X-36.33 Y-0.36 Z6.66 U90.54 V-76.64 E0.034106
G1 F X-36.13 Y-0.36 Z6.66 U90.54 V-76.35 E0.034106
G1 F X-35.93 Y-0.36 Z6.66 U90.54 V-76.06 E0.034106
G1 F X-35.74 Y-0.36 Z6.66 U90.55 V-75.76 E0.034106
G1 F X-35.54 Y-0.36 Z6.66 U90.55 V-75.47 E0.034106
G1 F X-35.34 Y-0.36 Z6.66 U90.55 V-75.17 E0.034106
G1 F X-35.15 Y-0.36 Z6.66 U90.55 V-74.88 E0.034106
G1 F X-34.95 Y-0.36 Z6.66 U90.55 V-74.58 E0.034106
G1 F X-34.75 Y-0.36 Z6.66 U90.56 V-74.27 E0.034106
G1 F X-34.56 Y-0.36 Z6.66 U90.56 V-73.97 E0.034106
G1 F X-34.36 Y-0.36 Z6.66 U90.56 V-73.67 E0.034106
G1 F X-34.16 Y-0.36 Z6.66 U90.56 V-73.36 E0.034106
G1 F X-33.97 Y-0.36 Z6.67 U90.56 V-73.05 E0.034106
G1 F X-33.77 Y-0.36 Z6.67 U90.57 V-72.74 E0.034106
G1 F X-33.58 Y-0.36 Z6.67 U90.57 V-72.43 E0.034106
G1 F X-33.38 Y-0.36 Z6.67 U90.57 V-72.12 E0.034106
G1 F X-33.18 Y-0.36 Z6.67 U90.57 V-71.81 E0.034106
G1 F X-32.99 Y-0.36 Z6.67 U90.57 V-71.49 E0.034106
G1 F X-32.79 Y-0.36 Z6.67 U90.58 V-71.18 E0.034106
G1 F X-32.59 Y-0.36 Z6.67 U90.58 V-70.86 E0.034106
G1 F X-32.4 Y-0.36 Z6.67 U90.58 V-70.54 E0.034106
G1 F X-32.2 Y-0.36 Z6.67 U90.58 V-70.22 E0.034106
G1 F X-32.01 Y-0.36 Z6.67 U90.59 V-69.9 E0.034106
G1 F X-31.81 Y-0.36 Z6.67 U90.59 V-69.58 E0.034106
G1 F X-31.62 Y-0.36 Z6.67 U90.59 V-69.26 E0.034106
G1 F X-31.42 Y-0.36 Z6.67 U90.6 V-68.94 E0.034106
G1 F X-31.22 Y-0.36 Z6.67 U90.6 V-68.61 E0.034106
G1 F X-31.03 Y-0.36 Z6.67 U90.6 V-68.29 E0.034106
G1 F X-30.83 Y-0.36 Z6.67 U90.61 V-67.96 E0.034106
G1 F X-30.64 Y-0.36 Z6.67 U90.61 V-67.63 E0.034106
G1 F X-30.44 Y-0.36 Z6.68 U90.61 V-67.3 E0.034106
G1 F X-30.25 Y-0.36 Z6.68 U90.61 V-66.97 E0.034106
G1 F X-30.05 Y-0.36 Z6.68 U90.62 V-66.65 E0.034106
G1 F X-29.85 Y-0.36 Z6.68 U90.62 V-66.31 E0.034106
G1 F X-29.66 Y-0.36 Z6.68 U90.62 V-65.98 E0.034106
G1 F X-29.46 Y-0.36 Z6.68 U90.62 V-65.65 E0.034106
G1 F X-29.27 Y-0.36 Z6.68 U90.62 V-65.32 E0.034106
G1 F X-29.07 Y-0.36 Z6.69 U90.62 V-64.99 E0.034106
G1 F X-28.87 Y-0.36 Z6.69 U90.62 V-64.65 E0.034106
G1 F X-28.7 Y-0.36 Z6.69 U90.62 V-64.36 E0.029643
G1 F X-28.7 Y-0.33 Z6.71 U90.57 V-64.36 E0.004464
G1 F X-28.66 Y-0.13 Z6.89 U90.23 V-64.34 E0.034106
G1 F X-28.62 Y0.07 Z7.06 U89.88 V-64.32 E0.034106
G1 F X-28.57 Y0.27 Z7.23 U89.54 V-64.3 E0.034106
G1 F X-28.55 Y0.36 Z7.31 U89.39 V-64.29 E0.01471
G1 F X-28.66 Y0.36 Z7.31 U89.39 V-64.48 E0.019396
G1 F X-28.86 Y0.36 Z7.31 U89.39 V-64.81 E0.034106
G1 F X-29.06 Y0.36 Z7.31 U89.39 V-65.15 E0.034106
G1 F X-29.25 Y0.36 Z7.31 U89.39 V-65.48 E0.034106
G1 F X-29.45 Y0.36 Z7.31 U89.39 V-65.81 E0.034106
G1 F X-29.65 Y0.36 Z7.31 U89.4 V-66.14 E0.034106
G1 F X-29.84 Y0.36 Z7.31 U89.4 V-66.47 E0.034106
G1 F X-30.04 Y0.36 Z7.32 U89.4 V-66.8 E0.034106
G1 F X-30.23 Y0.36 Z7.32 U89.4 V-67.13 E0.034106
G1 F X-30.43 Y0.36 Z7.32 U89.4 V-67.46 E0.034106
G1 F X-30.63 Y0.36 Z7.32 U89.4 V-67.79 E0.034106
G1 F X-30.82 Y0.36 Z7.32 U89.4 V-68.12 E0.034106
G1 F X-31.02 Y0.36 Z7.32 U89.4 V-68.44 E0.034106
G1 F X-31.21 Y0.36 Z7.33 U89.4 V-68.77 E0.034106
G1 F X-31.41 Y0.36 Z7.33 U89.4 V-69.09 E0.034106
G1 F X-31.61 Y0.36 Z7.33 U89.4 V-69.42 E0.034106
G1 F X-31.8 Y0.36 Z7.33 U89.4 V-69.74 E0.034106
G1 F X-32 Y0.36 Z7.33 U89.4 V-70.06 E0.034106
G1 F X-32.2 Y0.36 Z7.33 U89.41 V-70.38 E0.034106
G1 F X-32.39 Y0.36 Z7.34 U89.41 V-70.7 E0.034106
G1 F X-32.59 Y0.36 Z7.34 U89.41 V-71.02 E0.034106
G1 F X-32.79 Y0.36 Z7.34 U89.41 V-71.33 E0.034106
G1 F X-32.98 Y0.36 Z7.34 U89.41 V-71.65 E0.034106
G1 F X-33.18 Y0.36 Z7.34 U89.42 V-71.96 E0.034106
G1 F X-33.38 Y0.36 Z7.34 U89.42 V-72.28 E0.034106
G1 F X-33.57 Y0.36 Z7.34 U89.42 V-72.59 E0.034106
G1 F X-33.77 Y0.36 Z7.34 U89.43 V-72.9 E0.034106
G1 F X-33.97 Y0.36 Z7.34 U89.43 V-73.21 E0.034106
G1 F X-34.16 Y0.36 Z7.34 U89.43 V-73.51 E0.034106
G1 F X-34.36 Y0.36 Z7.34 U89.44 V-73.82 E0.034106
G1 F X-34.56 Y0.36 Z7.34 U89.44 V-74.12 E0.034106
G1 F X-34.75 Y0.36 Z7.34 U89.44 V-74.42 E0.034106
G1 F X-34.95 Y0.36 Z7.34 U89.45 V-74.73 E0.034106
G1 F X-35.15 Y0.36 Z7.34 U89.45 V-75.02 E0.034106
G1 F X-35.35 Y0.36 Z7.34 U89.46 V-75.32 E0.034106
G1 F X-35.54 Y0.36 Z7.34 U89.46 V-75.62 E0.034106
G1 F X-35.74 Y0.36 Z7.33 U89.46 V-75.91 E0.034106
G1 F X-35.94 Y0.36 Z7.33 U89.47 V-76.2 E0.034106
G1 F X-36.14 Y0.36 Z7.33 U89.47 V-76.49 E0.034106
G1 F X-36.33 Y0.36 Z7.33 U89.48 V-76.78 E0.034106
G1 F X-36.53 Y0.36 Z7.33 U89.48 V-77.07 E0.034106
G1 F X-36.73 Y0.36 Z7.33 U89.48 V-77.35 E0.034106
G1 F X-36.93 Y0.36 Z7.33 U89.49 V-77.64 E0.034106
G1 F X-37.12 Y0.36 Z7.33 U89.49 V-77.92 E0.034106
G1 F X-37.32 Y0.36 Z7.33 U89.49 V-78.19 E0.034106
G1 F X-37.52 Y0.36 Z7.33 U89.5 V-78.47 E0.034106
G1 F X-37.72 Y0.36 Z7.33 U89.5 V-78.74 E0.034106
G1 F X-37.91 Y0.36 Z7.33 U89.5 V-79.01 E0.034106
G1 F X-38.11 Y0.36 Z7.33 U89.51 V-79.28 E0.034106
G1 F X-38.31 Y0.36 Z7.33 U89.51 V-79.55 E0.034106
G1 F X-38.51 Y0.36 Z7.33 U89.51 V-79.81 E0.034106
G1 F X-38.71 Y0.36 Z7.33 U89.52 V-80.08 E0.034106
G1 F X-38.9 Y0.36 Z7.33 U89.52 V-80.34 E0.034106
G1 F X-39.1 Y0.36 Z7.32 U89.53 V-80.59 E0.034106
G1 F X-39.3 Y0.37 Z7.32 U89.53 V-80.85 E0.034106
G1 F X-39.5 Y0.37 Z7.32 U89.54 V-81.1 E0.034106
G1 F X-39.7 Y0.37 Z7.32 U89.54 V-81.35 E0.034106
G1 F X-39.9 Y0.37 Z7.32 U89.55 V-81.6 E0.034106
G1 F X-40.09 Y0.37 Z7.31 U89.55 V-81.84 E0.034106
G1 F X-40.29 Y0.37 Z7.31 U89.56 V-82.08 E0.034106
G1 F X-40.49 Y0.37 Z7.31 U89.56 V-82.32 E0.034106
G1 F X-40.69 Y0.37 Z7.31 U89.57 V-82.56 E0.034106
G1 F X-40.89 Y0.37 Z7.31 U89.57 V-82.79 E0.034106
G1 F X-41.09 Y0.37 Z7.3 U89.58 V-83.02 E0.034106
G1 F X-41.29 Y0.37 Z7.3 U89.58 V-83.25 E0.034106
G1 F X-41.49 Y0.37 Z7.3 U89.59 V-83.47 E0.034106
G1 F X-41.68 Y0.37 Z7.3 U89.59 V-83.69 E0.034106
G1 F X-41.88 Y0.37 Z7.29 U89.6 V-83.91 E0.034106
G1 F X-42.08 Y0.37 Z7.29 U89.61 V-84.13 E0.034106
G1 F X-42.28 Y0.37 Z7.29 U89.61 V-84.34 E0.034106
G1 F X-42.48 Y0.37 Z7.28 U89.62 V-84.55 E0.034106
G1 F X-42.68 Y0.37 Z7.28 U89.62 V-84.75 E0.034106
G1 F X-42.88 Y0.37 Z7.28 U89.63 V-84.96 E0.034106
G1 F X-43.08 Y0.37 Z7.27 U89.64 V-85.16 E0.034106
G1 F X-43.28 Y0.37 Z7.27 U89.64 V-85.35 E0.034106
G1 F X-43.48 Y0.37 Z7.27 U89.65 V-85.54 E0.034106
G1 F X-43.68 Y0.37 Z7.26 U89.66 V-85.73 E0.034106
G1 F X-43.88 Y0.37 Z7.26 U89.66 V-85.92 E0.034106
G1 F X-44.08 Y0.37 Z7.25 U89.67 V-86.1 E0.034106
G1 F X-44.28 Y0.37 Z7.25 U89.68 V-86.28 E0.034106
G1 F X-44.48 Y0.37 Z7.25 U89.68 V-86.45 E0.034106
G1 F X-44.68 Y0.37 Z7.24 U89.69 V-86.63 E0.034106
G1 F X-44.88 Y0.37 Z7.24 U89.7 V-86.79 E0.034106
G1 F X-45.08 Y0.37 Z7.23 U89.7 V-86.96 E0.034106
G1 F X-45.28 Y0.37 Z7.23 U89.71 V-87.12 E0.034106
G1 F X-45.48 Y0.37 Z7.23 U89.72 V-87.27 E0.034106
G1 F X-45.68 Y0.37 Z7.22 U89.72 V-87.43 E0.034106
G1 F X-45.88 Y0.37 Z7.22 U89.73 V-87.57 E0.034106
G1 F X-46.08 Y0.37 Z7.21 U89.74 V-87.72 E0.034106
G1 F X-46.28 Y0.37 Z7.21 U89.74 V-87.86 E0.034106
G1 F X-46.48 Y0.37 Z7.2 U89.75 V-87.99 E0.034106
G1 F X-46.68 Y0.37 Z7.2 U89.76 V-88.13 E0.034106
G1 F X-46.88 Y0.37 Z7.19 U89.76 V-88.26 E0.034106
G1 F X-47.08 Y0.37 Z7.19 U89.77 V-88.38 E0.034106
G1 F X-47.28 Y0.37 Z7.18 U89.78 V-88.5 E0.034107
G1 F X-47.34 Y0.37 Z7.18 U89.78 V-88.54 E0.010852
G1 F X-47.35 Y0.23 Z7.11 U89.86 V-88.54 E0.023254
G1 F X-47.37 Y0.03 Z7.02 U89.98 V-88.54 E0.034106
G1 F X-47.38 Y-0.17 Z6.92 U90.09 V-88.54 E0.034106
G1 F X-47.4 Y-0.37 Z6.83 U90.21 V-88.55 E0.034106
G1 F300 E-1.00 ;Filament Retraction!!
G1 F X-47.4 Y-0.37 Z7.03 U90.21 V-88.55 E0
G1 F X-47.64 Y-0.79 Z6.84 U90.44 V-88.67 E0
G1 F300 E1.1;Filament (De)-Retraction!!
G1 F X-47.64 Y-0.79 Z6.64 U90.44 V-88.67 E0
G1 F X-47.44 Y-0.79 Z6.62 U90.45 V-88.56 E0.034109
G1 F X-47.25 Y-0.79 Z6.61 U90.47 V-88.44 E0.034109
G1 F X-47.05 Y-0.79 Z6.6 U90.49 V-88.32 E0.034109
G1 F X-46.85 Y-0.79 Z6.59 U90.5 V-88.2 E0.034109
G1 F X-46.65 Y-0.79 Z6.58 U90.52 V-88.07 E0.034109
G1 F X-46.46 Y-0.79 Z6.56 U90.54 V-87.94 E0.034109
G1 F X-46.26 Y-0.79 Z6.55 U90.55 V-87.8 E0.034109
G1 F X-46.06 Y-0.79 Z6.54 U90.57 V-87.66 E0.034109
G1 F X-45.86 Y-0.79 Z6.53 U90.59 V-87.51 E0.034109
G1 F X-45.67 Y-0.79 Z6.52 U90.6 V-87.36 E0.034109
G1 F X-45.47 Y-0.79 Z6.51 U90.62 V-87.21 E0.034109
G1 F X-45.27 Y-0.79 Z6.5 U90.64 V-87.05 E0.034109
G1 F X-45.07 Y-0.79 Z6.49 U90.65 V-86.89 E0.034109
G1 F X-44.88 Y-0.79 Z6.48 U90.67 V-86.72 E0.034109
G1 F X-44.68 Y-0.79 Z6.47 U90.68 V-86.56 E0.034109
G1 F X-44.48 Y-0.79 Z6.46 U90.7 V-86.38 E0.034109
G1 F X-44.29 Y-0.79 Z6.45 U90.71 V-86.21 E0.034109
G1 F X-44.09 Y-0.79 Z6.44 U90.72 V-86.03 E0.034109
G1 F X-43.89 Y-0.79 Z6.43 U90.74 V-85.85 E0.034109
G1 F X-43.69 Y-0.79 Z6.43 U90.75 V-85.66 E0.034109
G1 F X-43.5 Y-0.79 Z6.42 U90.77 V-85.47 E0.034109
G1 F X-43.3 Y-0.79 Z6.41 U90.78 V-85.28 E0.034109
G1 F X-43.1 Y-0.79 Z6.4 U90.79 V-85.08 E0.034109
G1 F X-42.9 Y-0.79 Z6.4 U90.81 V-84.88 E0.034109
G1 F X-42.71 Y-0.79 Z6.39 U90.82 V-84.68 E0.034109
G1 F X-42.51 Y-0.79 Z6.38 U90.83 V-84.47 E0.034109
G1 F X-42.31 Y-0.79 Z6.38 U90.85 V-84.26 E0.034109
G1 F X-42.12 Y-0.79 Z6.37 U90.86 V-84.05 E0.034109
G1 F X-41.92 Y-0.79 Z6.36 U90.87 V-83.83 E0.034109
G1 F X-41.72 Y-0.79 Z6.36 U90.88 V-83.62 E0.034109
G1 F X-41.53 Y-0.79 Z6.35 U90.89 V-83.39 E0.034109
G1 F X-41.33 Y-0.79 Z6.35 U90.91 V-83.17 E0.034109
G1 F X-41.13 Y-0.79 Z6.34 U90.92 V-82.94 E0.034109
G1 F X-40.94 Y-0.79 Z6.34 U90.93 V-82.71 E0.034109
G1 F X-40.74 Y-0.79 Z6.33 U90.94 V-82.48 E0.034109
G1 F X-40.54 Y-0.79 Z6.33 U90.95 V-82.24 E0.034109
G1 F X-40.34 Y-0.79 Z6.32 U90.96 V-82 E0.034109
G1 F X-40.15 Y-0.79 Z6.32 U90.97 V-81.76 E0.034109
G1 F X-39.95 Y-0.79 Z6.31 U90.98 V-81.52 E0.034109
G1 F X-39.75 Y-0.79 Z6.31 U91 V-81.27 E0.034109
G1 F X-39.56 Y-0.79 Z6.31 U91.01 V-81.02 E0.034109
G1 F X-39.36 Y-0.79 Z6.3 U91.02 V-80.77 E0.034109
G1 F X-39.17 Y-0.79 Z6.3 U91.03 V-80.51 E0.034109
G1 F X-38.97 Y-0.79 Z6.3 U91.04 V-80.25 E0.034109
G1 F X-38.77 Y-0.79 Z6.29 U91.05 V-79.99 E0.034109
G1 F X-38.58 Y-0.79 Z6.29 U91.06 V-79.73 E0.034109
G1 F X-38.38 Y-0.79 Z6.28 U91.07 V-79.47 E0.034109
G1 F X-38.18 Y-0.79 Z6.28 U91.08 V-79.2 E0.034109
G1 F X-37.99 Y-0.79 Z6.28 U91.09 V-78.93 E0.034109
G1 F X-37.79 Y-0.79 Z6.28 U91.1 V-78.66 E0.034109
G1 F X-37.6 Y-0.79 Z6.27 U91.11 V-78.39 E0.034109
G1 F X-37.4 Y-0.79 Z6.27 U91.12 V-78.11 E0.034109
G1 F X-37.2 Y-0.79 Z6.27 U91.13 V-77.83 E0.034109
G1 F X-37.01 Y-0.79 Z6.27 U91.14 V-77.55 E0.034109
G1 F X-36.81 Y-0.79 Z6.26 U91.15 V-77.27 E0.034109
G1 F X-36.61 Y-0.79 Z6.26 U91.16 V-76.99 E0.034109
G1 F X-36.42 Y-0.79 Z6.26 U91.16 V-76.7 E0.034109
G1 F X-36.22 Y-0.79 Z6.26 U91.17 V-76.41 E0.034109
G1 F X-36.03 Y-0.79 Z6.26 U91.18 V-76.12 E0.034109
G1 F X-35.83 Y-0.79 Z6.26 U91.19 V-75.83 E0.034109
G1 F X-35.63 Y-0.79 Z6.26 U91.19 V-75.54 E0.034109
G1 F X-35.44 Y-0.79 Z6.26 U91.2 V-75.24 E0.034109
G1 F X-35.24 Y-0.79 Z6.26 U91.21 V-74.94 E0.034109
G1 F X-35.05 Y-0.79 Z6.26 U91.21 V-74.64 E0.034108
G1 F X-34.85 Y-0.79 Z6.26 U91.22 V-74.34 E0.034109
G1 F X-34.65 Y-0.79 Z6.26 U91.22 V-74.04 E0.034109
G1 F X-34.46 Y-0.79 Z6.26 U91.23 V-73.74 E0.034109
G1 F X-34.26 Y-0.79 Z6.26 U91.24 V-73.43 E0.034109
G1 F X-34.07 Y-0.79 Z6.26 U91.24 V-73.12 E0.034109
G1 F X-33.87 Y-0.79 Z6.26 U91.25 V-72.82 E0.034109
G1 F X-33.67 Y-0.79 Z6.26 U91.25 V-72.51 E0.034109
G1 F X-33.48 Y-0.79 Z6.27 U91.26 V-72.19 E0.034109
G1 F X-33.28 Y-0.79 Z6.27 U91.26 V-71.88 E0.034109
G1 F X-33.09 Y-0.79 Z6.27 U91.27 V-71.57 E0.034109
G1 F X-32.89 Y-0.79 Z6.27 U91.27 V-71.25 E0.034109
G1 F X-32.7 Y-0.79 Z6.27 U91.28 V-70.94 E0.034109
G1 F X-32.5 Y-0.79 Z6.27 U91.28 V-70.62 E0.034109
G1 F X-32.3 Y-0.79 Z6.27 U91.29 V-70.3 E0.034109
G1 F X-32.11 Y-0.79 Z6.28 U91.29 V-69.98 E0.034109
G1 F X-31.91 Y-0.79 Z6.28 U91.3 V-69.66 E0.034109
G1 F X-31.72 Y-0.79 Z6.28 U91.31 V-69.34 E0.034109
G1 F X-31.52 Y-0.79 Z6.28 U91.31 V-69.01 E0.034109
G1 F X-31.33 Y-0.79 Z6.28 U91.32 V-68.69 E0.034109
G1 F X-31.13 Y-0.79 Z6.28 U91.32 V-68.36 E0.034109
G1 F X-30.94 Y-0.79 Z6.28 U91.33 V-68.04 E0.034109
G1 F X-30.74 Y-0.79 Z6.29 U91.33 V-67.71 E0.034109
G1 F X-30.55 Y-0.8 Z6.29 U91.34 V-67.38 E0.034109
G1 F X-30.35 Y-0.8 Z6.29 U91.34 V-67.06 E0.034109
G1 F X-30.15 Y-0.8 Z6.29 U91.35 V-66.73 E0.034109
G1 F X-29.96 Y-0.8 Z6.3 U91.35 V-66.4 E0.034109
G1 F X-29.76 Y-0.8 Z6.3 U91.35 V-66.06 E0.034109
G1 F X-29.57 Y-0.8 Z6.3 U91.35 V-65.73 E0.034109
G1 F X-29.37 Y-0.8 Z6.31 U91.36 V-65.4 E0.034109
G1 F X-29.18 Y-0.8 Z6.31 U91.36 V-65.07 E0.034109
G1 F X-28.98 Y-0.8 Z6.31 U91.36 V-64.73 E0.034109
G1 F X-28.78 Y-0.8 Z6.32 U91.36 V-64.4 E0.034109
G1 F X-28.59 Y-0.8 Z6.32 U91.36 V-64.07 E0.034109
G1 F X-28.39 Y-0.8 Z6.33 U91.36 V-63.73 E0.034109
G1 F X-28.37 Y-0.8 Z6.33 U91.36 V-63.69 E0.004351
G1 F X-28.33 Y-0.62 Z6.48 U91.06 V-63.67 E0.029758
G1 F X-28.29 Y-0.42 Z6.65 U90.71 V-63.65 E0.034109
G1 F X-28.25 Y-0.21 Z6.82 U90.37 V-63.63 E0.034109
G1 F X-28.21 Y-0.01 Z6.99 U90.02 V-63.61 E0.034109
G1 F X-28.17 Y0.19 Z7.16 U89.67 V-63.59 E0.034109
G1 F X-28.13 Y0.39 Z7.33 U89.32 V-63.57 E0.034109
G1 F X-28.08 Y0.6 Z7.5 U88.98 V-63.54 E0.034109
G1 F X-28.04 Y0.8 Z7.67 U88.64 V-63.52 E0.033308
G1 F X-28.24 Y0.8 Z7.67 U88.64 V-63.87 E0.03491
G1 F X-28.43 Y0.8 Z7.67 U88.64 V-64.2 E0.034109
G1 F X-28.63 Y0.8 Z7.68 U88.65 V-64.54 E0.034109
G1 F X-28.82 Y0.8 Z7.68 U88.65 V-64.87 E0.034109
G1 F X-29.02 Y0.8 Z7.68 U88.65 V-65.21 E0.034109
G1 F X-29.22 Y0.8 Z7.69 U88.66 V-65.54 E0.034109
G1 F X-29.41 Y0.8 Z7.69 U88.66 V-65.87 E0.034109
G1 F X-29.61 Y0.8 Z7.69 U88.66 V-66.2 E0.034109
G1 F X-29.81 Y0.8 Z7.7 U88.67 V-66.53 E0.034109
G1 F X-30 Y0.8 Z7.7 U88.67 V-66.86 E0.034109
G1 F X-30.2 Y0.8 Z7.7 U88.67 V-67.19 E0.034109
G1 F X-30.4 Y0.8 Z7.7 U88.67 V-67.52 E0.034109
G1 F X-30.59 Y0.8 Z7.71 U88.68 V-67.85 E0.034109
G1 F X-30.79 Y0.8 Z7.71 U88.68 V-68.18 E0.034109
G1 F X-30.98 Y0.8 Z7.71 U88.68 V-68.5 E0.034109
G1 F X-31.18 Y0.8 Z7.72 U88.68 V-68.83 E0.034109
G1 F X-31.38 Y0.8 Z7.72 U88.69 V-69.15 E0.034109
G1 F X-31.57 Y0.8 Z7.72 U88.69 V-69.48 E0.034109
G1 F X-31.77 Y0.8 Z7.73 U88.69 V-69.8 E0.034109
G1 F X-31.97 Y0.8 Z7.73 U88.7 V-70.12 E0.034109
G1 F X-32.16 Y0.8 Z7.73 U88.7 V-70.44 E0.034109
G1 F X-32.36 Y0.8 Z7.73 U88.71 V-70.76 E0.034109
G1 F X-32.56 Y0.8 Z7.73 U88.71 V-71.08 E0.034109
G1 F X-32.75 Y0.8 Z7.73 U88.72 V-71.39 E0.034109
G1 F X-32.95 Y0.8 Z7.74 U88.72 V-71.71 E0.034109
G1 F X-33.15 Y0.8 Z7.74 U88.73 V-72.02 E0.034109
G1 F X-33.35 Y0.8 Z7.74 U88.73 V-72.33 E0.034109
G1 F X-33.54 Y0.8 Z7.74 U88.74 V-72.65 E0.034109
G1 F X-33.74 Y0.8 Z7.74 U88.75 V-72.96 E0.034109
G1 F X-33.94 Y0.8 Z7.74 U88.75 V-73.26 E0.034109
G1 F X-34.14 Y0.8 Z7.74 U88.76 V-73.57 E0.034109
G1 F X-34.33 Y0.8 Z7.74 U88.77 V-73.88 E0.034109
G1 F X-34.53 Y0.79 Z7.74 U88.78 V-74.18 E0.034109
G1 F X-34.73 Y0.79 Z7.74 U88.78 V-74.48 E0.034109
G1 F X-34.93 Y0.79 Z7.74 U88.79 V-74.78 E0.034109
G1 F X-35.12 Y0.79 Z7.74 U88.8 V-75.08 E0.034109
G1 F X-35.32 Y0.79 Z7.74 U88.81 V-75.38 E0.034109
G1 F X-35.52 Y0.79 Z7.73 U88.82 V-75.68 E0.034109
G1 F X-35.72 Y0.79 Z7.73 U88.82 V-75.97 E0.034109
G1 F X-35.92 Y0.79 Z7.73 U88.83 V-76.26 E0.034109
G1 F X-36.11 Y0.79 Z7.73 U88.84 V-76.55 E0.034109
G1 F X-36.31 Y0.79 Z7.73 U88.85 V-76.84 E0.034109
G1 F X-36.51 Y0.79 Z7.73 U88.86 V-77.13 E0.034109
G1 F X-36.71 Y0.79 Z7.73 U88.87 V-77.41 E0.034109
G1 F X-36.91 Y0.79 Z7.73 U88.88 V-77.69 E0.034109
G1 F X-37.1 Y0.79 Z7.72 U88.88 V-77.97 E0.034109
G1 F X-37.3 Y0.79 Z7.72 U88.89 V-78.25 E0.034109
G1 F X-37.5 Y0.79 Z7.72 U88.9 V-78.52 E0.034109
G1 F X-37.7 Y0.79 Z7.72 U88.91 V-78.8 E0.034109
G1 F X-37.9 Y0.79 Z7.72 U88.92 V-79.07 E0.034109
G1 F X-38.1 Y0.79 Z7.72 U88.93 V-79.34 E0.034109
G1 F X-38.3 Y0.79 Z7.71 U88.94 V-79.6 E0.034109
G1 F X-38.49 Y0.79 Z7.71 U88.94 V-79.87 E0.034109
G1 F X-38.69 Y0.79 Z7.71 U88.95 V-80.13 E0.034109
G1 F X-38.89 Y0.79 Z7.7 U88.96 V-80.39 E0.034109
G1 F X-39.09 Y0.79 Z7.7 U88.97 V-80.65 E0.034109
G1 F X-39.29 Y0.79 Z7.7 U88.98 V-80.9 E0.034109
G1 F X-39.49 Y0.79 Z7.69 U89 V-81.15 E0.034109
G1 F X-39.69 Y0.79 Z7.69 U89.01 V-81.4 E0.034109
G1 F X-39.89 Y0.79 Z7.68 U89.02 V-81.65 E0.034109
G1 F X-40.09 Y0.79 Z7.68 U89.03 V-81.89 E0.034109
G1 F X-40.29 Y0.79 Z7.68 U89.04 V-82.13 E0.034109
G1 F X-40.49 Y0.79 Z7.67 U89.05 V-82.37 E0.034109
G1 F X-40.69 Y0.79 Z7.67 U89.06 V-82.61 E0.034109
G1 F X-40.89 Y0.79 Z7.66 U89.08 V-82.84 E0.034109
G1 F X-41.09 Y0.79 Z7.65 U89.09 V-83.07 E0.034109
G1 F X-41.28 Y0.79 Z7.65 U89.1 V-83.3 E0.034109
G1 F X-41.48 Y0.79 Z7.64 U89.11 V-83.52 E0.034109
G1 F X-41.68 Y0.79 Z7.64 U89.13 V-83.74 E0.034109
G1 F X-41.88 Y0.79 Z7.63 U89.14 V-83.96 E0.034109
G1 F X-42.08 Y0.79 Z7.62 U89.15 V-84.18 E0.034109
G1 F X-42.29 Y0.79 Z7.62 U89.16 V-84.39 E0.034109
G1 F X-42.49 Y0.79 Z7.61 U89.18 V-84.6 E0.034109
G1 F X-42.69 Y0.79 Z7.6 U89.19 V-84.8 E0.034109
G1 F X-42.89 Y0.79 Z7.6 U89.2 V-85 E0.034109
G1 F X-43.09 Y0.79 Z7.59 U89.22 V-85.2 E0.034109
G1 F X-43.29 Y0.79 Z7.58 U89.23 V-85.4 E0.034109
G1 F X-43.49 Y0.79 Z7.57 U89.25 V-85.59 E0.034109
G1 F X-43.69 Y0.79 Z7.56 U89.26 V-85.78 E0.034109
G1 F X-43.89 Y0.79 Z7.56 U89.28 V-85.96 E0.034109
G1 F X-44.09 Y0.79 Z7.55 U89.29 V-86.14 E0.034109
G1 F X-44.29 Y0.79 Z7.54 U89.3 V-86.32 E0.034109
G1 F X-44.49 Y0.79 Z7.53 U89.32 V-86.5 E0.034109
G1 F X-44.69 Y0.79 Z7.52 U89.33 V-86.67 E0.034109
G1 F X-44.89 Y0.79 Z7.51 U89.35 V-86.83 E0.034109
G1 F X-45.09 Y0.79 Z7.5 U89.36 V-87 E0.034109
G1 F X-45.3 Y0.79 Z7.49 U89.38 V-87.16 E0.034109
G1 F X-45.5 Y0.79 Z7.48 U89.39 V-87.31 E0.034109
G1 F X-45.7 Y0.79 Z7.47 U89.41 V-87.46 E0.034109
G1 F X-45.9 Y0.79 Z7.46 U89.42 V-87.61 E0.034109
G1 F X-46.1 Y0.79 Z7.45 U89.44 V-87.75 E0.034109
G1 F X-46.3 Y0.79 Z7.44 U89.45 V-87.89 E0.034109
G1 F X-46.5 Y0.79 Z7.43 U89.47 V-88.03 E0.034109
G1 F X-46.71 Y0.79 Z7.42 U89.49 V-88.16 E0.034109
G1 F X-46.91 Y0.79 Z7.41 U89.5 V-88.29 E0.034109
G1 F X-47.11 Y0.79 Z7.4 U89.52 V-88.41 E0.034109
G1 F X-47.31 Y0.79 Z7.38 U89.54 V-88.53 E0.034109
G1 F X-47.51 Y0.79 Z7.37 U89.55 V-88.64 E0.034109
G1 F X-47.71 Y0.79 Z7.36 U89.57 V-88.76 E0.034109
G1 F X-47.74 Y0.79 Z7.36 U89.57 V-88.77 E0.003758
G1 F X-47.75 Y0.61 Z7.28 U89.67 V-88.77 E0.030351
G1 F X-47.76 Y0.41 Z7.19 U89.78 V-88.77 E0.034109
G1 F X-47.78 Y0.21 Z7.1 U89.88 V-88.77 E0.034109
G1 F X-47.79 Y0.01 Z7.01 U89.99 V-88.77 E0.034109
G1 F X-47.8 Y-0.19 Z6.92 U90.1 V-88.78 E0.034109
G1 F X-47.81 Y-0.39 Z6.83 U90.21 V-88.78 E0.034109
G1 F X-47.83 Y-0.59 Z6.74 U90.31 V-88.78 E0.034109
G1 F X-47.84 Y-0.79 Z6.65 U90.42 V-88.78 E0.034109
G1 F300 E-1.00 ;Filament Retraction!!
G1 F X-47.84 Y-0.79 Z6.85 U90.42 V-88.78 E0
G1 F X-47.21 Y-0.37 Z9.02 U90.22 V-88.43 E0
G1 F300 E1.1;Filament (De)-Retraction!!
G1 F X-47.21 Y-0.37 Z8.82 U90.22 V-88.43 E0
G1 F X-47.01 Y-0.37 Z8.81 U90.23 V-88.31 E0.03402
G1 F X-46.81 Y-0.37 Z8.81 U90.23 V-88.19 E0.03402
G1 F X-46.61 Y-0.37 Z8.8 U90.24 V-88.06 E0.03402
G1 F X-46.42 Y-0.37 Z8.8 U90.25 V-87.92 E0.03402
G1 F X-46.22 Y-0.37 Z8.79 U90.26 V-87.79 E0.03402
G1 F X-46.02 Y-0.37 Z8.79 U90.27 V-87.64 E0.03402
G1 F X-45.82 Y-0.37 Z8.78 U90.27 V-87.5 E0.03402
G1 F X-45.63 Y-0.37 Z8.78 U90.28 V-87.35 E0.03402
G1 F X-45.43 Y-0.37 Z8.77 U90.29 V-87.2 E0.03402
G1 F X-45.23 Y-0.37 Z8.77 U90.3 V-87.04 E0.03402
G1 F X-45.04 Y-0.37 Z8.76 U90.3 V-86.88 E0.03402
G1 F X-44.84 Y-0.37 Z8.76 U90.31 V-86.72 E0.03402
G1 F X-44.64 Y-0.37 Z8.75 U90.32 V-86.55 E0.03402
G1 F X-44.45 Y-0.37 Z8.75 U90.32 V-86.38 E0.03402
G1 F X-44.25 Y-0.37 Z8.74 U90.33 V-86.2 E0.03402
G1 F X-44.05 Y-0.37 Z8.74 U90.34 V-86.03 E0.03402
G1 F X-43.86 Y-0.37 Z8.74 U90.34 V-85.84 E0.03402
G1 F X-43.66 Y-0.37 Z8.73 U90.35 V-85.66 E0.03402
G1 F X-43.46 Y-0.37 Z8.73 U90.36 V-85.47 E0.03402
G1 F X-43.27 Y-0.37 Z8.73 U90.36 V-85.28 E0.03402
G1 F X-43.07 Y-0.37 Z8.72 U90.37 V-85.08 E0.03402
G1 F X-42.87 Y-0.37 Z8.72 U90.37 V-84.88 E0.03402
G1 F X-42.68 Y-0.37 Z8.72 U90.38 V-84.68 E0.03402
G1 F X-42.48 Y-0.37 Z8.71 U90.39 V-84.48 E0.03402
G1 F X-42.28 Y-0.37 Z8.71 U90.39 V-84.27 E0.03402
G1 F X-42.09 Y-0.37 Z8.71 U90.4 V-84.06 E0.03402
G1 F X-41.89 Y-0.37 Z8.71 U90.4 V-83.85 E0.03402
G1 F X-41.7 Y-0.37 Z8.7 U90.41 V-83.63 E0.03402
G1 F X-41.5 Y-0.37 Z8.7 U90.41 V-83.41 E0.034019
G1 F X-41.31 Y-0.37 Z8.7 U90.42 V-83.19 E0.034019
G1 F X-41.11 Y-0.37 Z8.7 U90.42 V-82.96 E0.034019
G1 F X-40.91 Y-0.37 Z8.7 U90.43 V-82.73 E0.034019
G1 F X-40.72 Y-0.36 Z8.69 U90.43 V-82.5 E0.03402
G1 F X-40.52 Y-0.36 Z8.69 U90.44 V-82.27 E0.03402
G1 F X-40.33 Y-0.36 Z8.69 U90.44 V-82.03 E0.03402
G1 F X-40.13 Y-0.36 Z8.69 U90.45 V-81.79 E0.03402
G1 F X-39.94 Y-0.36 Z8.69 U90.45 V-81.55 E0.03402
G1 F X-39.74 Y-0.36 Z8.68 U90.46 V-81.3 E0.03402
G1 F X-39.55 Y-0.36 Z8.68 U90.46 V-81.06 E0.03402
G1 F X-39.35 Y-0.36 Z8.68 U90.47 V-80.81 E0.03402
G1 F X-39.16 Y-0.36 Z8.68 U90.47 V-80.56 E0.03402
G1 F X-38.96 Y-0.36 Z8.68 U90.47 V-80.3 E0.03402
G1 F X-38.77 Y-0.36 Z8.68 U90.48 V-80.05 E0.03402
G1 F X-38.57 Y-0.36 Z8.67 U90.48 V-79.79 E0.03402
G1 F X-38.38 Y-0.36 Z8.67 U90.49 V-79.53 E0.03402
G1 F X-38.18 Y-0.36 Z8.67 U90.49 V-79.26 E0.03402
G1 F X-37.99 Y-0.36 Z8.67 U90.5 V-79 E0.03402
G1 F X-37.79 Y-0.36 Z8.67 U90.5 V-78.73 E0.03402
G1 F X-37.6 Y-0.36 Z8.67 U90.51 V-78.46 E0.03402
G1 F X-37.41 Y-0.36 Z8.67 U90.51 V-78.19 E0.034019
G1 F X-37.21 Y-0.36 Z8.66 U90.52 V-77.91 E0.03402
G1 F X-37.02 Y-0.36 Z8.66 U90.52 V-77.64 E0.03402
G1 F X-36.82 Y-0.36 Z8.66 U90.53 V-77.36 E0.03402
G1 F X-36.63 Y-0.36 Z8.66 U90.53 V-77.08 E0.03402
G1 F X-36.43 Y-0.36 Z8.66 U90.53 V-76.8 E0.03402
G1 F X-36.24 Y-0.36 Z8.66 U90.54 V-76.51 E0.03402
G1 F X-36.05 Y-0.36 Z8.66 U90.54 V-76.23 E0.03402
G1 F X-35.85 Y-0.36 Z8.66 U90.54 V-75.94 E0.03402
G1 F X-35.66 Y-0.36 Z8.66 U90.54 V-75.65 E0.03402
G1 F X-35.46 Y-0.36 Z8.66 U90.55 V-75.36 E0.03402
G1 F X-35.27 Y-0.36 Z8.66 U90.55 V-75.06 E0.03402
G1 F X-35.08 Y-0.36 Z8.66 U90.55 V-74.77 E0.034019
G1 F X-34.88 Y-0.36 Z8.66 U90.55 V-74.47 E0.03402
G1 F X-34.69 Y-0.36 Z8.66 U90.56 V-74.18 E0.03402
G1 F X-34.5 Y-0.36 Z8.66 U90.56 V-73.88 E0.03402
G1 F X-34.3 Y-0.36 Z8.67 U90.56 V-73.57 E0.03402
G1 F X-34.11 Y-0.36 Z8.67 U90.56 V-73.27 E0.03402
G1 F X-33.91 Y-0.36 Z8.67 U90.56 V-72.97 E0.03402
G1 F X-33.72 Y-0.36 Z8.67 U90.56 V-72.66 E0.03402
G1 F X-33.53 Y-0.36 Z8.67 U90.57 V-72.36 E0.03402
G1 F X-33.33 Y-0.36 Z8.67 U90.57 V-72.05 E0.03402
G1 F X-33.14 Y-0.36 Z8.67 U90.57 V-71.74 E0.03402
G1 F X-32.95 Y-0.36 Z8.67 U90.57 V-71.43 E0.03402
G1 F X-32.75 Y-0.36 Z8.67 U90.57 V-71.12 E0.03402
G1 F X-32.56 Y-0.36 Z8.67 U90.58 V-70.81 E0.03402
G1 F X-32.37 Y-0.36 Z8.67 U90.58 V-70.49 E0.03402
G1 F X-32.18 Y-0.36 Z8.67 U90.58 V-70.18 E0.03402
G1 F X-31.98 Y-0.36 Z8.67 U90.59 V-69.86 E0.03402
G1 F X-31.79 Y-0.36 Z8.67 U90.59 V-69.55 E0.03402
G1 F X-31.6 Y-0.36 Z8.67 U90.59 V-69.23 E0.03402
G1 F X-31.4 Y-0.36 Z8.67 U90.59 V-68.91 E0.03402
G1 F X-31.21 Y-0.36 Z8.67 U90.6 V-68.59 E0.03402
G1 F X-31.02 Y-0.36 Z8.67 U90.6 V-68.27 E0.03402
G1 F X-30.83 Y-0.36 Z8.67 U90.6 V-67.95 E0.03402
G1 F X-30.63 Y-0.36 Z8.68 U90.61 V-67.63 E0.03402
G1 F X-30.44 Y-0.36 Z8.68 U90.61 V-67.3 E0.03402
G1 F X-30.25 Y-0.36 Z8.68 U90.61 V-66.98 E0.03402
G1 F X-30.06 Y-0.36 Z8.68 U90.61 V-66.66 E0.03402
G1 F X-29.86 Y-0.36 Z8.68 U90.61 V-66.33 E0.03402
G1 F X-29.67 Y-0.36 Z8.68 U90.61 V-66 E0.03402
G1 F X-29.48 Y-0.36 Z8.68 U90.62 V-65.68 E0.03402
G1 F X-29.28 Y-0.36 Z8.69 U90.62 V-65.35 E0.03402
G1 F X-29.09 Y-0.36 Z8.69 U90.62 V-65.02 E0.03402
G1 F X-28.9 Y-0.36 Z8.69 U90.62 V-64.69 E0.03402
G1 F X-28.72 Y-0.36 Z8.69 U90.62 V-64.4 E0.030576
G1 F X-28.72 Y-0.34 Z8.71 U90.58 V-64.39 E0.003444
G1 F X-28.67 Y-0.13 Z8.89 U90.23 V-64.35 E0.03402
G1 F X-28.61 Y0.07 Z9.06 U89.88 V-64.31 E0.03402
G1 F X-28.55 Y0.28 Z9.24 U89.52 V-64.27 E0.03402
G1 F X-28.53 Y0.36 Z9.3 U89.39 V-64.25 E0.01303
G1 F X-28.65 Y0.36 Z9.31 U89.39 V-64.45 E0.02099
G1 F X-28.84 Y0.36 Z9.31 U89.39 V-64.78 E0.03402
G1 F X-29.04 Y0.36 Z9.31 U89.39 V-65.11 E0.03402
G1 F X-29.23 Y0.36 Z9.31 U89.4 V-65.44 E0.03402
G1 F X-29.42 Y0.36 Z9.31 U89.4 V-65.77 E0.03402
G1 F X-29.62 Y0.36 Z9.31 U89.4 V-66.09 E0.03402
G1 F X-29.81 Y0.36 Z9.31 U89.4 V-66.42 E0.03402
G1 F X-30 Y0.36 Z9.31 U89.4 V-66.75 E0.03402
G1 F X-30.2 Y0.36 Z9.32 U89.4 V-67.07 E0.03402
G1 F X-30.39 Y0.36 Z9.32 U89.4 V-67.39 E0.03402
G1 F X-30.58 Y0.36 Z9.32 U89.4 V-67.72 E0.03402
G1 F X-30.78 Y0.36 Z9.32 U89.4 V-68.04 E0.03402
G1 F X-30.97 Y0.36 Z9.32 U89.4 V-68.36 E0.03402
G1 F X-31.16 Y0.36 Z9.32 U89.4 V-68.68 E0.03402
G1 F X-31.35 Y0.36 Z9.33 U89.4 V-69 E0.034019
G1 F X-31.55 Y0.36 Z9.33 U89.4 V-69.32 E0.03402
G1 F X-31.74 Y0.36 Z9.33 U89.41 V-69.64 E0.03402
G1 F X-31.93 Y0.36 Z9.33 U89.41 V-69.95 E0.03402
G1 F X-32.13 Y0.36 Z9.33 U89.41 V-70.27 E0.03402
G1 F X-32.32 Y0.36 Z9.33 U89.41 V-70.58 E0.03402
G1 F X-32.52 Y0.36 Z9.33 U89.41 V-70.9 E0.03402
G1 F X-32.71 Y0.36 Z9.34 U89.41 V-71.21 E0.03402
G1 F X-32.9 Y0.36 Z9.34 U89.41 V-71.52 E0.03402
G1 F X-33.1 Y0.36 Z9.34 U89.42 V-71.83 E0.03402
G1 F X-33.29 Y0.36 Z9.34 U89.42 V-72.14 E0.03402
G1 F X-33.49 Y0.36 Z9.34 U89.42 V-72.45 E0.03402
G1 F X-33.68 Y0.36 Z9.34 U89.43 V-72.76 E0.03402
G1 F X-33.87 Y0.36 Z9.34 U89.43 V-73.06 E0.03402
G1 F X-34.07 Y0.36 Z9.34 U89.43 V-73.36 E0.03402
G1 F X-34.26 Y0.36 Z9.34 U89.44 V-73.67 E0.03402
G1 F X-34.46 Y0.36 Z9.34 U89.44 V-73.97 E0.03402
G1 F X-34.65 Y0.36 Z9.34 U89.44 V-74.27 E0.03402
G1 F X-34.85 Y0.36 Z9.34 U89.45 V-74.56 E0.03402
G1 F X-35.04 Y0.36 Z9.34 U89.45 V-74.86 E0.03402
G1 F X-35.24 Y0.36 Z9.34 U89.46 V-75.16 E0.03402
G1 F X-35.43 Y0.36 Z9.33 U89.46 V-75.45 E0.03402
G1 F X-35.63 Y0.36 Z9.33 U89.46 V-75.74 E0.03402
G1 F X-35.82 Y0.36 Z9.33 U89.47 V-76.03 E0.03402
G1 F X-36.02 Y0.36 Z9.33 U89.47 V-76.32 E0.03402
G1 F X-36.21 Y0.36 Z9.33 U89.47 V-76.6 E0.03402
G1 F X-36.41 Y0.36 Z9.33 U89.48 V-76.89 E0.03402
G1 F X-36.6 Y0.36 Z9.33 U89.48 V-77.17 E0.03402
G1 F X-36.8 Y0.36 Z9.33 U89.49 V-77.45 E0.03402
G1 F X-36.99 Y0.36 Z9.33 U89.49 V-77.73 E0.03402
G1 F X-37.19 Y0.36 Z9.33 U89.49 V-78 E0.03402
G1 F X-37.38 Y0.36 Z9.33 U89.5 V-78.28 E0.034019
G1 F X-37.58 Y0.36 Z9.33 U89.5 V-78.55 E0.03402
G1 F X-37.77 Y0.36 Z9.33 U89.5 V-78.82 E0.03402
G1 F X-37.97 Y0.36 Z9.33 U89.5 V-79.09 E0.03402
G1 F X-38.16 Y0.36 Z9.33 U89.51 V-79.35 E0.03402
G1 F X-38.36 Y0.36 Z9.33 U89.51 V-79.62 E0.03402
G1 F X-38.56 Y0.36 Z9.33 U89.52 V-79.88 E0.03402
G1 F X-38.75 Y0.36 Z9.33 U89.52 V-80.14 E0.03402
G1 F X-38.95 Y0.36 Z9.32 U89.52 V-80.39 E0.03402
G1 F X-39.14 Y0.36 Z9.32 U89.53 V-80.65 E0.03402
G1 F X-39.34 Y0.36 Z9.32 U89.53 V-80.9 E0.03402
G1 F X-39.54 Y0.36 Z9.32 U89.54 V-81.15 E0.03402
G1 F X-39.73 Y0.36 Z9.32 U89.54 V-81.4 E0.03402
G1 F X-39.93 Y0.36 Z9.32 U89.55 V-81.64 E0.03402
G1 F X-40.13 Y0.36 Z9.31 U89.55 V-81.88 E0.03402
G1 F X-40.32 Y0.36 Z9.31 U89.56 V-82.12 E0.03402
G1 F X-40.52 Y0.36 Z9.31 U89.56 V-82.36 E0.03402
G1 F X-40.72 Y0.37 Z9.31 U89.57 V-82.59 E0.03402
G1 F X-40.92 Y0.37 Z9.3 U89.57 V-82.82 E0.03402
G1 F X-41.11 Y0.37 Z9.3 U89.58 V-83.05 E0.03402
G1 F X-41.31 Y0.37 Z9.3 U89.58 V-83.27 E0.03402
G1 F X-41.51 Y0.37 Z9.3 U89.59 V-83.5 E0.03402
G1 F X-41.71 Y0.37 Z9.29 U89.6 V-83.72 E0.03402
G1 F X-41.9 Y0.37 Z9.29 U89.6 V-83.93 E0.03402
G1 F X-42.1 Y0.37 Z9.29 U89.61 V-84.15 E0.03402
G1 F X-42.3 Y0.37 Z9.29 U89.61 V-84.36 E0.03402
G1 F X-42.5 Y0.37 Z9.28 U89.62 V-84.56 E0.03402
G1 F X-42.69 Y0.37 Z9.28 U89.63 V-84.77 E0.03402
G1 F X-42.89 Y0.37 Z9.28 U89.63 V-84.97 E0.03402
G1 F X-43.09 Y0.37 Z9.27 U89.64 V-85.17 E0.03402
G1 F X-43.29 Y0.37 Z9.27 U89.64 V-85.36 E0.034019
G1 F X-43.49 Y0.37 Z9.26 U89.65 V-85.55 E0.034019
G1 F X-43.69 Y0.37 Z9.26 U89.66 V-85.74 E0.034019
G1 F X-43.88 Y0.37 Z9.26 U89.66 V-85.92 E0.034019
G1 F X-44.08 Y0.37 Z9.25 U89.67 V-86.11 E0.034019
G1 F X-44.28 Y0.37 Z9.25 U89.68 V-86.28 E0.034019
G1 F X-44.48 Y0.37 Z9.25 U89.68 V-86.46 E0.03402
G1 F X-44.68 Y0.37 Z9.24 U89.69 V-86.63 E0.03402
G1 F X-44.88 Y0.37 Z9.24 U89.7 V-86.79 E0.03402
G1 F X-45.08 Y0.37 Z9.23 U89.7 V-86.96 E0.03402
G1 F X-45.28 Y0.37 Z9.23 U89.71 V-87.12 E0.03402
G1 F X-45.48 Y0.37 Z9.22 U89.72 V-87.27 E0.03402
G1 F X-45.67 Y0.37 Z9.22 U89.72 V-87.42 E0.03402
G1 F X-45.87 Y0.37 Z9.22 U89.73 V-87.57 E0.03402
G1 F X-46.07 Y0.37 Z9.21 U89.74 V-87.72 E0.03402
G1 F X-46.27 Y0.37 Z9.21 U89.74 V-87.86 E0.03402
G1 F X-46.47 Y0.37 Z9.2 U89.75 V-87.99 E0.03402
G1 F X-46.67 Y0.37 Z9.2 U89.76 V-88.12 E0.03402
G1 F X-46.87 Y0.37 Z9.19 U89.76 V-88.25 E0.03402
G1 F X-47.07 Y0.37 Z9.19 U89.77 V-88.37 E0.03402
G1 F X-47.27 Y0.37 Z9.18 U89.78 V-88.49 E0.03402
G1 F X-47.34 Y0.37 Z9.18 U89.78 V-88.53 E0.010859
G1 F X-47.35 Y0.23 Z9.11 U89.86 V-88.53 E0.02316
G1 F X-47.37 Y0.03 Z9.02 U89.98 V-88.54 E0.03402
G1 F X-47.38 Y-0.17 Z8.92 U90.09 V-88.54 E0.03402
G1 F X-47.4 Y-0.37 Z8.83 U90.21 V-88.55 E0.03402
G1 F300 E-1.00 ;Filament Retraction!!
G1 F X-47.4 Y-0.37 Z9.03 U90.21 V-88.55 E0
G1 F X-47.66 Y-0.79 Z8.84 U90.44 V-88.68 E0
G1 F300 E1.1;Filament (De)-Retraction!!
G1 F X-47.66 Y-0.79 Z8.64 U90.44 V-88.68 E0
G1 F X-47.46 Y-0.79 Z8.63 U90.45 V-88.57 E0.034049
G1 F X-47.27 Y-0.79 Z8.61 U90.47 V-88.46 E0.034049
G1 F X-47.07 Y-0.79 Z8.6 U90.49 V-88.34 E0.034049
G1 F X-46.87 Y-0.79 Z8.59 U90.5 V-88.21 E0.034049
G1 F X-46.68 Y-0.79 Z8.58 U90.52 V-88.08 E0.034049
G1 F X-46.48 Y-0.79 Z8.56 U90.54 V-87.95 E0.034049
G1 F X-46.28 Y-0.79 Z8.55 U90.55 V-87.81 E0.034049
G1 F X-46.09 Y-0.79 Z8.54 U90.57 V-87.67 E0.034049
G1 F X-45.89 Y-0.79 Z8.53 U90.59 V-87.53 E0.034049
G1 F X-45.7 Y-0.79 Z8.52 U90.6 V-87.38 E0.034049
G1 F X-45.5 Y-0.79 Z8.51 U90.62 V-87.23 E0.034049
G1 F X-45.3 Y-0.79 Z8.5 U90.63 V-87.08 E0.034049
G1 F X-45.11 Y-0.79 Z8.49 U90.65 V-86.92 E0.034049
G1 F X-44.91 Y-0.79 Z8.48 U90.67 V-86.75 E0.034049
G1 F X-44.72 Y-0.79 Z8.47 U90.68 V-86.59 E0.034049
G1 F X-44.52 Y-0.79 Z8.46 U90.7 V-86.42 E0.034049
G1 F X-44.33 Y-0.79 Z8.45 U90.71 V-86.24 E0.034049
G1 F X-44.13 Y-0.79 Z8.44 U90.72 V-86.07 E0.034049
G1 F X-43.93 Y-0.8 Z8.43 U90.74 V-85.89 E0.034049
G1 F X-43.74 Y-0.8 Z8.43 U90.75 V-85.7 E0.034049
G1 F X-43.54 Y-0.8 Z8.42 U90.77 V-85.52 E0.034049
G1 F X-43.35 Y-0.8 Z8.41 U90.78 V-85.32 E0.034049
G1 F X-43.15 Y-0.8 Z8.4 U90.79 V-85.13 E0.034049
G1 F X-42.96 Y-0.8 Z8.39 U90.81 V-84.93 E0.034049
G1 F X-42.76 Y-0.8 Z8.39 U90.82 V-84.73 E0.034049
G1 F X-42.57 Y-0.8 Z8.38 U90.83 V-84.53 E0.034049
G1 F X-42.37 Y-0.8 Z8.37 U90.85 V-84.32 E0.034049
G1 F X-42.18 Y-0.8 Z8.37 U90.86 V-84.11 E0.034049
G1 F X-41.98 Y-0.8 Z8.36 U90.87 V-83.9 E0.034049
G1 F X-41.79 Y-0.8 Z8.36 U90.88 V-83.68 E0.034049
G1 F X-41.59 Y-0.8 Z8.35 U90.9 V-83.47 E0.034049
G1 F X-41.4 Y-0.8 Z8.34 U90.91 V-83.24 E0.034049
G1 F X-41.2 Y-0.8 Z8.34 U90.92 V-83.02 E0.034049
G1 F X-41.01 Y-0.8 Z8.33 U90.93 V-82.79 E0.034049
G1 F X-40.81 Y-0.8 Z8.33 U90.94 V-82.56 E0.034049
G1 F X-40.62 Y-0.8 Z8.32 U90.95 V-82.33 E0.034049
G1 F X-40.42 Y-0.8 Z8.32 U90.97 V-82.09 E0.034049
G1 F X-40.23 Y-0.8 Z8.31 U90.98 V-81.86 E0.034049
G1 F X-40.03 Y-0.8 Z8.31 U90.99 V-81.62 E0.034049
G1 F X-39.84 Y-0.8 Z8.31 U91 V-81.37 E0.034049
G1 F X-39.64 Y-0.8 Z8.3 U91.01 V-81.13 E0.034049
G1 F X-39.45 Y-0.8 Z8.3 U91.02 V-80.88 E0.034049
G1 F X-39.26 Y-0.8 Z8.29 U91.03 V-80.63 E0.034049
G1 F X-39.06 Y-0.8 Z8.29 U91.04 V-80.38 E0.034049
G1 F X-38.87 Y-0.8 Z8.29 U91.05 V-80.12 E0.03405
G1 F X-38.67 Y-0.8 Z8.28 U91.06 V-79.86 E0.034049
G1 F X-38.48 Y-0.8 Z8.28 U91.07 V-79.6 E0.034049
G1 F X-38.29 Y-0.8 Z8.28 U91.08 V-79.34 E0.034049
G1 F X-38.09 Y-0.8 Z8.27 U91.1 V-79.07 E0.034049
G1 F X-37.9 Y-0.8 Z8.27 U91.11 V-78.81 E0.034049
G1 F X-37.7 Y-0.8 Z8.27 U91.12 V-78.54 E0.034049
G1 F X-37.51 Y-0.8 Z8.26 U91.13 V-78.27 E0.034049
G1 F X-37.32 Y-0.8 Z8.26 U91.14 V-77.99 E0.034049
G1 F X-37.12 Y-0.8 Z8.26 U91.15 V-77.72 E0.034049
G1 F X-36.93 Y-0.8 Z8.26 U91.16 V-77.44 E0.034049
G1 F X-36.74 Y-0.8 Z8.25 U91.16 V-77.16 E0.034049
G1 F X-36.54 Y-0.8 Z8.25 U91.17 V-76.88 E0.034049
G1 F X-36.35 Y-0.8 Z8.25 U91.18 V-76.6 E0.034049
G1 F X-36.16 Y-0.8 Z8.25 U91.19 V-76.31 E0.034049
G1 F X-35.96 Y-0.8 Z8.25 U91.2 V-76.03 E0.034049
G1 F X-35.77 Y-0.8 Z8.25 U91.2 V-75.74 E0.034049
G1 F X-35.58 Y-0.8 Z8.25 U91.21 V-75.45 E0.034049
G1 F X-35.38 Y-0.8 Z8.25 U91.22 V-75.16 E0.034049
G1 F X-35.19 Y-0.8 Z8.25 U91.22 V-74.86 E0.034049
G1 F X-35 Y-0.8 Z8.25 U91.23 V-74.57 E0.034049
G1 F X-34.8 Y-0.8 Z8.25 U91.24 V-74.27 E0.034049
G1 F X-34.61 Y-0.8 Z8.25 U91.24 V-73.97 E0.034049
G1 F X-34.42 Y-0.81 Z8.25 U91.25 V-73.67 E0.034049
G1 F X-34.22 Y-0.81 Z8.25 U91.25 V-73.37 E0.034049
G1 F X-34.03 Y-0.81 Z8.25 U91.26 V-73.07 E0.034049
G1 F X-33.84 Y-0.81 Z8.25 U91.27 V-72.76 E0.034049
G1 F X-33.64 Y-0.81 Z8.25 U91.27 V-72.46 E0.034049
G1 F X-33.45 Y-0.81 Z8.26 U91.28 V-72.15 E0.034049
G1 F X-33.26 Y-0.81 Z8.26 U91.28 V-71.84 E0.034049
G1 F X-33.07 Y-0.81 Z8.26 U91.29 V-71.53 E0.034049
G1 F X-32.87 Y-0.81 Z8.26 U91.29 V-71.22 E0.034049
G1 F X-32.68 Y-0.81 Z8.26 U91.3 V-70.91 E0.034049
G1 F X-32.49 Y-0.81 Z8.26 U91.3 V-70.6 E0.034049
G1 F X-32.29 Y-0.81 Z8.26 U91.31 V-70.28 E0.034049
G1 F X-32.1 Y-0.81 Z8.26 U91.32 V-69.97 E0.034049
G1 F X-31.91 Y-0.81 Z8.27 U91.32 V-69.65 E0.034049
G1 F X-31.72 Y-0.81 Z8.27 U91.33 V-69.33 E0.034049
G1 F X-31.52 Y-0.81 Z8.27 U91.33 V-69.01 E0.034049
G1 F X-31.33 Y-0.81 Z8.27 U91.34 V-68.7 E0.034049
G1 F X-31.14 Y-0.81 Z8.27 U91.34 V-68.38 E0.034049
G1 F X-30.95 Y-0.81 Z8.27 U91.35 V-68.05 E0.034049
G1 F X-30.75 Y-0.81 Z8.27 U91.36 V-67.73 E0.034049
G1 F X-30.56 Y-0.81 Z8.28 U91.36 V-67.41 E0.034049
G1 F X-30.37 Y-0.81 Z8.28 U91.36 V-67.09 E0.034049
G1 F X-30.18 Y-0.81 Z8.28 U91.37 V-66.76 E0.034049
G1 F X-29.98 Y-0.81 Z8.28 U91.37 V-66.44 E0.034049
G1 F X-29.79 Y-0.81 Z8.29 U91.37 V-66.11 E0.034049
G1 F X-29.6 Y-0.81 Z8.29 U91.38 V-65.78 E0.034049
G1 F X-29.41 Y-0.81 Z8.29 U91.38 V-65.46 E0.034049
G1 F X-29.21 Y-0.81 Z8.3 U91.38 V-65.13 E0.034049
G1 F X-29.02 Y-0.81 Z8.3 U91.38 V-64.8 E0.034049
G1 F X-28.83 Y-0.81 Z8.31 U91.38 V-64.47 E0.034049
G1 F X-28.64 Y-0.81 Z8.31 U91.38 V-64.14 E0.034049
G1 F X-28.44 Y-0.81 Z8.31 U91.38 V-63.81 E0.034049
G1 F X-28.42 Y-0.81 Z8.31 U91.38 V-63.77 E0.004307
G1 F X-28.37 Y-0.63 Z8.47 U91.08 V-63.73 E0.029742
G1 F X-28.32 Y-0.42 Z8.64 U90.72 V-63.69 E0.034049
G1 F X-28.27 Y-0.22 Z8.82 U90.37 V-63.65 E0.034049
G1 F X-28.21 Y-0.01 Z8.99 U90.02 V-63.61 E0.034049
G1 F X-28.16 Y0.2 Z9.17 U89.66 V-63.57 E0.034049
G1 F X-28.1 Y0.4 Z9.34 U89.31 V-63.52 E0.034049
G1 F X-28.04 Y0.61 Z9.51 U88.95 V-63.48 E0.034049
G1 F X-27.98 Y0.81 Z9.68 U88.61 V-63.44 E0.032688
G1 F X-28.19 Y0.81 Z9.68 U88.62 V-63.78 E0.035411
G1 F X-28.38 Y0.81 Z9.68 U88.62 V-64.11 E0.034049
G1 F X-28.57 Y0.81 Z9.69 U88.62 V-64.44 E0.034049
G1 F X-28.77 Y0.81 Z9.69 U88.63 V-64.77 E0.034049
G1 F X-28.96 Y0.81 Z9.69 U88.63 V-65.1 E0.034049
G1 F X-29.15 Y0.81 Z9.7 U88.63 V-65.43 E0.034049
G1 F X-29.35 Y0.81 Z9.7 U88.64 V-65.76 E0.034049
G1 F X-29.54 Y0.81 Z9.7 U88.64 V-66.09 E0.034049
G1 F X-29.73 Y0.81 Z9.71 U88.64 V-66.41 E0.034049
G1 F X-29.93 Y0.81 Z9.71 U88.65 V-66.74 E0.034049
G1 F X-30.12 Y0.81 Z9.71 U88.65 V-67.06 E0.034049
G1 F X-30.31 Y0.81 Z9.71 U88.65 V-67.39 E0.034049
G1 F X-30.51 Y0.81 Z9.72 U88.66 V-67.71 E0.034049
G1 F X-30.7 Y0.81 Z9.72 U88.66 V-68.04 E0.034049
G1 F X-30.89 Y0.81 Z9.72 U88.66 V-68.36 E0.034049
G1 F X-31.09 Y0.81 Z9.73 U88.66 V-68.68 E0.034049
G1 F X-31.28 Y0.81 Z9.73 U88.67 V-69 E0.034049
G1 F X-31.48 Y0.81 Z9.73 U88.67 V-69.32 E0.034049
G1 F X-31.67 Y0.81 Z9.74 U88.67 V-69.64 E0.034049
G1 F X-31.86 Y0.81 Z9.74 U88.68 V-69.95 E0.034049
G1 F X-32.06 Y0.81 Z9.74 U88.68 V-70.27 E0.034049
G1 F X-32.25 Y0.81 Z9.74 U88.69 V-70.58 E0.034049
G1 F X-32.45 Y0.81 Z9.74 U88.69 V-70.9 E0.034049
G1 F X-32.64 Y0.81 Z9.74 U88.7 V-71.21 E0.034049
G1 F X-32.84 Y0.81 Z9.75 U88.7 V-71.52 E0.034049
G1 F X-33.03 Y0.81 Z9.75 U88.71 V-71.84 E0.034049
G1 F X-33.23 Y0.81 Z9.75 U88.71 V-72.14 E0.034049
G1 F X-33.42 Y0.81 Z9.75 U88.72 V-72.45 E0.034049
G1 F X-33.61 Y0.81 Z9.75 U88.73 V-72.76 E0.034049
G1 F X-33.81 Y0.81 Z9.75 U88.73 V-73.07 E0.034049
G1 F X-34.01 Y0.81 Z9.75 U88.74 V-73.37 E0.034049
G1 F X-34.2 Y0.81 Z9.75 U88.75 V-73.67 E0.034049
G1 F X-34.4 Y0.81 Z9.75 U88.76 V-73.98 E0.034049
G1 F X-34.59 Y0.81 Z9.75 U88.76 V-74.28 E0.034049
G1 F X-34.79 Y0.8 Z9.75 U88.77 V-74.57 E0.034049
G1 F X-34.98 Y0.8 Z9.75 U88.78 V-74.87 E0.034049
G1 F X-35.18 Y0.8 Z9.75 U88.79 V-75.17 E0.034049
G1 F X-35.37 Y0.8 Z9.74 U88.8 V-75.46 E0.034049
G1 F X-35.57 Y0.8 Z9.74 U88.8 V-75.75 E0.034049
G1 F X-35.77 Y0.8 Z9.74 U88.81 V-76.04 E0.034049
G1 F X-35.96 Y0.8 Z9.74 U88.82 V-76.33 E0.034049
G1 F X-36.16 Y0.8 Z9.74 U88.83 V-76.62 E0.034049
G1 F X-36.35 Y0.8 Z9.74 U88.84 V-76.9 E0.034049
G1 F X-36.55 Y0.8 Z9.74 U88.85 V-77.18 E0.034049
G1 F X-36.75 Y0.8 Z9.74 U88.86 V-77.47 E0.034049
G1 F X-36.94 Y0.8 Z9.73 U88.86 V-77.74 E0.034049
G1 F X-37.14 Y0.8 Z9.73 U88.87 V-78.02 E0.034049
G1 F X-37.34 Y0.8 Z9.73 U88.88 V-78.3 E0.034049
G1 F X-37.53 Y0.8 Z9.73 U88.89 V-78.57 E0.034049
G1 F X-37.73 Y0.8 Z9.73 U88.9 V-78.84 E0.034049
G1 F X-37.93 Y0.8 Z9.72 U88.91 V-79.11 E0.034049
G1 F X-38.12 Y0.8 Z9.72 U88.92 V-79.37 E0.034049
G1 F X-38.32 Y0.8 Z9.72 U88.93 V-79.64 E0.034049
G1 F X-38.52 Y0.8 Z9.72 U88.94 V-79.9 E0.034049
G1 F X-38.71 Y0.8 Z9.71 U88.95 V-80.16 E0.034049
G1 F X-38.91 Y0.8 Z9.71 U88.96 V-80.42 E0.034049
G1 F X-39.11 Y0.8 Z9.71 U88.97 V-80.67 E0.034049
G1 F X-39.31 Y0.8 Z9.7 U88.98 V-80.92 E0.034049
G1 F X-39.5 Y0.8 Z9.7 U88.99 V-81.17 E0.034049
G1 F X-39.7 Y0.8 Z9.69 U89 V-81.42 E0.034049
G1 F X-39.9 Y0.8 Z9.69 U89.01 V-81.66 E0.034049
G1 F X-40.1 Y0.8 Z9.69 U89.02 V-81.91 E0.034049
G1 F X-40.3 Y0.8 Z9.68 U89.03 V-82.15 E0.034049
G1 F X-40.49 Y0.8 Z9.68 U89.04 V-82.38 E0.034049
G1 F X-40.69 Y0.8 Z9.67 U89.06 V-82.62 E0.034049
G1 F X-40.89 Y0.8 Z9.67 U89.07 V-82.85 E0.034049
G1 F X-41.09 Y0.8 Z9.66 U89.08 V-83.08 E0.034049
G1 F X-41.29 Y0.8 Z9.65 U89.09 V-83.3 E0.034049
G1 F X-41.49 Y0.8 Z9.65 U89.11 V-83.53 E0.034049
G1 F X-41.69 Y0.8 Z9.64 U89.12 V-83.75 E0.034049
G1 F X-41.89 Y0.8 Z9.63 U89.13 V-83.96 E0.034049
G1 F X-42.08 Y0.8 Z9.63 U89.15 V-84.18 E0.034049
G1 F X-42.28 Y0.8 Z9.62 U89.16 V-84.39 E0.034049
G1 F X-42.48 Y0.8 Z9.61 U89.17 V-84.59 E0.034049
G1 F X-42.68 Y0.8 Z9.61 U89.19 V-84.8 E0.034049
G1 F X-42.88 Y0.8 Z9.6 U89.2 V-85 E0.034049
G1 F X-43.08 Y0.8 Z9.59 U89.21 V-85.2 E0.034049
G1 F X-43.28 Y0.8 Z9.58 U89.23 V-85.39 E0.034049
G1 F X-43.48 Y0.8 Z9.58 U89.24 V-85.58 E0.034049
G1 F X-43.68 Y0.8 Z9.57 U89.26 V-85.77 E0.034049
G1 F X-43.88 Y0.8 Z9.56 U89.27 V-85.96 E0.034049
G1 F X-44.08 Y0.8 Z9.55 U89.29 V-86.14 E0.034049
G1 F X-44.28 Y0.79 Z9.54 U89.3 V-86.32 E0.034049
G1 F X-44.48 Y0.79 Z9.53 U89.32 V-86.49 E0.034049
G1 F X-44.68 Y0.79 Z9.52 U89.33 V-86.66 E0.034049
G1 F X-44.88 Y0.79 Z9.51 U89.35 V-86.83 E0.034049
G1 F X-45.08 Y0.79 Z9.5 U89.36 V-86.99 E0.034049
G1 F X-45.29 Y0.79 Z9.49 U89.38 V-87.15 E0.034049
G1 F X-45.49 Y0.79 Z9.48 U89.39 V-87.3 E0.034049
G1 F X-45.69 Y0.79 Z9.47 U89.41 V-87.45 E0.034049
G1 F X-45.89 Y0.79 Z9.46 U89.42 V-87.6 E0.034049
G1 F X-46.09 Y0.79 Z9.45 U89.44 V-87.75 E0.034049
G1 F X-46.29 Y0.79 Z9.44 U89.45 V-87.89 E0.03405
G1 F X-46.49 Y0.79 Z9.43 U89.47 V-88.02 E0.034049
G1 F X-46.69 Y0.79 Z9.42 U89.48 V-88.15 E0.034049
G1 F X-46.89 Y0.79 Z9.41 U89.5 V-88.28 E0.034049
G1 F X-47.1 Y0.79 Z9.4 U89.52 V-88.4 E0.034049
G1 F X-47.3 Y0.79 Z9.38 U89.53 V-88.52 E0.034049
G1 F X-47.5 Y0.79 Z9.37 U89.55 V-88.64 E0.034049
G1 F X-47.7 Y0.79 Z9.36 U89.57 V-88.75 E0.034049
G1 F X-47.72 Y0.79 Z9.36 U89.57 V-88.76 E0.003383
G1 F X-47.74 Y0.61 Z9.28 U89.67 V-88.76 E0.030667
G1 F X-47.75 Y0.41 Z9.19 U89.78 V-88.77 E0.034049
G1 F X-47.77 Y0.21 Z9.1 U89.88 V-88.77 E0.034049
G1 F X-47.79 Y0.01 Z9.01 U89.99 V-88.77 E0.034049
G1 F X-47.81 Y-0.19 Z8.92 U90.1 V-88.78 E0.034049
G1 F X-47.82 Y-0.39 Z8.83 U90.21 V-88.78 E0.034049
G1 F X-47.84 Y-0.59 Z8.74 U90.31 V-88.79 E0.034049
G1 F X-47.85 Y-0.79 Z8.65 U90.42 V-88.79 E0.034049
G1 F300 E-1.00 ;Filament Retraction!!
G1 F X-47.85 Y-0.79 Z8.85 U90.42 V-88.79 E0
G1 F X-47.22 Y-0.37 Z13.02 U90.22 V-88.44 E0
G1 F300 E1.1;Filament (De)-Retraction!!
G1 F300 E-1.00 ;Filament Retraction!!
G1 F X-47.22 Y-0.37 Z12.82 U90.22 V-88.44 E0
G1 F X-47.03 Y-0.37 Z12.81 U90.23 V-88.32 E0.034027
G1 F300 E1.1;Filament (De)-Retraction!!
G1 F X-46.83 Y-0.37 Z12.81 U90.23 V-88.2 E0.034027
G1 F X-46.63 Y-0.37 Z12.8 U90.24 V-88.07 E0.034027
G1 F X-46.44 Y-0.37 Z12.8 U90.25 V-87.94 E0.034027
G1 F X-46.24 Y-0.37 Z12.79 U90.26 V-87.8 E0.034027
G1 F X-46.05 Y-0.37 Z12.79 U90.27 V-87.66 E0.034027
G1 F X-45.85 Y-0.37 Z12.78 U90.27 V-87.52 E0.034027
G1 F X-45.66 Y-0.37 Z12.78 U90.28 V-87.37 E0.034027
G1 F X-45.46 Y-0.37 Z12.77 U90.29 V-87.22 E0.034027
G1 F X-45.27 Y-0.37 Z12.77 U90.29 V-87.07 E0.034027
G1 F X-45.07 Y-0.37 Z12.76 U90.3 V-86.91 E0.034027
G1 F X-44.88 Y-0.37 Z12.76 U90.31 V-86.75 E0.034027
G1 F X-44.68 Y-0.37 Z12.75 U90.32 V-86.58 E0.034027
G1 F X-44.49 Y-0.37 Z12.75 U90.32 V-86.42 E0.034027
G1 F X-44.29 Y-0.37 Z12.75 U90.33 V-86.24 E0.034027
G1 F X-44.1 Y-0.37 Z12.74 U90.34 V-86.07 E0.034027
G1 F X-43.9 Y-0.37 Z12.74 U90.34 V-85.89 E0.034027
G1 F X-43.71 Y-0.37 Z12.73 U90.35 V-85.71 E0.034027
G1 F X-43.52 Y-0.37 Z12.73 U90.35 V-85.52 E0.034027
G1 F X-43.32 Y-0.37 Z12.73 U90.36 V-85.33 E0.034027
G1 F X-43.13 Y-0.37 Z12.72 U90.37 V-85.14 E0.034027
G1 F X-42.94 Y-0.37 Z12.72 U90.37 V-84.95 E0.034027
G1 F X-42.74 Y-0.37 Z12.72 U90.38 V-84.75 E0.034027
G1 F X-42.55 Y-0.37 Z12.72 U90.38 V-84.55 E0.034027
G1 F X-42.36 Y-0.37 Z12.71 U90.39 V-84.35 E0.034027
G1 F X-42.16 Y-0.37 Z12.71 U90.39 V-84.14 E0.034027
G1 F X-41.97 Y-0.37 Z12.71 U90.4 V-83.93 E0.034027
G1 F X-41.78 Y-0.37 Z12.71 U90.4 V-83.72 E0.034027
G1 F X-41.59 Y-0.36 Z12.7 U90.41 V-83.5 E0.034027
G1 F X-41.39 Y-0.36 Z12.7 U90.41 V-83.29 E0.034027
G1 F X-41.2 Y-0.36 Z12.7 U90.42 V-83.07 E0.034027
G1 F X-41.01 Y-0.36 Z12.7 U90.42 V-82.84 E0.034027
G1 F X-40.82 Y-0.36 Z12.69 U90.43 V-82.62 E0.034027
G1 F X-40.63 Y-0.36 Z12.69 U90.43 V-82.39 E0.034027
G1 F X-40.43 Y-0.36 Z12.69 U90.44 V-82.16 E0.034027
G1 F X-40.24 Y-0.36 Z12.69 U90.44 V-81.93 E0.034027
G1 F X-40.05 Y-0.36 Z12.69 U90.45 V-81.69 E0.034027
G1 F X-39.86 Y-0.36 Z12.69 U90.45 V-81.45 E0.034027
G1 F X-39.67 Y-0.36 Z12.68 U90.46 V-81.21 E0.034027
G1 F X-39.48 Y-0.36 Z12.68 U90.46 V-80.97 E0.034027
G1 F X-39.29 Y-0.36 Z12.68 U90.47 V-80.72 E0.034027
G1 F X-39.1 Y-0.36 Z12.68 U90.47 V-80.48 E0.034027
G1 F X-38.91 Y-0.36 Z12.68 U90.47 V-80.23 E0.034027
G1 F X-38.71 Y-0.36 Z12.68 U90.48 V-79.98 E0.034027
G1 F X-38.52 Y-0.36 Z12.68 U90.48 V-79.72 E0.034027
G1 F X-38.33 Y-0.36 Z12.67 U90.49 V-79.47 E0.034027
G1 F X-38.14 Y-0.36 Z12.67 U90.49 V-79.21 E0.034027
G1 F X-37.95 Y-0.36 Z12.67 U90.5 V-78.95 E0.034027
G1 F X-37.77 Y-0.36 Z12.67 U90.5 V-78.69 E0.034027
G1 F X-37.58 Y-0.36 Z12.67 U90.51 V-78.43 E0.034027
G1 F X-37.39 Y-0.36 Z12.67 U90.51 V-78.16 E0.034027
G1 F X-37.2 Y-0.36 Z12.67 U90.52 V-77.89 E0.034027
G1 F X-37.01 Y-0.36 Z12.66 U90.52 V-77.62 E0.034027
G1 F X-36.82 Y-0.36 Z12.66 U90.52 V-77.35 E0.034027
G1 F X-36.63 Y-0.36 Z12.66 U90.53 V-77.08 E0.034027
G1 F X-36.44 Y-0.36 Z12.66 U90.53 V-76.81 E0.034027
G1 F X-36.25 Y-0.36 Z12.66 U90.54 V-76.53 E0.034027
G1 F X-36.06 Y-0.36 Z12.66 U90.54 V-76.25 E0.034027
G1 F X-35.87 Y-0.36 Z12.66 U90.54 V-75.97 E0.034027
G1 F X-35.69 Y-0.36 Z12.66 U90.54 V-75.69 E0.034027
G1 F X-35.5 Y-0.36 Z12.66 U90.55 V-75.41 E0.034027
G1 F X-35.31 Y-0.36 Z12.66 U90.55 V-75.12 E0.034027
G1 F X-35.12 Y-0.36 Z12.66 U90.55 V-74.84 E0.034027
G1 F X-34.93 Y-0.36 Z12.66 U90.55 V-74.55 E0.034027
G1 F X-34.74 Y-0.36 Z12.66 U90.55 V-74.26 E0.034027
G1 F X-34.56 Y-0.36 Z12.67 U90.56 V-73.97 E0.034027
G1 F X-34.37 Y-0.36 Z12.67 U90.56 V-73.68 E0.034027
G1 F X-34.18 Y-0.36 Z12.67 U90.56 V-73.39 E0.034027
G1 F X-33.99 Y-0.36 Z12.67 U90.56 V-73.09 E0.034027
G1 F X-33.8 Y-0.36 Z12.67 U90.56 V-72.8 E0.034027
G1 F X-33.62 Y-0.36 Z12.67 U90.56 V-72.5 E0.034027
G1 F X-33.43 Y-0.36 Z12.67 U90.57 V-72.2 E0.034027
G1 F X-33.24 Y-0.36 Z12.67 U90.57 V-71.9 E0.034027
G1 F X-33.05 Y-0.36 Z12.67 U90.57 V-71.6 E0.034027
G1 F X-32.87 Y-0.36 Z12.67 U90.57 V-71.3 E0.034027
G1 F X-32.68 Y-0.36 Z12.67 U90.57 V-71 E0.034027
G1 F X-32.49 Y-0.36 Z12.67 U90.58 V-70.7 E0.034027
G1 F X-32.31 Y-0.36 Z12.67 U90.58 V-70.39 E0.034027
G1 F X-32.12 Y-0.36 Z12.67 U90.58 V-70.09 E0.034027
G1 F X-31.93 Y-0.36 Z12.68 U90.58 V-69.78 E0.034027
G1 F X-31.75 Y-0.36 Z12.68 U90.59 V-69.48 E0.034027
G1 F X-31.56 Y-0.36 Z12.68 U90.59 V-69.17 E0.034027
G1 F X-31.37 Y-0.36 Z12.68 U90.59 V-68.86 E0.034027
G1 F X-31.19 Y-0.36 Z12.68 U90.6 V-68.55 E0.034027
G1 F X-31 Y-0.36 Z12.68 U90.6 V-68.24 E0.034027
G1 F X-30.82 Y-0.36 Z12.68 U90.6 V-67.93 E0.034027
G1 F X-30.63 Y-0.36 Z12.68 U90.61 V-67.62 E0.034027
G1 F X-30.44 Y-0.36 Z12.68 U90.61 V-67.31 E0.034027
G1 F X-30.26 Y-0.36 Z12.68 U90.61 V-67 E0.034027
G1 F X-30.07 Y-0.36 Z12.68 U90.61 V-66.68 E0.034027
G1 F X-29.88 Y-0.36 Z12.68 U90.61 V-66.37 E0.034027
G1 F X-29.7 Y-0.36 Z12.68 U90.61 V-66.05 E0.034027
G1 F X-29.51 Y-0.36 Z12.68 U90.61 V-65.74 E0.034027
G1 F X-29.33 Y-0.36 Z12.69 U90.61 V-65.42 E0.034027
G1 F X-29.14 Y-0.36 Z12.69 U90.61 V-65.1 E0.034027
G1 F X-28.95 Y-0.36 Z12.69 U90.61 V-64.79 E0.034027
G1 F X-28.77 Y-0.36 Z12.69 U90.61 V-64.47 E0.033873
G1 F X-28.68 Y-0.14 Z12.88 U90.24 V-64.38 E0.034182
G1 F X-28.6 Y0.08 Z13.07 U89.86 V-64.29 E0.034027
G1 F X-28.51 Y0.3 Z13.26 U89.48 V-64.2 E0.034027
G1 F X-28.49 Y0.36 Z13.3 U89.39 V-64.18 E0.008347
G1 F X-28.63 Y0.36 Z13.3 U89.39 V-64.42 E0.025681
G1 F X-28.82 Y0.36 Z13.3 U89.39 V-64.74 E0.034027
G1 F X-29 Y0.36 Z13.31 U89.4 V-65.06 E0.034027
G1 F X-29.19 Y0.36 Z13.31 U89.4 V-65.37 E0.034027
G1 F X-29.38 Y0.36 Z13.31 U89.4 V-65.69 E0.034027
G1 F X-29.56 Y0.36 Z13.31 U89.4 V-66 E0.034027
G1 F X-29.75 Y0.36 Z13.31 U89.4 V-66.32 E0.034027
G1 F X-29.94 Y0.36 Z13.31 U89.4 V-66.63 E0.034027
G1 F X-30.12 Y0.36 Z13.31 U89.41 V-66.95 E0.034027
G1 F X-30.31 Y0.36 Z13.31 U89.41 V-67.26 E0.034027
G1 F X-30.5 Y0.36 Z13.32 U89.41 V-67.58 E0.034027
G1 F X-30.68 Y0.36 Z13.32 U89.41 V-67.89 E0.034027
G1 F X-30.87 Y0.36 Z13.32 U89.41 V-68.2 E0.034027
G1 F X-31.06 Y0.36 Z13.32 U89.41 V-68.51 E0.034027
G1 F X-31.24 Y0.36 Z13.32 U89.41 V-68.82 E0.034027
G1 F X-31.43 Y0.36 Z13.33 U89.41 V-69.13 E0.034027
G1 F X-31.62 Y0.36 Z13.33 U89.41 V-69.44 E0.034027
G1 F X-31.81 Y0.36 Z13.33 U89.41 V-69.74 E0.034027
G1 F X-31.99 Y0.36 Z13.33 U89.41 V-70.05 E0.034027
G1 F X-32.18 Y0.36 Z13.33 U89.41 V-70.35 E0.034027
G1 F X-32.37 Y0.36 Z13.33 U89.41 V-70.66 E0.034027
G1 F X-32.56 Y0.36 Z13.33 U89.41 V-70.96 E0.034027
G1 F X-32.74 Y0.36 Z13.33 U89.42 V-71.27 E0.034027
G1 F X-32.93 Y0.36 Z13.34 U89.42 V-71.57 E0.034027
G1 F X-33.12 Y0.36 Z13.34 U89.42 V-71.87 E0.034027
G1 F X-33.31 Y0.36 Z13.34 U89.42 V-72.17 E0.034027
G1 F X-33.5 Y0.36 Z13.34 U89.43 V-72.47 E0.034027
G1 F X-33.69 Y0.36 Z13.34 U89.43 V-72.76 E0.034027
G1 F X-33.87 Y0.36 Z13.34 U89.43 V-73.06 E0.034027
G1 F X-34.06 Y0.36 Z13.34 U89.44 V-73.36 E0.034027
G1 F X-34.25 Y0.36 Z13.34 U89.44 V-73.65 E0.034027
G1 F X-34.44 Y0.36 Z13.34 U89.44 V-73.94 E0.034027
G1 F X-34.63 Y0.36 Z13.34 U89.45 V-74.23 E0.034027
G1 F X-34.82 Y0.36 Z13.33 U89.45 V-74.52 E0.034027
G1 F X-35.01 Y0.36 Z13.33 U89.45 V-74.81 E0.034027
G1 F X-35.2 Y0.36 Z13.33 U89.46 V-75.1 E0.034027
G1 F X-35.39 Y0.36 Z13.33 U89.46 V-75.38 E0.034027
G1 F X-35.58 Y0.36 Z13.33 U89.46 V-75.67 E0.034027
G1 F X-35.77 Y0.36 Z13.33 U89.47 V-75.95 E0.034027
G1 F X-35.96 Y0.36 Z13.33 U89.47 V-76.23 E0.034027
G1 F X-36.15 Y0.36 Z13.33 U89.48 V-76.51 E0.034027
G1 F X-36.34 Y0.36 Z13.33 U89.48 V-76.79 E0.034027
G1 F X-36.53 Y0.36 Z13.33 U89.48 V-77.07 E0.034027
G1 F X-36.72 Y0.36 Z13.33 U89.49 V-77.34 E0.034027
G1 F X-36.91 Y0.36 Z13.33 U89.49 V-77.61 E0.034027
G1 F X-37.1 Y0.36 Z13.33 U89.49 V-77.88 E0.034027
G1 F X-37.29 Y0.36 Z13.33 U89.5 V-78.15 E0.034027
G1 F X-37.48 Y0.36 Z13.33 U89.5 V-78.42 E0.034027
G1 F X-37.67 Y0.36 Z13.33 U89.5 V-78.68 E0.034027
G1 F X-37.86 Y0.36 Z13.33 U89.5 V-78.95 E0.034027
G1 F X-38.06 Y0.36 Z13.33 U89.51 V-79.21 E0.034027
G1 F X-38.25 Y0.36 Z13.33 U89.51 V-79.47 E0.034027
G1 F X-38.44 Y0.36 Z13.33 U89.51 V-79.72 E0.034027
G1 F X-38.63 Y0.36 Z13.33 U89.52 V-79.98 E0.034027
G1 F X-38.82 Y0.36 Z13.32 U89.52 V-80.23 E0.034027
G1 F X-39.02 Y0.36 Z13.32 U89.53 V-80.48 E0.034027
G1 F X-39.21 Y0.36 Z13.32 U89.53 V-80.73 E0.034027
G1 F X-39.4 Y0.36 Z13.32 U89.54 V-80.97 E0.034027
G1 F X-39.59 Y0.36 Z13.32 U89.54 V-81.22 E0.034027
G1 F X-39.79 Y0.36 Z13.32 U89.54 V-81.46 E0.034027
G1 F X-39.98 Y0.36 Z13.31 U89.55 V-81.7 E0.034027
G1 F X-40.17 Y0.36 Z13.31 U89.55 V-81.94 E0.034027
G1 F X-40.37 Y0.36 Z13.31 U89.56 V-82.17 E0.034027
G1 F X-40.56 Y0.36 Z13.31 U89.56 V-82.4 E0.034027
G1 F X-40.75 Y0.36 Z13.31 U89.57 V-82.63 E0.034027
G1 F X-40.95 Y0.36 Z13.3 U89.57 V-82.86 E0.034027
G1 F X-41.14 Y0.36 Z13.3 U89.58 V-83.08 E0.034027
G1 F X-41.34 Y0.36 Z13.3 U89.59 V-83.3 E0.034027
G1 F X-41.53 Y0.36 Z13.3 U89.59 V-83.52 E0.034027
G1 F X-41.73 Y0.36 Z13.29 U89.6 V-83.74 E0.034027
G1 F X-41.92 Y0.37 Z13.29 U89.6 V-83.95 E0.034027
G1 F X-42.12 Y0.37 Z13.29 U89.61 V-84.16 E0.034027
G1 F X-42.31 Y0.37 Z13.28 U89.61 V-84.37 E0.034027
G1 F X-42.51 Y0.37 Z13.28 U89.62 V-84.58 E0.034027
G1 F X-42.7 Y0.37 Z13.28 U89.63 V-84.78 E0.034027
G1 F X-42.9 Y0.37 Z13.27 U89.63 V-84.98 E0.034027
G1 F X-43.1 Y0.37 Z13.27 U89.64 V-85.17 E0.034027
G1 F X-43.29 Y0.37 Z13.27 U89.65 V-85.36 E0.034027
G1 F X-43.49 Y0.37 Z13.26 U89.65 V-85.55 E0.034027
G1 F X-43.68 Y0.37 Z13.26 U89.66 V-85.74 E0.034027
G1 F X-43.88 Y0.37 Z13.26 U89.66 V-85.92 E0.034027
G1 F X-44.08 Y0.37 Z13.25 U89.67 V-86.1 E0.034027
G1 F X-44.28 Y0.37 Z13.25 U89.68 V-86.28 E0.034027
G1 F X-44.47 Y0.37 Z13.25 U89.68 V-86.45 E0.034027
G1 F X-44.67 Y0.37 Z13.24 U89.69 V-86.62 E0.034027
G1 F X-44.87 Y0.37 Z13.24 U89.7 V-86.79 E0.034027
G1 F X-45.07 Y0.37 Z13.23 U89.7 V-86.95 E0.034027
G1 F X-45.26 Y0.37 Z13.23 U89.71 V-87.11 E0.034027
G1 F X-45.46 Y0.37 Z13.22 U89.72 V-87.26 E0.034027
G1 F X-45.66 Y0.37 Z13.22 U89.72 V-87.41 E0.034027
G1 F X-45.86 Y0.37 Z13.22 U89.73 V-87.56 E0.034027
G1 F X-46.06 Y0.37 Z13.21 U89.74 V-87.7 E0.034027
G1 F X-46.25 Y0.37 Z13.21 U89.74 V-87.84 E0.034027
G1 F X-46.45 Y0.37 Z13.2 U89.75 V-87.98 E0.034027
G1 F X-46.65 Y0.37 Z13.2 U89.76 V-88.11 E0.034027
G1 F X-46.85 Y0.37 Z13.19 U89.76 V-88.24 E0.034027
G1 F X-47.05 Y0.37 Z13.19 U89.77 V-88.36 E0.034027
G1 F X-47.25 Y0.37 Z13.18 U89.78 V-88.48 E0.034027
G1 F X-47.32 Y0.37 Z13.18 U89.78 V-88.52 E0.011862
G1 F X-47.34 Y0.24 Z13.12 U89.86 V-88.53 E0.022165
G1 F X-47.36 Y0.04 Z13.02 U89.98 V-88.54 E0.034027
G1 F X-47.39 Y-0.17 Z12.92 U90.09 V-88.55 E0.034027
G1 F X-47.42 Y-0.37 Z12.83 U90.21 V-88.56 E0.034027
G1 F X-47.42 Y-0.37 Z13.03 U90.21 V-88.56 E0
G1 F X-47.69 Y-0.8 Z12.84 U90.44 V-88.7 E0
G1 F300 E-1.00 ;Filament Retraction!!
G1 F X-47.69 Y-0.8 Z12.64 U90.44 V-88.7 E0
G1 F X-47.49 Y-0.8 Z12.63 U90.45 V-88.59 E0.03411
G1 F300 E1.1;Filament (De)-Retraction!!
G1 F X-47.3 Y-0.8 Z12.61 U90.47 V-88.48 E0.03411
G1 F X-47.1 Y-0.8 Z12.6 U90.49 V-88.36 E0.03411
G1 F X-46.91 Y-0.8 Z12.59 U90.5 V-88.24 E0.03411
G1 F X-46.72 Y-0.8 Z12.58 U90.52 V-88.11 E0.03411
G1 F X-46.52 Y-0.8 Z12.56 U90.54 V-87.98 E0.03411
G1 F X-46.33 Y-0.8 Z12.55 U90.55 V-87.85 E0.03411
G1 F X-46.13 Y-0.8 Z12.54 U90.57 V-87.71 E0.03411
G1 F X-45.94 Y-0.8 Z12.53 U90.59 V-87.57 E0.03411
G1 F X-45.75 Y-0.8 Z12.52 U90.6 V-87.42 E0.03411
G1 F X-45.55 Y-0.8 Z12.51 U90.62 V-87.27 E0.03411
G1 F X-45.36 Y-0.8 Z12.5 U90.64 V-87.12 E0.03411
G1 F X-45.17 Y-0.8 Z12.49 U90.65 V-86.96 E0.03411
G1 F X-44.97 Y-0.8 Z12.48 U90.67 V-86.8 E0.03411
G1 F X-44.78 Y-0.8 Z12.47 U90.68 V-86.64 E0.03411
G1 F X-44.59 Y-0.81 Z12.46 U90.7 V-86.48 E0.03411
G1 F X-44.39 Y-0.81 Z12.45 U90.72 V-86.31 E0.03411
G1 F X-44.2 Y-0.81 Z12.44 U90.73 V-86.13 E0.03411
G1 F X-44.01 Y-0.81 Z12.43 U90.74 V-85.96 E0.03411
G1 F X-43.82 Y-0.81 Z12.42 U90.76 V-85.78 E0.03411
G1 F X-43.62 Y-0.81 Z12.41 U90.77 V-85.59 E0.03411
G1 F X-43.43 Y-0.81 Z12.4 U90.79 V-85.41 E0.03411
G1 F X-43.24 Y-0.81 Z12.39 U90.8 V-85.22 E0.03411
G1 F X-43.05 Y-0.81 Z12.39 U90.82 V-85.02 E0.03411
G1 F X-42.85 Y-0.81 Z12.38 U90.83 V-84.83 E0.03411
G1 F X-42.66 Y-0.81 Z12.37 U90.84 V-84.63 E0.03411
G1 F X-42.47 Y-0.81 Z12.36 U90.86 V-84.43 E0.03411
G1 F X-42.28 Y-0.81 Z12.36 U90.87 V-84.22 E0.03411
G1 F X-42.09 Y-0.81 Z12.35 U90.88 V-84.02 E0.03411
G1 F X-41.9 Y-0.81 Z12.34 U90.9 V-83.81 E0.03411
G1 F X-41.71 Y-0.82 Z12.34 U90.91 V-83.59 E0.03411
G1 F X-41.51 Y-0.82 Z12.33 U90.92 V-83.38 E0.03411
G1 F X-41.32 Y-0.82 Z12.33 U90.93 V-83.16 E0.03411
G1 F X-41.13 Y-0.82 Z12.32 U90.95 V-82.94 E0.03411
G1 F X-40.94 Y-0.82 Z12.31 U90.96 V-82.72 E0.03411
G1 F X-40.75 Y-0.82 Z12.31 U90.97 V-82.49 E0.03411
G1 F X-40.56 Y-0.82 Z12.3 U90.98 V-82.26 E0.03411
G1 F X-40.37 Y-0.82 Z12.3 U91 V-82.03 E0.03411
G1 F X-40.18 Y-0.82 Z12.29 U91.01 V-81.8 E0.03411
G1 F X-39.99 Y-0.82 Z12.29 U91.02 V-81.56 E0.03411
G1 F X-39.8 Y-0.82 Z12.28 U91.03 V-81.32 E0.03411
G1 F X-39.61 Y-0.82 Z12.28 U91.04 V-81.08 E0.03411
G1 F X-39.42 Y-0.82 Z12.28 U91.05 V-80.84 E0.03411
G1 F X-39.23 Y-0.82 Z12.27 U91.06 V-80.59 E0.03411
G1 F X-39.04 Y-0.83 Z12.27 U91.08 V-80.35 E0.03411
G1 F X-38.85 Y-0.83 Z12.26 U91.09 V-80.1 E0.03411
G1 F X-38.66 Y-0.83 Z12.26 U91.1 V-79.84 E0.03411
G1 F X-38.47 Y-0.83 Z12.26 U91.11 V-79.59 E0.03411
G1 F X-38.29 Y-0.83 Z12.25 U91.12 V-79.33 E0.03411
G1 F X-38.1 Y-0.83 Z12.25 U91.13 V-79.08 E0.03411
G1 F X-37.91 Y-0.83 Z12.24 U91.14 V-78.82 E0.03411
G1 F X-37.72 Y-0.83 Z12.24 U91.16 V-78.56 E0.03411
G1 F X-37.53 Y-0.83 Z12.24 U91.17 V-78.29 E0.03411
G1 F X-37.34 Y-0.83 Z12.23 U91.18 V-78.03 E0.03411
G1 F X-37.15 Y-0.83 Z12.23 U91.19 V-77.76 E0.03411
G1 F X-36.97 Y-0.83 Z12.23 U91.2 V-77.49 E0.03411
G1 F X-36.78 Y-0.83 Z12.23 U91.21 V-77.22 E0.03411
G1 F X-36.59 Y-0.83 Z12.22 U91.22 V-76.95 E0.03411
G1 F X-36.4 Y-0.84 Z12.22 U91.23 V-76.67 E0.03411
G1 F X-36.21 Y-0.84 Z12.22 U91.23 V-76.39 E0.03411
G1 F X-36.03 Y-0.84 Z12.22 U91.24 V-76.12 E0.03411
G1 F X-35.84 Y-0.84 Z12.22 U91.25 V-75.84 E0.03411
G1 F X-35.65 Y-0.84 Z12.22 U91.26 V-75.55 E0.03411
G1 F X-35.46 Y-0.84 Z12.22 U91.27 V-75.27 E0.03411
G1 F X-35.28 Y-0.84 Z12.22 U91.27 V-74.99 E0.03411
G1 F X-35.09 Y-0.84 Z12.22 U91.28 V-74.7 E0.03411
G1 F X-34.9 Y-0.84 Z12.22 U91.29 V-74.41 E0.03411
G1 F X-34.71 Y-0.84 Z12.22 U91.3 V-74.12 E0.03411
G1 F X-34.53 Y-0.84 Z12.22 U91.3 V-73.83 E0.03411
G1 F X-34.34 Y-0.84 Z12.22 U91.31 V-73.54 E0.03411
G1 F X-34.15 Y-0.84 Z12.22 U91.31 V-73.25 E0.03411
G1 F X-33.96 Y-0.84 Z12.22 U91.32 V-72.96 E0.03411
G1 F X-33.78 Y-0.84 Z12.22 U91.33 V-72.66 E0.03411
G1 F X-33.59 Y-0.84 Z12.22 U91.33 V-72.36 E0.03411
G1 F X-33.4 Y-0.84 Z12.22 U91.34 V-72.07 E0.03411
G1 F X-33.22 Y-0.84 Z12.22 U91.35 V-71.77 E0.03411
G1 F X-33.03 Y-0.85 Z12.22 U91.35 V-71.47 E0.03411
G1 F X-32.84 Y-0.85 Z12.22 U91.36 V-71.17 E0.03411
G1 F X-32.66 Y-0.85 Z12.22 U91.36 V-70.86 E0.03411
G1 F X-32.47 Y-0.85 Z12.23 U91.37 V-70.56 E0.03411
G1 F X-32.28 Y-0.85 Z12.23 U91.38 V-70.26 E0.03411
G1 F X-32.1 Y-0.85 Z12.23 U91.38 V-69.95 E0.03411
G1 F X-31.91 Y-0.85 Z12.23 U91.39 V-69.65 E0.03411
G1 F X-31.73 Y-0.85 Z12.23 U91.4 V-69.34 E0.03411
G1 F X-31.54 Y-0.85 Z12.23 U91.4 V-69.03 E0.03411
G1 F X-31.35 Y-0.85 Z12.23 U91.41 V-68.72 E0.03411
G1 F X-31.17 Y-0.85 Z12.23 U91.41 V-68.42 E0.03411
G1 F X-30.98 Y-0.85 Z12.23 U91.42 V-68.11 E0.03411
G1 F X-30.8 Y-0.85 Z12.23 U91.43 V-67.79 E0.03411
G1 F X-30.61 Y-0.85 Z12.24 U91.43 V-67.48 E0.03411
G1 F X-30.43 Y-0.85 Z12.24 U91.44 V-67.17 E0.03411
G1 F X-30.24 Y-0.85 Z12.24 U91.44 V-66.86 E0.03411
G1 F X-30.05 Y-0.85 Z12.24 U91.44 V-66.54 E0.03411
G1 F X-29.87 Y-0.85 Z12.25 U91.45 V-66.23 E0.03411
G1 F X-29.68 Y-0.85 Z12.25 U91.45 V-65.91 E0.03411
G1 F X-29.5 Y-0.85 Z12.25 U91.45 V-65.6 E0.03411
G1 F X-29.31 Y-0.85 Z12.26 U91.46 V-65.28 E0.03411
G1 F X-29.12 Y-0.85 Z12.26 U91.46 V-64.96 E0.03411
G1 F X-28.94 Y-0.85 Z12.26 U91.46 V-64.65 E0.03411
G1 F X-28.75 Y-0.85 Z12.27 U91.46 V-64.33 E0.03411
G1 F X-28.56 Y-0.85 Z12.27 U91.46 V-64.01 E0.03411
G1 F X-28.53 Y-0.85 Z12.27 U91.46 V-63.96 E0.005852
G1 F X-28.46 Y-0.67 Z12.43 U91.15 V-63.88 E0.028258
G1 F X-28.38 Y-0.45 Z12.62 U90.77 V-63.79 E0.03411
G1 F X-28.3 Y-0.23 Z12.81 U90.39 V-63.7 E0.03411
G1 F X-28.21 Y-0.01 Z12.99 U90.02 V-63.61 E0.03411
G1 F X-28.13 Y0.21 Z13.18 U89.64 V-63.52 E0.03411
G1 F X-28.04 Y0.43 Z13.36 U89.26 V-63.43 E0.03411
G1 F X-27.95 Y0.65 Z13.55 U88.88 V-63.34 E0.03411
G1 F X-27.87 Y0.85 Z13.71 U88.53 V-63.26 E0.031146
G1 F X-27.88 Y0.85 Z13.71 U88.53 V-63.28 E0.002964
G1 F X-28.07 Y0.85 Z13.72 U88.54 V-63.6 E0.03411
G1 F X-28.26 Y0.85 Z13.72 U88.54 V-63.92 E0.03411
G1 F X-28.45 Y0.85 Z13.72 U88.54 V-64.24 E0.03411
G1 F X-28.63 Y0.85 Z13.73 U88.55 V-64.56 E0.03411
G1 F X-28.82 Y0.85 Z13.73 U88.55 V-64.88 E0.03411
G1 F X-29.01 Y0.85 Z13.73 U88.56 V-65.2 E0.03411
G1 F X-29.2 Y0.85 Z13.74 U88.56 V-65.52 E0.03411
G1 F X-29.38 Y0.85 Z13.74 U88.56 V-65.84 E0.03411
G1 F X-29.57 Y0.85 Z13.74 U88.57 V-66.15 E0.03411
G1 F X-29.76 Y0.85 Z13.74 U88.57 V-66.47 E0.03411
G1 F X-29.95 Y0.85 Z13.75 U88.57 V-66.79 E0.03411
G1 F X-30.13 Y0.85 Z13.75 U88.58 V-67.1 E0.03411
G1 F X-30.32 Y0.85 Z13.75 U88.58 V-67.42 E0.03411
G1 F X-30.51 Y0.85 Z13.76 U88.58 V-67.73 E0.03411
G1 F X-30.7 Y0.85 Z13.76 U88.59 V-68.04 E0.03411
G1 F X-30.89 Y0.85 Z13.76 U88.59 V-68.36 E0.03411
G1 F X-31.07 Y0.85 Z13.76 U88.59 V-68.67 E0.03411
G1 F X-31.26 Y0.85 Z13.77 U88.6 V-68.98 E0.03411
G1 F X-31.45 Y0.85 Z13.77 U88.6 V-69.29 E0.03411
G1 F X-31.64 Y0.85 Z13.77 U88.6 V-69.6 E0.03411
G1 F X-31.83 Y0.85 Z13.77 U88.61 V-69.91 E0.03411
G1 F X-32.02 Y0.85 Z13.78 U88.61 V-70.21 E0.03411
G1 F X-32.21 Y0.85 Z13.78 U88.62 V-70.52 E0.03411
G1 F X-32.39 Y0.85 Z13.78 U88.62 V-70.83 E0.03411
G1 F X-32.58 Y0.85 Z13.78 U88.63 V-71.13 E0.03411
G1 F X-32.77 Y0.85 Z13.78 U88.64 V-71.43 E0.03411
G1 F X-32.96 Y0.85 Z13.78 U88.64 V-71.74 E0.03411
G1 F X-33.15 Y0.85 Z13.78 U88.65 V-72.04 E0.03411
G1 F X-33.34 Y0.84 Z13.78 U88.66 V-72.34 E0.03411
G1 F X-33.53 Y0.84 Z13.78 U88.66 V-72.64 E0.03411
G1 F X-33.72 Y0.84 Z13.78 U88.67 V-72.94 E0.03411
G1 F X-33.91 Y0.84 Z13.78 U88.68 V-73.24 E0.03411
G1 F X-34.1 Y0.84 Z13.78 U88.69 V-73.53 E0.03411
G1 F X-34.29 Y0.84 Z13.78 U88.7 V-73.83 E0.03411
G1 F X-34.49 Y0.84 Z13.78 U88.7 V-74.12 E0.03411
G1 F X-34.68 Y0.84 Z13.78 U88.71 V-74.41 E0.03411
G1 F X-34.87 Y0.84 Z13.78 U88.72 V-74.71 E0.03411
G1 F X-35.06 Y0.84 Z13.78 U88.73 V-74.99 E0.03411
G1 F X-35.25 Y0.84 Z13.78 U88.74 V-75.28 E0.03411
G1 F X-35.44 Y0.84 Z13.78 U88.75 V-75.57 E0.03411
G1 F X-35.63 Y0.84 Z13.77 U88.76 V-75.85 E0.03411
G1 F X-35.83 Y0.84 Z13.77 U88.77 V-76.14 E0.03411
G1 F X-36.02 Y0.84 Z13.77 U88.78 V-76.42 E0.03411
G1 F X-36.21 Y0.83 Z13.77 U88.79 V-76.7 E0.03411
G1 F X-36.4 Y0.83 Z13.77 U88.8 V-76.98 E0.03411
G1 F X-36.59 Y0.83 Z13.76 U88.81 V-77.26 E0.03411
G1 F X-36.79 Y0.83 Z13.76 U88.81 V-77.53 E0.03411
G1 F X-36.98 Y0.83 Z13.76 U88.82 V-77.8 E0.03411
G1 F X-37.17 Y0.83 Z13.76 U88.83 V-78.08 E0.03411
G1 F X-37.37 Y0.83 Z13.76 U88.84 V-78.34 E0.03411
G1 F X-37.56 Y0.83 Z13.75 U88.85 V-78.61 E0.03411
G1 F X-37.75 Y0.83 Z13.75 U88.86 V-78.88 E0.03411
G1 F X-37.95 Y0.83 Z13.75 U88.87 V-79.14 E0.03411
G1 F X-38.14 Y0.83 Z13.75 U88.88 V-79.4 E0.03411
G1 F X-38.33 Y0.83 Z13.74 U88.89 V-79.66 E0.03411
G1 F X-38.53 Y0.83 Z13.74 U88.9 V-79.92 E0.03411
G1 F X-38.72 Y0.83 Z13.74 U88.91 V-80.17 E0.03411
G1 F X-38.92 Y0.83 Z13.73 U88.92 V-80.43 E0.03411
G1 F X-39.11 Y0.82 Z13.73 U88.93 V-80.68 E0.03411
G1 F X-39.31 Y0.82 Z13.72 U88.95 V-80.93 E0.03411
G1 F X-39.5 Y0.82 Z13.72 U88.96 V-81.17 E0.03411
G1 F X-39.7 Y0.82 Z13.71 U88.97 V-81.42 E0.03411
G1 F X-39.89 Y0.82 Z13.71 U88.98 V-81.66 E0.03411
G1 F X-40.09 Y0.82 Z13.7 U88.99 V-81.9 E0.03411
G1 F X-40.28 Y0.82 Z13.7 U89.01 V-82.13 E0.03411
G1 F X-40.48 Y0.82 Z13.69 U89.02 V-82.37 E0.03411
G1 F X-40.68 Y0.82 Z13.69 U89.03 V-82.6 E0.03411
G1 F X-40.87 Y0.82 Z13.68 U89.05 V-82.83 E0.03411
G1 F X-41.07 Y0.82 Z13.68 U89.06 V-83.06 E0.03411
G1 F X-41.27 Y0.82 Z13.67 U89.07 V-83.28 E0.03411
G1 F X-41.46 Y0.82 Z13.66 U89.08 V-83.5 E0.03411
G1 F X-41.66 Y0.82 Z13.66 U89.1 V-83.72 E0.03411
G1 F X-41.86 Y0.81 Z13.65 U89.11 V-83.94 E0.03411
G1 F X-42.06 Y0.81 Z13.64 U89.13 V-84.15 E0.03411
G1 F X-42.25 Y0.81 Z13.63 U89.14 V-84.36 E0.03411
G1 F X-42.45 Y0.81 Z13.63 U89.15 V-84.56 E0.03411
G1 F X-42.65 Y0.81 Z13.62 U89.17 V-84.77 E0.03411
G1 F X-42.85 Y0.81 Z13.61 U89.18 V-84.97 E0.03411
G1 F X-43.05 Y0.81 Z13.6 U89.2 V-85.17 E0.03411
G1 F X-43.25 Y0.81 Z13.59 U89.21 V-85.36 E0.03411
G1 F X-43.45 Y0.81 Z13.59 U89.23 V-85.55 E0.03411
G1 F X-43.64 Y0.81 Z13.58 U89.24 V-85.74 E0.03411
G1 F X-43.84 Y0.81 Z13.57 U89.26 V-85.92 E0.03411
G1 F X-44.04 Y0.81 Z13.56 U89.27 V-86.1 E0.03411
G1 F X-44.24 Y0.81 Z13.55 U89.29 V-86.28 E0.03411
G1 F X-44.44 Y0.81 Z13.54 U89.3 V-86.46 E0.03411
G1 F X-44.64 Y0.8 Z13.53 U89.32 V-86.63 E0.03411
G1 F X-44.84 Y0.8 Z13.52 U89.33 V-86.79 E0.03411
G1 F X-45.04 Y0.8 Z13.51 U89.35 V-86.96 E0.03411
G1 F X-45.24 Y0.8 Z13.5 U89.37 V-87.12 E0.03411
G1 F X-45.45 Y0.8 Z13.49 U89.38 V-87.27 E0.03411
G1 F X-45.65 Y0.8 Z13.48 U89.4 V-87.43 E0.03411
G1 F X-45.85 Y0.8 Z13.47 U89.41 V-87.57 E0.03411
G1 F X-46.05 Y0.8 Z13.46 U89.43 V-87.72 E0.03411
G1 F X-46.25 Y0.8 Z13.45 U89.44 V-87.86 E0.03411
G1 F X-46.45 Y0.8 Z13.44 U89.46 V-88 E0.03411
G1 F X-46.65 Y0.8 Z13.43 U89.48 V-88.13 E0.03411
G1 F X-46.86 Y0.8 Z13.41 U89.49 V-88.26 E0.03411
G1 F X-47.06 Y0.8 Z13.4 U89.51 V-88.38 E0.03411
G1 F X-47.26 Y0.8 Z13.39 U89.53 V-88.5 E0.03411
G1 F X-47.46 Y0.8 Z13.38 U89.55 V-88.62 E0.03411
G1 F X-47.67 Y0.8 Z13.36 U89.56 V-88.73 E0.03411
G1 F X-47.69 Y0.8 Z13.36 U89.56 V-88.74 E0.004141
G1 F X-47.71 Y0.62 Z13.28 U89.66 V-88.75 E0.029969
G1 F X-47.74 Y0.42 Z13.19 U89.77 V-88.76 E0.03411
G1 F X-47.76 Y0.21 Z13.1 U89.88 V-88.77 E0.03411
G1 F X-47.79 Y0.01 Z13.01 U89.99 V-88.77 E0.03411
G1 F X-47.81 Y-0.19 Z12.92 U90.1 V-88.78 E0.03411
G1 F X-47.84 Y-0.39 Z12.83 U90.21 V-88.79 E0.03411
G1 F X-47.86 Y-0.59 Z12.74 U90.31 V-88.8 E0.03411
G1 F X-47.88 Y-0.8 Z12.65 U90.42 V-88.81 E0.03411
G1 F X-47.88 Y-0.8 Z12.85 U90.42 V-88.81 E0
G1 F X-47.7 Y-0.8 Z14.84 U90.44 V-88.71 E0
G1 F300 E-1.00 ;Filament Retraction!!
G1 F X-47.7 Y-0.8 Z14.64 U90.44 V-88.71 E0
G1 F X-47.51 Y-0.8 Z14.62 U90.45 V-88.6 E0.034069
G1 F300 E1.1;Filament (De)-Retraction!!
G1 F X-47.32 Y-0.8 Z14.61 U90.47 V-88.49 E0.034069
G1 F X-47.13 Y-0.8 Z14.6 U90.49 V-88.37 E0.034069
G1 F X-46.93 Y-0.8 Z14.59 U90.5 V-88.25 E0.034069
G1 F X-46.74 Y-0.8 Z14.57 U90.52 V-88.12 E0.034069
G1 F X-46.55 Y-0.8 Z14.56 U90.54 V-88 E0.034069
G1 F X-46.35 Y-0.8 Z14.55 U90.56 V-87.86 E0.034069
G1 F X-46.16 Y-0.8 Z14.54 U90.57 V-87.73 E0.034069
G1 F X-45.97 Y-0.81 Z14.53 U90.59 V-87.59 E0.034069
G1 F X-45.78 Y-0.81 Z14.52 U90.61 V-87.45 E0.034069
G1 F X-45.59 Y-0.81 Z14.5 U90.62 V-87.3 E0.034069
G1 F X-45.39 Y-0.81 Z14.49 U90.64 V-87.15 E0.034069
G1 F X-45.2 Y-0.81 Z14.48 U90.66 V-86.99 E0.034069
G1 F X-45.01 Y-0.81 Z14.47 U90.67 V-86.84 E0.034069
G1 F X-44.82 Y-0.81 Z14.46 U90.69 V-86.68 E0.034069
G1 F X-44.63 Y-0.81 Z14.45 U90.7 V-86.51 E0.034069
G1 F X-44.44 Y-0.81 Z14.44 U90.72 V-86.34 E0.034069
G1 F X-44.25 Y-0.81 Z14.43 U90.73 V-86.17 E0.034069
G1 F X-44.06 Y-0.82 Z14.42 U90.75 V-86 E0.034069
G1 F X-43.87 Y-0.82 Z14.41 U90.76 V-85.82 E0.034069
G1 F X-43.68 Y-0.82 Z14.41 U90.78 V-85.64 E0.034069
G1 F X-43.49 Y-0.82 Z14.4 U90.79 V-85.46 E0.034069
G1 F X-43.3 Y-0.82 Z14.39 U90.81 V-85.27 E0.034069
G1 F X-43.11 Y-0.82 Z14.38 U90.82 V-85.08 E0.034069
G1 F X-42.92 Y-0.82 Z14.37 U90.84 V-84.89 E0.034069
G1 F X-42.73 Y-0.82 Z14.37 U90.85 V-84.7 E0.034069
G1 F X-42.54 Y-0.82 Z14.36 U90.86 V-84.5 E0.034069
G1 F X-42.35 Y-0.82 Z14.35 U90.88 V-84.3 E0.034069
G1 F X-42.16 Y-0.83 Z14.34 U90.89 V-84.09 E0.034069
G1 F X-41.97 Y-0.83 Z14.34 U90.9 V-83.89 E0.034069
G1 F X-41.78 Y-0.83 Z14.33 U90.92 V-83.68 E0.034069
G1 F X-41.59 Y-0.83 Z14.32 U90.93 V-83.47 E0.034069
G1 F X-41.41 Y-0.83 Z14.32 U90.94 V-83.25 E0.034069
G1 F X-41.22 Y-0.83 Z14.31 U90.96 V-83.04 E0.034069
G1 F X-41.03 Y-0.83 Z14.31 U90.97 V-82.82 E0.034069
G1 F X-40.84 Y-0.83 Z14.3 U90.98 V-82.6 E0.034069
G1 F X-40.66 Y-0.83 Z14.29 U91 V-82.37 E0.034069
G1 F X-40.47 Y-0.84 Z14.29 U91.01 V-82.15 E0.034069
G1 F X-40.28 Y-0.84 Z14.28 U91.02 V-81.92 E0.034069
G1 F X-40.09 Y-0.84 Z14.28 U91.03 V-81.69 E0.034069
G1 F X-39.91 Y-0.84 Z14.27 U91.04 V-81.45 E0.034069
G1 F X-39.72 Y-0.84 Z14.27 U91.06 V-81.22 E0.034069
G1 F X-39.53 Y-0.84 Z14.26 U91.07 V-80.98 E0.034069
G1 F X-39.35 Y-0.84 Z14.26 U91.08 V-80.74 E0.034069
G1 F X-39.16 Y-0.84 Z14.25 U91.09 V-80.5 E0.034069
G1 F X-38.97 Y-0.84 Z14.25 U91.1 V-80.26 E0.034069
G1 F X-38.79 Y-0.85 Z14.25 U91.12 V-80.01 E0.034069
G1 F X-38.6 Y-0.85 Z14.24 U91.13 V-79.76 E0.034069
G1 F X-38.42 Y-0.85 Z14.24 U91.14 V-79.51 E0.034069
G1 F X-38.23 Y-0.85 Z14.23 U91.15 V-79.26 E0.034069
G1 F X-38.05 Y-0.85 Z14.23 U91.16 V-79.01 E0.034069
G1 F X-37.86 Y-0.85 Z14.22 U91.18 V-78.75 E0.034069
G1 F X-37.68 Y-0.85 Z14.22 U91.19 V-78.49 E0.034069
G1 F X-37.49 Y-0.85 Z14.22 U91.2 V-78.23 E0.034069
G1 F X-37.31 Y-0.85 Z14.21 U91.21 V-77.97 E0.034069
G1 F X-37.12 Y-0.86 Z14.21 U91.22 V-77.71 E0.034069
G1 F X-36.94 Y-0.86 Z14.21 U91.23 V-77.45 E0.034069
G1 F X-36.75 Y-0.86 Z14.2 U91.24 V-77.18 E0.034069
G1 F X-36.57 Y-0.86 Z14.2 U91.25 V-76.91 E0.034069
G1 F X-36.39 Y-0.86 Z14.2 U91.26 V-76.64 E0.034069
G1 F X-36.2 Y-0.86 Z14.2 U91.27 V-76.37 E0.034069
G1 F X-36.02 Y-0.86 Z14.2 U91.28 V-76.1 E0.034069
G1 F X-35.83 Y-0.86 Z14.2 U91.29 V-75.82 E0.034069
G1 F X-35.65 Y-0.86 Z14.19 U91.3 V-75.55 E0.034069
G1 F X-35.47 Y-0.86 Z14.19 U91.31 V-75.27 E0.034069
G1 F X-35.28 Y-0.86 Z14.19 U91.31 V-74.99 E0.034069
G1 F X-35.1 Y-0.87 Z14.19 U91.32 V-74.71 E0.034069
G1 F X-34.92 Y-0.87 Z14.19 U91.33 V-74.43 E0.034069
G1 F X-34.73 Y-0.87 Z14.19 U91.34 V-74.15 E0.034069
G1 F X-34.55 Y-0.87 Z14.19 U91.34 V-73.86 E0.034069
G1 F X-34.37 Y-0.87 Z14.19 U91.35 V-73.58 E0.034069
G1 F X-34.18 Y-0.87 Z14.19 U91.36 V-73.29 E0.034069
G1 F X-34 Y-0.87 Z14.19 U91.36 V-73.01 E0.034069
G1 F X-33.82 Y-0.87 Z14.19 U91.37 V-72.72 E0.034069
G1 F X-33.63 Y-0.87 Z14.19 U91.38 V-72.43 E0.034069
G1 F X-33.45 Y-0.87 Z14.19 U91.38 V-72.14 E0.034069
G1 F X-33.27 Y-0.87 Z14.19 U91.39 V-71.84 E0.034069
G1 F X-33.09 Y-0.87 Z14.19 U91.4 V-71.55 E0.034069
G1 F X-32.9 Y-0.88 Z14.2 U91.4 V-71.26 E0.034069
G1 F X-32.72 Y-0.88 Z14.2 U91.41 V-70.96 E0.034069
G1 F X-32.54 Y-0.88 Z14.2 U91.42 V-70.67 E0.034069
G1 F X-32.36 Y-0.88 Z14.2 U91.42 V-70.37 E0.034069
G1 F X-32.17 Y-0.88 Z14.2 U91.43 V-70.07 E0.034069
G1 F X-31.99 Y-0.88 Z14.2 U91.44 V-69.77 E0.034069
G1 F X-31.81 Y-0.88 Z14.2 U91.44 V-69.47 E0.034069
G1 F X-31.63 Y-0.88 Z14.2 U91.45 V-69.17 E0.034069
G1 F X-31.45 Y-0.88 Z14.2 U91.46 V-68.87 E0.034069
G1 F X-31.27 Y-0.88 Z14.2 U91.47 V-68.57 E0.034069
G1 F X-31.08 Y-0.88 Z14.2 U91.47 V-68.27 E0.034069
G1 F X-30.9 Y-0.88 Z14.2 U91.48 V-67.96 E0.034069
G1 F X-30.72 Y-0.88 Z14.21 U91.48 V-67.66 E0.034069
G1 F X-30.54 Y-0.88 Z14.21 U91.49 V-67.36 E0.034069
G1 F X-30.36 Y-0.89 Z14.21 U91.49 V-67.05 E0.034069
G1 F X-30.18 Y-0.89 Z14.21 U91.5 V-66.74 E0.034069
G1 F X-29.99 Y-0.89 Z14.21 U91.5 V-66.44 E0.034069
G1 F X-29.81 Y-0.89 Z14.22 U91.51 V-66.13 E0.034069
G1 F X-29.63 Y-0.89 Z14.22 U91.51 V-65.82 E0.034069
G1 F X-29.45 Y-0.89 Z14.22 U91.51 V-65.51 E0.034069
G1 F X-29.27 Y-0.89 Z14.23 U91.51 V-65.2 E0.034069
G1 F X-29.09 Y-0.89 Z14.23 U91.52 V-64.89 E0.034069
G1 F X-28.9 Y-0.89 Z14.24 U91.52 V-64.58 E0.034069
G1 F X-28.72 Y-0.89 Z14.24 U91.52 V-64.27 E0.034069
G1 F X-28.6 Y-0.89 Z14.24 U91.52 V-64.06 E0.023159
G1 F X-28.57 Y-0.81 Z14.31 U91.39 V-64.02 E0.01091
G1 F X-28.47 Y-0.58 Z14.5 U91 V-63.9 E0.034069
G1 F X-28.37 Y-0.35 Z14.7 U90.61 V-63.79 E0.034069
G1 F X-28.26 Y-0.12 Z14.9 U90.21 V-63.67 E0.034069
G1 F X-28.16 Y0.11 Z15.09 U89.81 V-63.55 E0.034069
G1 F X-28.06 Y0.34 Z15.29 U89.42 V-63.43 E0.034069
G1 F X-27.95 Y0.57 Z15.48 U89.02 V-63.31 E0.034069
G1 F X-27.84 Y0.8 Z15.67 U88.63 V-63.19 E0.034069
G1 F X-27.8 Y0.89 Z15.74 U88.47 V-63.15 E0.013026
G1 F X-27.91 Y0.89 Z15.74 U88.48 V-63.34 E0.021043
G1 F X-28.1 Y0.89 Z15.75 U88.48 V-63.66 E0.034069
G1 F X-28.28 Y0.89 Z15.75 U88.48 V-63.97 E0.034069
G1 F X-28.46 Y0.89 Z15.75 U88.49 V-64.28 E0.034069
G1 F X-28.65 Y0.89 Z15.76 U88.49 V-64.6 E0.034069
G1 F X-28.83 Y0.89 Z15.76 U88.49 V-64.91 E0.034069
G1 F X-29.01 Y0.89 Z15.76 U88.5 V-65.22 E0.034069
G1 F X-29.2 Y0.89 Z15.77 U88.5 V-65.53 E0.034069
G1 F X-29.38 Y0.89 Z15.77 U88.51 V-65.84 E0.034069
G1 F X-29.57 Y0.89 Z15.77 U88.51 V-66.15 E0.034069
G1 F X-29.75 Y0.88 Z15.77 U88.51 V-66.46 E0.034069
G1 F X-29.93 Y0.88 Z15.78 U88.52 V-66.77 E0.034069
G1 F X-30.12 Y0.88 Z15.78 U88.52 V-67.08 E0.034069
G1 F X-30.3 Y0.88 Z15.78 U88.53 V-67.39 E0.034069
G1 F X-30.49 Y0.88 Z15.78 U88.53 V-67.7 E0.034069
G1 F X-30.67 Y0.88 Z15.79 U88.53 V-68 E0.034069
G1 F X-30.85 Y0.88 Z15.79 U88.54 V-68.31 E0.034069
G1 F X-31.04 Y0.88 Z15.79 U88.54 V-68.62 E0.034069
G1 F X-31.22 Y0.88 Z15.8 U88.54 V-68.92 E0.034069
G1 F X-31.41 Y0.88 Z15.8 U88.55 V-69.22 E0.034069
G1 F X-31.59 Y0.88 Z15.8 U88.55 V-69.53 E0.034069
G1 F X-31.78 Y0.88 Z15.8 U88.56 V-69.83 E0.034069
G1 F X-31.96 Y0.88 Z15.8 U88.56 V-70.13 E0.034069
G1 F X-32.15 Y0.88 Z15.81 U88.57 V-70.43 E0.034069
G1 F X-32.33 Y0.88 Z15.81 U88.57 V-70.73 E0.034069
G1 F X-32.52 Y0.88 Z15.81 U88.58 V-71.03 E0.034069
G1 F X-32.7 Y0.88 Z15.81 U88.59 V-71.33 E0.034069
G1 F X-32.89 Y0.88 Z15.81 U88.59 V-71.63 E0.034069
G1 F X-33.08 Y0.87 Z15.81 U88.6 V-71.93 E0.034069
G1 F X-33.26 Y0.87 Z15.81 U88.61 V-72.22 E0.034069
G1 F X-33.45 Y0.87 Z15.81 U88.62 V-72.52 E0.034069
G1 F X-33.64 Y0.87 Z15.81 U88.62 V-72.81 E0.034069
G1 F X-33.82 Y0.87 Z15.81 U88.63 V-73.11 E0.034069
G1 F X-34.01 Y0.87 Z15.81 U88.64 V-73.4 E0.034069
G1 F X-34.2 Y0.87 Z15.81 U88.65 V-73.69 E0.034069
G1 F X-34.39 Y0.87 Z15.81 U88.66 V-73.98 E0.034069
G1 F X-34.58 Y0.87 Z15.81 U88.67 V-74.27 E0.034069
G1 F X-34.76 Y0.87 Z15.8 U88.68 V-74.55 E0.034069
G1 F X-34.95 Y0.87 Z15.8 U88.69 V-74.84 E0.034069
G1 F X-35.14 Y0.86 Z15.8 U88.7 V-75.12 E0.034069
G1 F X-35.33 Y0.86 Z15.8 U88.71 V-75.41 E0.034069
G1 F X-35.52 Y0.86 Z15.8 U88.72 V-75.69 E0.034069
G1 F X-35.71 Y0.86 Z15.8 U88.73 V-75.97 E0.034069
G1 F X-35.9 Y0.86 Z15.79 U88.74 V-76.25 E0.034069
G1 F X-36.09 Y0.86 Z15.79 U88.75 V-76.52 E0.034069
G1 F X-36.28 Y0.86 Z15.79 U88.76 V-76.8 E0.034069
G1 F X-36.46 Y0.86 Z15.79 U88.77 V-77.07 E0.034069
G1 F X-36.65 Y0.86 Z15.78 U88.78 V-77.35 E0.034069
G1 F X-36.84 Y0.85 Z15.78 U88.79 V-77.62 E0.034069
G1 F X-37.03 Y0.85 Z15.78 U88.8 V-77.89 E0.034069
G1 F X-37.23 Y0.85 Z15.78 U88.81 V-78.15 E0.034069
G1 F X-37.42 Y0.85 Z15.77 U88.82 V-78.42 E0.034069
G1 F X-37.61 Y0.85 Z15.77 U88.83 V-78.68 E0.034069
G1 F X-37.8 Y0.85 Z15.77 U88.84 V-78.94 E0.034069
G1 F X-37.99 Y0.85 Z15.77 U88.85 V-79.2 E0.034069
G1 F X-38.18 Y0.85 Z15.76 U88.86 V-79.46 E0.034069
G1 F X-38.37 Y0.85 Z15.76 U88.87 V-79.72 E0.034069
G1 F X-38.56 Y0.85 Z15.76 U88.88 V-79.97 E0.034069
G1 F X-38.76 Y0.84 Z15.75 U88.89 V-80.22 E0.034069
G1 F X-38.95 Y0.84 Z15.75 U88.9 V-80.47 E0.034069
G1 F X-39.14 Y0.84 Z15.74 U88.91 V-80.72 E0.034069
G1 F X-39.33 Y0.84 Z15.74 U88.93 V-80.96 E0.034069
G1 F X-39.53 Y0.84 Z15.73 U88.94 V-81.21 E0.034069
G1 F X-39.72 Y0.84 Z15.73 U88.95 V-81.45 E0.034069
G1 F X-39.91 Y0.84 Z15.72 U88.96 V-81.69 E0.034069
G1 F X-40.11 Y0.84 Z15.72 U88.98 V-81.92 E0.034069
G1 F X-40.3 Y0.84 Z15.71 U88.99 V-82.16 E0.034069
G1 F X-40.5 Y0.83 Z15.71 U89 V-82.39 E0.034069
G1 F X-40.69 Y0.83 Z15.7 U89.02 V-82.62 E0.034069
G1 F X-40.89 Y0.83 Z15.69 U89.03 V-82.85 E0.034069
G1 F X-41.08 Y0.83 Z15.69 U89.04 V-83.07 E0.034069
G1 F X-41.28 Y0.83 Z15.68 U89.06 V-83.29 E0.034069
G1 F X-41.47 Y0.83 Z15.67 U89.07 V-83.51 E0.034069
G1 F X-41.67 Y0.83 Z15.67 U89.09 V-83.73 E0.034069
G1 F X-41.86 Y0.83 Z15.66 U89.1 V-83.94 E0.034069
G1 F X-42.06 Y0.83 Z15.65 U89.11 V-84.15 E0.034069
G1 F X-42.26 Y0.82 Z15.64 U89.13 V-84.36 E0.034069
G1 F X-42.45 Y0.82 Z15.63 U89.14 V-84.57 E0.034069
G1 F X-42.65 Y0.82 Z15.63 U89.16 V-84.77 E0.034069
G1 F X-42.85 Y0.82 Z15.62 U89.17 V-84.97 E0.034069
G1 F X-43.05 Y0.82 Z15.61 U89.19 V-85.16 E0.034069
G1 F X-43.24 Y0.82 Z15.6 U89.2 V-85.36 E0.034069
G1 F X-43.44 Y0.82 Z15.59 U89.22 V-85.55 E0.034069
G1 F X-43.64 Y0.82 Z15.58 U89.23 V-85.74 E0.034069
G1 F X-43.84 Y0.82 Z15.57 U89.25 V-85.92 E0.034069
G1 F X-44.04 Y0.81 Z15.56 U89.27 V-86.1 E0.034069
G1 F X-44.24 Y0.81 Z15.56 U89.28 V-86.28 E0.034069
G1 F X-44.43 Y0.81 Z15.55 U89.3 V-86.45 E0.034069
G1 F X-44.63 Y0.81 Z15.54 U89.31 V-86.62 E0.034069
G1 F X-44.83 Y0.81 Z15.53 U89.33 V-86.79 E0.034069
G1 F X-45.03 Y0.81 Z15.52 U89.34 V-86.95 E0.034069
G1 F X-45.23 Y0.81 Z15.51 U89.36 V-87.11 E0.034069
G1 F X-45.43 Y0.81 Z15.5 U89.38 V-87.26 E0.034069
G1 F X-45.63 Y0.81 Z15.48 U89.39 V-87.42 E0.034069
G1 F X-45.83 Y0.81 Z15.47 U89.41 V-87.56 E0.034069
G1 F X-46.04 Y0.81 Z15.46 U89.42 V-87.71 E0.034069
G1 F X-46.24 Y0.8 Z15.45 U89.44 V-87.85 E0.034069
G1 F X-46.44 Y0.8 Z15.44 U89.46 V-87.99 E0.034069
G1 F X-46.64 Y0.8 Z15.43 U89.47 V-88.12 E0.034069
G1 F X-46.84 Y0.8 Z15.42 U89.49 V-88.25 E0.034069
G1 F X-47.04 Y0.8 Z15.4 U89.51 V-88.37 E0.034069
G1 F X-47.25 Y0.8 Z15.39 U89.52 V-88.49 E0.034069
G1 F X-47.45 Y0.8 Z15.38 U89.54 V-88.61 E0.034069
G1 F X-47.65 Y0.8 Z15.37 U89.56 V-88.72 E0.034069
G1 F X-47.67 Y0.8 Z15.36 U89.56 V-88.73 E0.003987
G1 F X-47.7 Y0.62 Z15.28 U89.66 V-88.74 E0.030082
G1 F X-47.73 Y0.42 Z15.19 U89.77 V-88.75 E0.034069
G1 F X-47.76 Y0.21 Z15.1 U89.88 V-88.76 E0.034069
G1 F X-47.79 Y0.01 Z15.01 U89.99 V-88.77 E0.034069
G1 F X-47.82 Y-0.19 Z14.92 U90.1 V-88.78 E0.034069
G1 F X-47.84 Y-0.39 Z14.83 U90.21 V-88.79 E0.034069
G1 F X-47.87 Y-0.6 Z14.74 U90.31 V-88.8 E0.034069
G1 F X-47.9 Y-0.8 Z14.65 U90.42 V-88.81 E0.034069
G1 F X-47.9 Y-0.8 Z14.85 U90.42 V-88.81 E0
G1 F X-47.24 Y-0.37 Z17.02 U90.22 V-88.45 E0
G1 F300 E-1.00 ;Filament Retraction!!
G1 F X-47.24 Y-0.37 Z16.82 U90.22 V-88.45 E0
G1 F X-47.04 Y-0.37 Z16.82 U90.23 V-88.33 E0.034085
G1 F300 E1.1;Filament (De)-Retraction!!
G1 F X-46.85 Y-0.37 Z16.81 U90.23 V-88.21 E0.034085
G1 F X-46.65 Y-0.37 Z16.8 U90.24 V-88.08 E0.034085
G1 F X-46.46 Y-0.37 Z16.8 U90.25 V-87.95 E0.034085
G1 F X-46.27 Y-0.37 Z16.79 U90.26 V-87.82 E0.034085
G1 F X-46.07 Y-0.37 Z16.79 U90.26 V-87.68 E0.034085
G1 F X-45.88 Y-0.37 Z16.78 U90.27 V-87.54 E0.034085
G1 F X-45.69 Y-0.37 Z16.78 U90.28 V-87.4 E0.034085
G1 F X-45.49 Y-0.37 Z16.77 U90.29 V-87.25 E0.034085
G1 F X-45.3 Y-0.37 Z16.77 U90.29 V-87.09 E0.034085
G1 F X-45.11 Y-0.37 Z16.76 U90.3 V-86.94 E0.034085
G1 F X-44.92 Y-0.37 Z16.76 U90.31 V-86.78 E0.034085
G1 F X-44.72 Y-0.37 Z16.75 U90.31 V-86.62 E0.034085
G1 F X-44.53 Y-0.37 Z16.75 U90.32 V-86.45 E0.034085
G1 F X-44.34 Y-0.37 Z16.75 U90.33 V-86.28 E0.034085
G1 F X-44.15 Y-0.37 Z16.74 U90.33 V-86.11 E0.034085
G1 F X-43.96 Y-0.37 Z16.74 U90.34 V-85.94 E0.034085
G1 F X-43.77 Y-0.37 Z16.74 U90.35 V-85.76 E0.034085
G1 F X-43.57 Y-0.37 Z16.73 U90.35 V-85.58 E0.034085
G1 F X-43.38 Y-0.37 Z16.73 U90.36 V-85.39 E0.034085
G1 F X-43.19 Y-0.37 Z16.73 U90.36 V-85.21 E0.034085
G1 F X-43 Y-0.37 Z16.72 U90.37 V-85.02 E0.034085
G1 F X-42.81 Y-0.37 Z16.72 U90.38 V-84.82 E0.034085
G1 F X-42.62 Y-0.37 Z16.72 U90.38 V-84.63 E0.034085
G1 F X-42.43 Y-0.37 Z16.71 U90.39 V-84.43 E0.034085
G1 F X-42.24 Y-0.37 Z16.71 U90.39 V-84.23 E0.034085
G1 F X-42.06 Y-0.37 Z16.71 U90.4 V-84.02 E0.034085
G1 F X-41.87 Y-0.36 Z16.71 U90.4 V-83.82 E0.034085
G1 F X-41.68 Y-0.36 Z16.7 U90.41 V-83.61 E0.034085
G1 F X-41.49 Y-0.36 Z16.7 U90.41 V-83.39 E0.034085
G1 F X-41.3 Y-0.36 Z16.7 U90.42 V-83.18 E0.034085
G1 F X-41.11 Y-0.36 Z16.7 U90.42 V-82.96 E0.034085
G1 F X-40.92 Y-0.36 Z16.7 U90.43 V-82.74 E0.034085
G1 F X-40.74 Y-0.36 Z16.69 U90.43 V-82.52 E0.034085
G1 F X-40.55 Y-0.36 Z16.69 U90.43 V-82.3 E0.034085
G1 F X-40.36 Y-0.36 Z16.69 U90.44 V-82.07 E0.034085
G1 F X-40.18 Y-0.36 Z16.69 U90.44 V-81.84 E0.034085
G1 F X-39.99 Y-0.36 Z16.69 U90.45 V-81.61 E0.034085
G1 F X-39.8 Y-0.36 Z16.69 U90.45 V-81.38 E0.034085
G1 F X-39.62 Y-0.36 Z16.68 U90.46 V-81.15 E0.034085
G1 F X-39.43 Y-0.36 Z16.68 U90.46 V-80.91 E0.034085
G1 F X-39.24 Y-0.36 Z16.68 U90.47 V-80.67 E0.034085
G1 F X-39.06 Y-0.36 Z16.68 U90.47 V-80.43 E0.034085
G1 F X-38.87 Y-0.36 Z16.68 U90.48 V-80.19 E0.034085
G1 F X-38.69 Y-0.36 Z16.68 U90.48 V-79.94 E0.034085
G1 F X-38.5 Y-0.36 Z16.68 U90.48 V-79.7 E0.034085
G1 F X-38.32 Y-0.36 Z16.67 U90.49 V-79.45 E0.034085
G1 F X-38.14 Y-0.36 Z16.67 U90.49 V-79.2 E0.034085
G1 F X-37.95 Y-0.36 Z16.67 U90.5 V-78.95 E0.034085
G1 F X-37.77 Y-0.36 Z16.67 U90.5 V-78.69 E0.034085
G1 F X-37.58 Y-0.36 Z16.67 U90.51 V-78.44 E0.034085
G1 F X-37.4 Y-0.36 Z16.67 U90.51 V-78.18 E0.034085
G1 F X-37.22 Y-0.36 Z16.66 U90.52 V-77.92 E0.034085
G1 F X-37.03 Y-0.36 Z16.66 U90.52 V-77.66 E0.034085
G1 F X-36.85 Y-0.36 Z16.66 U90.52 V-77.4 E0.034085
G1 F X-36.67 Y-0.36 Z16.66 U90.53 V-77.13 E0.034085
G1 F X-36.48 Y-0.36 Z16.66 U90.53 V-76.87 E0.034085
G1 F X-36.3 Y-0.36 Z16.66 U90.54 V-76.6 E0.034085
G1 F X-36.12 Y-0.36 Z16.66 U90.54 V-76.33 E0.034085
G1 F X-35.94 Y-0.36 Z16.66 U90.54 V-76.06 E0.034085
G1 F X-35.75 Y-0.36 Z16.66 U90.54 V-75.79 E0.034085
G1 F X-35.57 Y-0.36 Z16.66 U90.55 V-75.52 E0.034085
G1 F X-35.39 Y-0.36 Z16.66 U90.55 V-75.24 E0.034085
G1 F X-35.21 Y-0.36 Z16.66 U90.55 V-74.97 E0.034085
G1 F X-35.03 Y-0.36 Z16.66 U90.55 V-74.69 E0.034085
G1 F X-34.84 Y-0.36 Z16.66 U90.55 V-74.41 E0.034085
G1 F X-34.66 Y-0.36 Z16.66 U90.56 V-74.13 E0.034085
G1 F X-34.48 Y-0.36 Z16.67 U90.56 V-73.85 E0.034085
G1 F X-34.3 Y-0.36 Z16.67 U90.56 V-73.57 E0.034085
G1 F X-34.12 Y-0.36 Z16.67 U90.56 V-73.29 E0.034085
G1 F X-33.94 Y-0.36 Z16.67 U90.56 V-73.01 E0.034085
G1 F X-33.76 Y-0.36 Z16.67 U90.56 V-72.72 E0.034085
G1 F X-33.58 Y-0.36 Z16.67 U90.57 V-72.43 E0.034085
G1 F X-33.4 Y-0.36 Z16.67 U90.57 V-72.15 E0.034085
G1 F X-33.22 Y-0.36 Z16.67 U90.57 V-71.86 E0.034085
G1 F X-33.03 Y-0.36 Z16.67 U90.57 V-71.57 E0.034085
G1 F X-32.85 Y-0.36 Z16.67 U90.57 V-71.28 E0.034085
G1 F X-32.67 Y-0.36 Z16.67 U90.57 V-70.99 E0.034085
G1 F X-32.5 Y-0.36 Z16.67 U90.58 V-70.7 E0.034085
G1 F X-32.32 Y-0.36 Z16.67 U90.58 V-70.41 E0.034085
G1 F X-32.14 Y-0.36 Z16.67 U90.58 V-70.12 E0.034085
G1 F X-31.96 Y-0.36 Z16.67 U90.58 V-69.82 E0.034085
G1 F X-31.78 Y-0.36 Z16.67 U90.59 V-69.53 E0.034085
G1 F X-31.6 Y-0.36 Z16.67 U90.59 V-69.23 E0.034085
G1 F X-31.42 Y-0.36 Z16.67 U90.59 V-68.94 E0.034085
G1 F X-31.24 Y-0.36 Z16.67 U90.6 V-68.64 E0.034085
G1 F X-31.06 Y-0.36 Z16.67 U90.6 V-68.34 E0.034085
G1 F X-30.88 Y-0.36 Z16.67 U90.6 V-68.05 E0.034085
G1 F X-30.71 Y-0.36 Z16.68 U90.61 V-67.75 E0.034085
G1 F X-30.53 Y-0.36 Z16.68 U90.61 V-67.45 E0.034085
G1 F X-30.35 Y-0.36 Z16.68 U90.61 V-67.15 E0.034085
G1 F X-30.17 Y-0.36 Z16.68 U90.61 V-66.85 E0.034085
G1 F X-29.99 Y-0.36 Z16.68 U90.61 V-66.55 E0.034085
G1 F X-29.81 Y-0.36 Z16.68 U90.62 V-66.25 E0.034085
G1 F X-29.63 Y-0.36 Z16.68 U90.62 V-65.94 E0.034085
G1 F X-29.46 Y-0.36 Z16.68 U90.62 V-65.64 E0.034085
G1 F X-29.28 Y-0.36 Z16.69 U90.62 V-65.34 E0.034085
G1 F X-29.1 Y-0.36 Z16.69 U90.62 V-65.03 E0.034085
G1 F X-28.92 Y-0.36 Z16.69 U90.62 V-64.73 E0.034085
G1 F X-28.81 Y-0.36 Z16.69 U90.62 V-64.54 E0.02093
G1 F X-28.76 Y-0.26 Z16.77 U90.46 V-64.49 E0.013156
G1 F X-28.64 Y-0.02 Z16.98 U90.04 V-64.34 E0.034085
G1 F X-28.52 Y0.22 Z17.19 U89.62 V-64.19 E0.034085
G1 F X-28.45 Y0.36 Z17.3 U89.39 V-64.1 E0.018844
G1 F X-28.53 Y0.36 Z17.3 U89.39 V-64.24 E0.015241
G1 F X-28.71 Y0.36 Z17.31 U89.39 V-64.55 E0.034085
G1 F X-28.88 Y0.36 Z17.31 U89.39 V-64.85 E0.034085
G1 F X-29.06 Y0.36 Z17.31 U89.4 V-65.16 E0.034085
G1 F X-29.24 Y0.36 Z17.31 U89.4 V-65.46 E0.034085
G1 F X-29.42 Y0.36 Z17.31 U89.4 V-65.76 E0.034085
G1 F X-29.6 Y0.36 Z17.31 U89.4 V-66.07 E0.034085
G1 F X-29.78 Y0.36 Z17.31 U89.4 V-66.37 E0.034085
G1 F X-29.96 Y0.36 Z17.31 U89.4 V-66.67 E0.034085
G1 F X-30.14 Y0.36 Z17.31 U89.4 V-66.97 E0.034085
G1 F X-30.32 Y0.36 Z17.32 U89.41 V-67.27 E0.034085
G1 F X-30.5 Y0.36 Z17.32 U89.41 V-67.57 E0.034085
G1 F X-30.68 Y0.36 Z17.32 U89.41 V-67.87 E0.034085
G1 F X-30.86 Y0.36 Z17.32 U89.41 V-68.17 E0.034085
G1 F X-31.03 Y0.36 Z17.32 U89.41 V-68.47 E0.034085
G1 F X-31.21 Y0.36 Z17.32 U89.41 V-68.77 E0.034085
G1 F X-31.39 Y0.36 Z17.33 U89.41 V-69.06 E0.034085
G1 F X-31.57 Y0.36 Z17.33 U89.41 V-69.36 E0.034085
G1 F X-31.75 Y0.36 Z17.33 U89.41 V-69.66 E0.034085
G1 F X-31.93 Y0.36 Z17.33 U89.41 V-69.95 E0.034085
G1 F X-32.11 Y0.36 Z17.33 U89.41 V-70.24 E0.034085
G1 F X-32.29 Y0.36 Z17.33 U89.41 V-70.54 E0.034085
G1 F X-32.47 Y0.36 Z17.33 U89.41 V-70.83 E0.034085
G1 F X-32.65 Y0.36 Z17.34 U89.41 V-71.12 E0.034085
G1 F X-32.84 Y0.36 Z17.34 U89.42 V-71.41 E0.034085
G1 F X-33.02 Y0.36 Z17.34 U89.42 V-71.7 E0.034085
G1 F X-33.2 Y0.36 Z17.34 U89.42 V-71.99 E0.034085
G1 F X-33.38 Y0.36 Z17.34 U89.42 V-72.28 E0.034085
G1 F X-33.56 Y0.36 Z17.34 U89.43 V-72.57 E0.034085
G1 F X-33.74 Y0.36 Z17.34 U89.43 V-72.86 E0.034085
G1 F X-33.93 Y0.36 Z17.34 U89.43 V-73.14 E0.034085
G1 F X-34.11 Y0.36 Z17.34 U89.44 V-73.43 E0.034085
G1 F X-34.29 Y0.36 Z17.34 U89.44 V-73.71 E0.034085
G1 F X-34.47 Y0.36 Z17.34 U89.44 V-73.99 E0.034085
G1 F X-34.66 Y0.36 Z17.34 U89.45 V-74.27 E0.034085
G1 F X-34.84 Y0.36 Z17.34 U89.45 V-74.55 E0.034085
G1 F X-35.02 Y0.36 Z17.33 U89.45 V-74.83 E0.034085
G1 F X-35.21 Y0.36 Z17.33 U89.46 V-75.11 E0.034085
G1 F X-35.39 Y0.36 Z17.33 U89.46 V-75.39 E0.034085
G1 F X-35.57 Y0.36 Z17.33 U89.46 V-75.66 E0.034085
G1 F X-35.76 Y0.36 Z17.33 U89.47 V-75.93 E0.034085
G1 F X-35.94 Y0.36 Z17.33 U89.47 V-76.21 E0.034085
G1 F X-36.13 Y0.36 Z17.33 U89.48 V-76.48 E0.034085
G1 F X-36.31 Y0.36 Z17.33 U89.48 V-76.75 E0.034085
G1 F X-36.49 Y0.36 Z17.33 U89.48 V-77.01 E0.034085
G1 F X-36.68 Y0.36 Z17.33 U89.49 V-77.28 E0.034085
G1 F X-36.86 Y0.36 Z17.33 U89.49 V-77.55 E0.034085
G1 F X-37.05 Y0.36 Z17.33 U89.49 V-77.81 E0.034085
G1 F X-37.23 Y0.36 Z17.33 U89.5 V-78.07 E0.034085
G1 F X-37.42 Y0.36 Z17.33 U89.5 V-78.33 E0.034085
G1 F X-37.6 Y0.36 Z17.33 U89.5 V-78.59 E0.034085
G1 F X-37.79 Y0.36 Z17.33 U89.5 V-78.84 E0.034085
G1 F X-37.98 Y0.36 Z17.33 U89.51 V-79.1 E0.034085
G1 F X-38.16 Y0.36 Z17.33 U89.51 V-79.35 E0.034085
G1 F X-38.35 Y0.36 Z17.33 U89.51 V-79.6 E0.034085
G1 F X-38.54 Y0.36 Z17.33 U89.52 V-79.85 E0.034085
G1 F X-38.72 Y0.36 Z17.32 U89.52 V-80.1 E0.034085
G1 F X-38.91 Y0.36 Z17.32 U89.52 V-80.34 E0.034085
G1 F X-39.1 Y0.36 Z17.32 U89.53 V-80.59 E0.034085
G1 F X-39.29 Y0.36 Z17.32 U89.53 V-80.83 E0.034085
G1 F X-39.47 Y0.36 Z17.32 U89.54 V-81.07 E0.034085
G1 F X-39.66 Y0.36 Z17.32 U89.54 V-81.31 E0.034085
G1 F X-39.85 Y0.36 Z17.32 U89.55 V-81.54 E0.034085
G1 F X-40.04 Y0.36 Z17.31 U89.55 V-81.77 E0.034085
G1 F X-40.23 Y0.36 Z17.31 U89.56 V-82 E0.034085
G1 F X-40.42 Y0.36 Z17.31 U89.56 V-82.23 E0.034085
G1 F X-40.61 Y0.36 Z17.31 U89.57 V-82.46 E0.034085
G1 F X-40.8 Y0.36 Z17.31 U89.57 V-82.68 E0.034085
G1 F X-40.99 Y0.36 Z17.3 U89.58 V-82.91 E0.034085
G1 F X-41.18 Y0.36 Z17.3 U89.58 V-83.13 E0.034085
G1 F X-41.37 Y0.36 Z17.3 U89.59 V-83.34 E0.034085
G1 F X-41.56 Y0.36 Z17.3 U89.59 V-83.56 E0.034085
G1 F X-41.75 Y0.36 Z17.29 U89.6 V-83.77 E0.034085
G1 F X-41.95 Y0.36 Z17.29 U89.6 V-83.98 E0.034085
G1 F X-42.14 Y0.36 Z17.29 U89.61 V-84.19 E0.034085
G1 F X-42.33 Y0.37 Z17.28 U89.62 V-84.39 E0.034085
G1 F X-42.52 Y0.37 Z17.28 U89.62 V-84.59 E0.034085
G1 F X-42.72 Y0.37 Z17.28 U89.63 V-84.79 E0.034085
G1 F X-42.91 Y0.37 Z17.27 U89.63 V-84.99 E0.034085
G1 F X-43.1 Y0.37 Z17.27 U89.64 V-85.18 E0.034085
G1 F X-43.3 Y0.37 Z17.27 U89.65 V-85.37 E0.034085
G1 F X-43.49 Y0.37 Z17.26 U89.65 V-85.56 E0.034085
G1 F X-43.68 Y0.37 Z17.26 U89.66 V-85.74 E0.034085
G1 F X-43.88 Y0.37 Z17.26 U89.66 V-85.92 E0.034085
G1 F X-44.07 Y0.37 Z17.25 U89.67 V-86.1 E0.034085
G1 F X-44.27 Y0.37 Z17.25 U89.68 V-86.27 E0.034085
G1 F X-44.46 Y0.37 Z17.25 U89.68 V-86.44 E0.034085
G1 F X-44.66 Y0.37 Z17.24 U89.69 V-86.61 E0.034085
G1 F X-44.86 Y0.37 Z17.24 U89.7 V-86.78 E0.034085
G1 F X-45.05 Y0.37 Z17.23 U89.7 V-86.94 E0.034085
G1 F X-45.25 Y0.37 Z17.23 U89.71 V-87.09 E0.034085
G1 F X-45.44 Y0.37 Z17.23 U89.72 V-87.25 E0.034085
G1 F X-45.64 Y0.37 Z17.22 U89.72 V-87.4 E0.034085
G1 F X-45.84 Y0.37 Z17.22 U89.73 V-87.55 E0.034085
G1 F X-46.04 Y0.37 Z17.21 U89.74 V-87.69 E0.034085
G1 F X-46.23 Y0.37 Z17.21 U89.74 V-87.83 E0.034085
G1 F X-46.43 Y0.37 Z17.2 U89.75 V-87.96 E0.034085
G1 F X-46.63 Y0.37 Z17.2 U89.76 V-88.1 E0.034085
G1 F X-46.83 Y0.37 Z17.19 U89.76 V-88.22 E0.034085
G1 F X-47.03 Y0.37 Z17.19 U89.77 V-88.35 E0.034085
G1 F X-47.23 Y0.37 Z17.18 U89.78 V-88.47 E0.034085
G1 F X-47.3 Y0.37 Z17.18 U89.78 V-88.51 E0.013405
G1 F X-47.33 Y0.24 Z17.12 U89.85 V-88.52 E0.02068
G1 F X-47.36 Y0.04 Z17.02 U89.97 V-88.54 E0.034085
G1 F X-47.4 Y-0.16 Z16.92 U90.09 V-88.55 E0.034085
G1 F X-47.43 Y-0.37 Z16.83 U90.21 V-88.57 E0.034085
G1 F X-47.43 Y-0.37 Z17.03 U90.21 V-88.57 E0
G1 F X-47.72 Y-0.8 Z16.84 U90.44 V-88.72 E0
G1 F300 E-1.00 ;Filament Retraction!!
G1 F X-47.72 Y-0.8 Z16.64 U90.44 V-88.72 E0
G1 F X-47.53 Y-0.8 Z16.62 U90.45 V-88.61 E0.03408
G1 F300 E1.1;Filament (De)-Retraction!!
G1 F X-47.34 Y-0.8 Z16.61 U90.47 V-88.5 E0.03408
G1 F X-47.14 Y-0.8 Z16.6 U90.49 V-88.38 E0.03408
G1 F X-46.95 Y-0.81 Z16.59 U90.51 V-88.26 E0.03408
G1 F X-46.76 Y-0.81 Z16.57 U90.52 V-88.14 E0.03408
G1 F X-46.57 Y-0.81 Z16.56 U90.54 V-88.01 E0.03408
G1 F X-46.38 Y-0.81 Z16.55 U90.56 V-87.88 E0.03408
G1 F X-46.19 Y-0.81 Z16.54 U90.57 V-87.75 E0.03408
G1 F X-46 Y-0.81 Z16.53 U90.59 V-87.61 E0.03408
G1 F X-45.81 Y-0.81 Z16.51 U90.61 V-87.47 E0.03408
G1 F X-45.62 Y-0.81 Z16.5 U90.63 V-87.32 E0.03408
G1 F X-45.43 Y-0.82 Z16.49 U90.64 V-87.17 E0.03408
G1 F X-45.24 Y-0.82 Z16.48 U90.66 V-87.02 E0.03408
G1 F X-45.05 Y-0.82 Z16.47 U90.67 V-86.87 E0.03408
G1 F X-44.86 Y-0.82 Z16.46 U90.69 V-86.71 E0.03408
G1 F X-44.67 Y-0.82 Z16.45 U90.71 V-86.55 E0.03408
G1 F X-44.48 Y-0.82 Z16.44 U90.72 V-86.38 E0.03408
G1 F X-44.29 Y-0.82 Z16.43 U90.74 V-86.21 E0.03408
G1 F X-44.1 Y-0.82 Z16.42 U90.75 V-86.04 E0.03408
G1 F X-43.92 Y-0.83 Z16.41 U90.77 V-85.87 E0.03408
G1 F X-43.73 Y-0.83 Z16.4 U90.79 V-85.69 E0.03408
G1 F X-43.54 Y-0.83 Z16.39 U90.8 V-85.51 E0.03408
G1 F X-43.35 Y-0.83 Z16.38 U90.82 V-85.33 E0.03408
G1 F X-43.16 Y-0.83 Z16.38 U90.83 V-85.14 E0.03408
G1 F X-42.98 Y-0.83 Z16.37 U90.84 V-84.95 E0.03408
G1 F X-42.79 Y-0.84 Z16.36 U90.86 V-84.76 E0.03408
G1 F X-42.6 Y-0.84 Z16.35 U90.87 V-84.56 E0.03408
G1 F X-42.42 Y-0.84 Z16.34 U90.89 V-84.37 E0.03408
G1 F X-42.23 Y-0.84 Z16.34 U90.9 V-84.17 E0.03408
G1 F X-42.04 Y-0.84 Z16.33 U90.92 V-83.97 E0.03408
G1 F X-41.86 Y-0.84 Z16.32 U90.93 V-83.76 E0.03408
G1 F X-41.67 Y-0.84 Z16.31 U90.94 V-83.55 E0.03408
G1 F X-41.49 Y-0.85 Z16.31 U90.96 V-83.34 E0.03408
G1 F X-41.3 Y-0.85 Z16.3 U90.97 V-83.13 E0.03408
G1 F X-41.12 Y-0.85 Z16.29 U90.98 V-82.92 E0.03408
G1 F X-40.93 Y-0.85 Z16.29 U91 V-82.7 E0.03408
G1 F X-40.75 Y-0.85 Z16.28 U91.01 V-82.48 E0.03408
G1 F X-40.56 Y-0.85 Z16.28 U91.02 V-82.26 E0.03408
G1 F X-40.38 Y-0.85 Z16.27 U91.04 V-82.03 E0.03408
G1 F X-40.19 Y-0.86 Z16.26 U91.05 V-81.81 E0.03408
G1 F X-40.01 Y-0.86 Z16.26 U91.06 V-81.58 E0.03408
G1 F X-39.83 Y-0.86 Z16.25 U91.08 V-81.35 E0.03408
G1 F X-39.64 Y-0.86 Z16.25 U91.09 V-81.12 E0.03408
G1 F X-39.46 Y-0.86 Z16.24 U91.1 V-80.88 E0.03408
G1 F X-39.28 Y-0.86 Z16.24 U91.11 V-80.65 E0.03408
G1 F X-39.09 Y-0.87 Z16.23 U91.13 V-80.41 E0.03408
G1 F X-38.91 Y-0.87 Z16.23 U91.14 V-80.17 E0.03408
G1 F X-38.73 Y-0.87 Z16.22 U91.15 V-79.93 E0.03408
G1 F X-38.55 Y-0.87 Z16.22 U91.16 V-79.68 E0.03408
G1 F X-38.36 Y-0.87 Z16.21 U91.18 V-79.44 E0.03408
G1 F X-38.18 Y-0.87 Z16.21 U91.19 V-79.19 E0.03408
G1 F X-38 Y-0.88 Z16.2 U91.2 V-78.94 E0.03408
G1 F X-37.82 Y-0.88 Z16.2 U91.21 V-78.69 E0.03408
G1 F X-37.64 Y-0.88 Z16.19 U91.23 V-78.44 E0.03408
G1 F X-37.46 Y-0.88 Z16.19 U91.24 V-78.18 E0.03408
G1 F X-37.28 Y-0.88 Z16.19 U91.25 V-77.92 E0.03408
G1 F X-37.1 Y-0.88 Z16.18 U91.26 V-77.67 E0.03408
G1 F X-36.92 Y-0.89 Z16.18 U91.28 V-77.41 E0.03408
G1 F X-36.74 Y-0.89 Z16.18 U91.29 V-77.15 E0.03408
G1 F X-36.55 Y-0.89 Z16.17 U91.3 V-76.88 E0.03408
G1 F X-36.37 Y-0.89 Z16.17 U91.31 V-76.62 E0.03408
G1 F X-36.19 Y-0.89 Z16.17 U91.32 V-76.35 E0.03408
G1 F X-36.01 Y-0.89 Z16.17 U91.33 V-76.09 E0.03408
G1 F X-35.83 Y-0.89 Z16.17 U91.34 V-75.82 E0.03408
G1 F X-35.65 Y-0.9 Z16.16 U91.35 V-75.55 E0.03408
G1 F X-35.47 Y-0.9 Z16.16 U91.35 V-75.28 E0.03408
G1 F X-35.29 Y-0.9 Z16.16 U91.36 V-75 E0.03408
G1 F X-35.11 Y-0.9 Z16.16 U91.37 V-74.73 E0.03408
G1 F X-34.94 Y-0.9 Z16.16 U91.38 V-74.45 E0.03408
G1 F X-34.76 Y-0.9 Z16.16 U91.39 V-74.18 E0.03408
G1 F X-34.58 Y-0.9 Z16.16 U91.4 V-73.9 E0.03408
G1 F X-34.4 Y-0.9 Z16.16 U91.4 V-73.62 E0.03408
G1 F X-34.22 Y-0.91 Z16.16 U91.41 V-73.34 E0.03408
G1 F X-34.04 Y-0.91 Z16.16 U91.42 V-73.06 E0.03408
G1 F X-33.86 Y-0.91 Z16.16 U91.43 V-72.78 E0.03408
G1 F X-33.68 Y-0.91 Z16.16 U91.43 V-72.5 E0.03408
G1 F X-33.5 Y-0.91 Z16.16 U91.44 V-72.21 E0.03408
G1 F X-33.32 Y-0.91 Z16.16 U91.45 V-71.93 E0.03408
G1 F X-33.15 Y-0.91 Z16.16 U91.46 V-71.64 E0.03408
G1 F X-32.97 Y-0.91 Z16.16 U91.46 V-71.35 E0.03408
G1 F X-32.79 Y-0.91 Z16.16 U91.47 V-71.06 E0.03408
G1 F X-32.61 Y-0.92 Z16.16 U91.48 V-70.78 E0.03408
G1 F X-32.43 Y-0.92 Z16.16 U91.49 V-70.49 E0.03408
G1 F X-32.26 Y-0.92 Z16.16 U91.49 V-70.2 E0.03408
G1 F X-32.08 Y-0.92 Z16.16 U91.5 V-69.9 E0.03408
G1 F X-31.9 Y-0.92 Z16.16 U91.51 V-69.61 E0.03408
G1 F X-31.72 Y-0.92 Z16.16 U91.52 V-69.32 E0.03408
G1 F X-31.55 Y-0.92 Z16.16 U91.52 V-69.03 E0.03408
G1 F X-31.37 Y-0.92 Z16.16 U91.53 V-68.73 E0.03408
G1 F X-31.19 Y-0.92 Z16.16 U91.54 V-68.44 E0.03408
G1 F X-31.02 Y-0.93 Z16.16 U91.55 V-68.14 E0.03408
G1 F X-30.84 Y-0.93 Z16.17 U91.55 V-67.85 E0.03408
G1 F X-30.66 Y-0.93 Z16.17 U91.56 V-67.55 E0.03408
G1 F X-30.48 Y-0.93 Z16.17 U91.56 V-67.25 E0.03408
G1 F X-30.31 Y-0.93 Z16.17 U91.57 V-66.95 E0.03408
G1 F X-30.13 Y-0.93 Z16.17 U91.57 V-66.65 E0.03408
G1 F X-29.95 Y-0.93 Z16.18 U91.58 V-66.35 E0.03408
G1 F X-29.77 Y-0.93 Z16.18 U91.58 V-66.05 E0.03408
G1 F X-29.6 Y-0.93 Z16.18 U91.59 V-65.75 E0.03408
G1 F X-29.42 Y-0.93 Z16.19 U91.59 V-65.45 E0.03408
G1 F X-29.24 Y-0.93 Z16.19 U91.59 V-65.15 E0.03408
G1 F X-29.06 Y-0.93 Z16.19 U91.59 V-64.85 E0.03408
G1 F X-28.89 Y-0.93 Z16.2 U91.6 V-64.54 E0.03408
G1 F X-28.71 Y-0.93 Z16.2 U91.6 V-64.24 E0.03408
G1 F X-28.67 Y-0.93 Z16.2 U91.6 V-64.18 E0.006846
G1 F X-28.58 Y-0.74 Z16.37 U91.27 V-64.06 E0.027234
G1 F X-28.46 Y-0.49 Z16.58 U90.85 V-63.91 E0.03408
G1 F X-28.34 Y-0.25 Z16.79 U90.43 V-63.76 E0.03408
G1 F X-28.21 Y-0.01 Z16.99 U90.01 V-63.61 E0.03408
G1 F X-28.09 Y0.24 Z17.2 U89.59 V-63.46 E0.03408
G1 F X-27.96 Y0.48 Z17.41 U89.17 V-63.31 E0.03408
G1 F X-27.83 Y0.73 Z17.61 U88.75 V-63.16 E0.03408
G1 F X-27.72 Y0.94 Z17.78 U88.39 V-63.03 E0.028866
G1 F X-27.75 Y0.94 Z17.78 U88.39 V-63.08 E0.005214
G1 F X-27.93 Y0.94 Z17.78 U88.4 V-63.38 E0.03408
G1 F X-28.11 Y0.93 Z17.79 U88.4 V-63.69 E0.03408
G1 F X-28.29 Y0.93 Z17.79 U88.4 V-64 E0.03408
G1 F X-28.47 Y0.93 Z17.79 U88.41 V-64.3 E0.03408
G1 F X-28.65 Y0.93 Z17.8 U88.41 V-64.61 E0.03408
G1 F X-28.83 Y0.93 Z17.8 U88.42 V-64.91 E0.03408
G1 F X-29.01 Y0.93 Z17.8 U88.42 V-65.22 E0.03408
G1 F X-29.19 Y0.93 Z17.8 U88.43 V-65.52 E0.03408
G1 F X-29.37 Y0.93 Z17.81 U88.43 V-65.83 E0.03408
G1 F X-29.55 Y0.93 Z17.81 U88.44 V-66.13 E0.03408
G1 F X-29.73 Y0.93 Z17.81 U88.44 V-66.44 E0.03408
G1 F X-29.91 Y0.93 Z17.81 U88.44 V-66.74 E0.03408
G1 F X-30.09 Y0.93 Z17.82 U88.45 V-67.04 E0.03408
G1 F X-30.27 Y0.93 Z17.82 U88.45 V-67.34 E0.03408
G1 F X-30.45 Y0.93 Z17.82 U88.46 V-67.65 E0.03408
G1 F X-30.63 Y0.93 Z17.82 U88.46 V-67.95 E0.03408
G1 F X-30.81 Y0.92 Z17.83 U88.47 V-68.25 E0.03408
G1 F X-30.99 Y0.92 Z17.83 U88.47 V-68.55 E0.03408
G1 F X-31.17 Y0.92 Z17.83 U88.47 V-68.85 E0.03408
G1 F X-31.35 Y0.92 Z17.83 U88.48 V-69.14 E0.03408
G1 F X-31.53 Y0.92 Z17.84 U88.48 V-69.44 E0.03408
G1 F X-31.71 Y0.92 Z17.84 U88.49 V-69.74 E0.03408
G1 F X-31.9 Y0.92 Z17.84 U88.49 V-70.03 E0.03408
G1 F X-32.08 Y0.92 Z17.84 U88.5 V-70.33 E0.03408
G1 F X-32.26 Y0.92 Z17.84 U88.51 V-70.63 E0.03408
G1 F X-32.44 Y0.92 Z17.84 U88.51 V-70.92 E0.03408
G1 F X-32.62 Y0.92 Z17.84 U88.52 V-71.21 E0.03408
G1 F X-32.81 Y0.91 Z17.85 U88.53 V-71.51 E0.03408
G1 F X-32.99 Y0.91 Z17.85 U88.54 V-71.8 E0.03408
G1 F X-33.17 Y0.91 Z17.85 U88.54 V-72.09 E0.03408
G1 F X-33.36 Y0.91 Z17.84 U88.55 V-72.38 E0.03408
G1 F X-33.54 Y0.91 Z17.84 U88.56 V-72.67 E0.03408
G1 F X-33.73 Y0.91 Z17.84 U88.57 V-72.96 E0.03408
G1 F X-33.91 Y0.91 Z17.84 U88.58 V-73.25 E0.03408
G1 F X-34.09 Y0.91 Z17.84 U88.59 V-73.53 E0.03408
G1 F X-34.28 Y0.9 Z17.84 U88.6 V-73.82 E0.03408
G1 F X-34.46 Y0.9 Z17.84 U88.61 V-74.1 E0.03408
G1 F X-34.65 Y0.9 Z17.84 U88.62 V-74.39 E0.03408
G1 F X-34.83 Y0.9 Z17.83 U88.63 V-74.67 E0.03408
G1 F X-35.02 Y0.9 Z17.83 U88.64 V-74.95 E0.03408
G1 F X-35.21 Y0.9 Z17.83 U88.65 V-75.23 E0.03408
G1 F X-35.39 Y0.9 Z17.83 U88.66 V-75.51 E0.03408
G1 F X-35.58 Y0.89 Z17.83 U88.67 V-75.78 E0.03408
G1 F X-35.77 Y0.89 Z17.82 U88.68 V-76.06 E0.03408
G1 F X-35.95 Y0.89 Z17.82 U88.69 V-76.33 E0.03408
G1 F X-36.14 Y0.89 Z17.82 U88.7 V-76.61 E0.03408
G1 F X-36.33 Y0.89 Z17.82 U88.72 V-76.88 E0.03408
G1 F X-36.51 Y0.89 Z17.81 U88.73 V-77.15 E0.03408
G1 F X-36.7 Y0.88 Z17.81 U88.74 V-77.42 E0.03408
G1 F X-36.89 Y0.88 Z17.81 U88.75 V-77.68 E0.03408
G1 F X-37.08 Y0.88 Z17.8 U88.76 V-77.95 E0.03408
G1 F X-37.26 Y0.88 Z17.8 U88.77 V-78.21 E0.03408
G1 F X-37.45 Y0.88 Z17.8 U88.78 V-78.47 E0.03408
G1 F X-37.64 Y0.88 Z17.8 U88.79 V-78.73 E0.03408
G1 F X-37.83 Y0.88 Z17.79 U88.8 V-78.99 E0.03408
G1 F X-38.02 Y0.87 Z17.79 U88.81 V-79.25 E0.03408
G1 F X-38.21 Y0.87 Z17.78 U88.83 V-79.5 E0.03408
G1 F X-38.4 Y0.87 Z17.78 U88.84 V-79.75 E0.03408
G1 F X-38.59 Y0.87 Z17.78 U88.85 V-80 E0.03408
G1 F X-38.78 Y0.87 Z17.77 U88.86 V-80.25 E0.03408
G1 F X-38.97 Y0.87 Z17.77 U88.87 V-80.5 E0.03408
G1 F X-39.16 Y0.86 Z17.76 U88.89 V-80.74 E0.03408
G1 F X-39.35 Y0.86 Z17.76 U88.9 V-80.99 E0.03408
G1 F X-39.54 Y0.86 Z17.75 U88.91 V-81.23 E0.03408
G1 F X-39.73 Y0.86 Z17.75 U88.93 V-81.47 E0.03408
G1 F X-39.92 Y0.86 Z17.74 U88.94 V-81.7 E0.03408
G1 F X-40.12 Y0.86 Z17.73 U88.95 V-81.94 E0.03408
G1 F X-40.31 Y0.85 Z17.73 U88.97 V-82.17 E0.03408
G1 F X-40.5 Y0.85 Z17.72 U88.98 V-82.4 E0.03408
G1 F X-40.7 Y0.85 Z17.71 U89 V-82.63 E0.03408
G1 F X-40.89 Y0.85 Z17.71 U89.01 V-82.85 E0.03408
G1 F X-41.08 Y0.85 Z17.7 U89.02 V-83.07 E0.03408
G1 F X-41.28 Y0.85 Z17.69 U89.04 V-83.29 E0.03408
G1 F X-41.47 Y0.84 Z17.69 U89.05 V-83.51 E0.03408
G1 F X-41.67 Y0.84 Z17.68 U89.07 V-83.73 E0.03408
G1 F X-41.86 Y0.84 Z17.67 U89.08 V-83.94 E0.03408
G1 F X-42.06 Y0.84 Z17.66 U89.1 V-84.15 E0.03408
G1 F X-42.25 Y0.84 Z17.65 U89.11 V-84.36 E0.03408
G1 F X-42.45 Y0.84 Z17.65 U89.13 V-84.56 E0.03408
G1 F X-42.64 Y0.84 Z17.64 U89.14 V-84.76 E0.03408
G1 F X-42.84 Y0.83 Z17.63 U89.16 V-84.96 E0.03408
G1 F X-43.04 Y0.83 Z17.62 U89.18 V-85.16 E0.03408
G1 F X-43.23 Y0.83 Z17.61 U89.19 V-85.35 E0.03408
G1 F X-43.43 Y0.83 Z17.6 U89.21 V-85.54 E0.03408
G1 F X-43.63 Y0.83 Z17.59 U89.22 V-85.72 E0.03408
G1 F X-43.83 Y0.83 Z17.58 U89.24 V-85.91 E0.03408
G1 F X-44.02 Y0.82 Z17.57 U89.26 V-86.09 E0.03408
G1 F X-44.22 Y0.82 Z17.56 U89.27 V-86.26 E0.03408
G1 F X-44.42 Y0.82 Z17.55 U89.29 V-86.44 E0.03408
G1 F X-44.62 Y0.82 Z17.54 U89.3 V-86.61 E0.03408
G1 F X-44.82 Y0.82 Z17.53 U89.32 V-86.77 E0.03408
G1 F X-45.02 Y0.82 Z17.52 U89.34 V-86.94 E0.03408
G1 F X-45.22 Y0.82 Z17.51 U89.35 V-87.1 E0.03408
G1 F X-45.42 Y0.82 Z17.5 U89.37 V-87.25 E0.03408
G1 F X-45.62 Y0.81 Z17.49 U89.39 V-87.4 E0.03408
G1 F X-45.82 Y0.81 Z17.48 U89.4 V-87.55 E0.03408
G1 F X-46.02 Y0.81 Z17.47 U89.42 V-87.7 E0.03408
G1 F X-46.22 Y0.81 Z17.46 U89.44 V-87.84 E0.03408
G1 F X-46.42 Y0.81 Z17.44 U89.45 V-87.97 E0.03408
G1 F X-46.62 Y0.81 Z17.43 U89.47 V-88.11 E0.03408
G1 F X-46.82 Y0.81 Z17.42 U89.49 V-88.24 E0.03408
G1 F X-47.02 Y0.81 Z17.41 U89.5 V-88.36 E0.03408
G1 F X-47.23 Y0.8 Z17.4 U89.52 V-88.48 E0.03408
G1 F X-47.43 Y0.8 Z17.38 U89.54 V-88.6 E0.03408
G1 F X-47.63 Y0.8 Z17.37 U89.56 V-88.71 E0.03408
G1 F X-47.66 Y0.8 Z17.37 U89.56 V-88.72 E0.004275
G1 F X-47.69 Y0.62 Z17.29 U89.66 V-88.74 E0.029806
G1 F X-47.72 Y0.42 Z17.19 U89.77 V-88.75 E0.03408
G1 F X-47.75 Y0.22 Z17.1 U89.88 V-88.76 E0.03408
G1 F X-47.79 Y0.01 Z17.01 U89.99 V-88.77 E0.03408
G1 F X-47.82 Y-0.19 Z16.92 U90.1 V-88.79 E0.03408
G1 F X-47.85 Y-0.39 Z16.83 U90.21 V-88.8 E0.03408
G1 F X-47.88 Y-0.6 Z16.74 U90.31 V-88.81 E0.03408
G1 F X-47.91 Y-0.8 Z16.65 U90.42 V-88.82 E0.03408
G1 F X-47.91 Y-0.8 Z16.85 U90.42 V-88.82 E0
G1 F X-47.25 Y-0.37 Z19.02 U90.22 V-88.46 E0
G1 F300 E-1.00 ;Filament Retraction!!
G1 F X-47.25 Y-0.37 Z18.82 U90.22 V-88.46 E0
G1 F X-47.05 Y-0.37 Z18.82 U90.22 V-88.34 E0.034106
G1 F300 E1.1;Filament (De)-Retraction!!
G1 F X-46.86 Y-0.37 Z18.81 U90.23 V-88.22 E0.034106
G1 F X-46.66 Y-0.37 Z18.8 U90.24 V-88.09 E0.034106
G1 F X-46.47 Y-0.37 Z18.8 U90.25 V-87.96 E0.034106
G1 F X-46.28 Y-0.37 Z18.79 U90.26 V-87.83 E0.034106
G1 F X-46.09 Y-0.37 Z18.79 U90.26 V-87.69 E0.034106
G1 F X-45.89 Y-0.37 Z18.78 U90.27 V-87.55 E0.034106
G1 F X-45.7 Y-0.37 Z18.78 U90.28 V-87.41 E0.034106
G1 F X-45.51 Y-0.37 Z18.77 U90.29 V-87.26 E0.034106
G1 F X-45.32 Y-0.37 Z18.77 U90.29 V-87.11 E0.034106
G1 F X-45.13 Y-0.37 Z18.76 U90.3 V-86.96 E0.034106
G1 F X-44.94 Y-0.37 Z18.76 U90.31 V-86.8 E0.034106
G1 F X-44.75 Y-0.37 Z18.76 U90.31 V-86.64 E0.034106
G1 F X-44.56 Y-0.37 Z18.75 U90.32 V-86.47 E0.034106
G1 F X-44.37 Y-0.37 Z18.75 U90.33 V-86.31 E0.034106
G1 F X-44.18 Y-0.37 Z18.74 U90.33 V-86.14 E0.034106
G1 F X-43.99 Y-0.37 Z18.74 U90.34 V-85.96 E0.034106
G1 F X-43.8 Y-0.37 Z18.74 U90.35 V-85.79 E0.034106
G1 F X-43.61 Y-0.37 Z18.73 U90.35 V-85.61 E0.034106
G1 F X-43.42 Y-0.37 Z18.73 U90.36 V-85.43 E0.034106
G1 F X-43.23 Y-0.37 Z18.73 U90.36 V-85.24 E0.034106
G1 F X-43.04 Y-0.37 Z18.72 U90.37 V-85.05 E0.034106
G1 F X-42.85 Y-0.37 Z18.72 U90.37 V-84.86 E0.034106
G1 F X-42.67 Y-0.37 Z18.72 U90.38 V-84.67 E0.034106
G1 F X-42.48 Y-0.37 Z18.71 U90.39 V-84.47 E0.034106
G1 F X-42.29 Y-0.37 Z18.71 U90.39 V-84.28 E0.034106
G1 F X-42.1 Y-0.37 Z18.71 U90.4 V-84.07 E0.034106
G1 F X-41.92 Y-0.37 Z18.71 U90.4 V-83.87 E0.034106
G1 F X-41.73 Y-0.37 Z18.7 U90.41 V-83.67 E0.034106
G1 F X-41.54 Y-0.36 Z18.7 U90.41 V-83.46 E0.034106
G1 F X-41.36 Y-0.36 Z18.7 U90.42 V-83.25 E0.034106
G1 F X-41.17 Y-0.36 Z18.7 U90.42 V-83.03 E0.034106
G1 F X-40.99 Y-0.36 Z18.7 U90.42 V-82.82 E0.034106
G1 F X-40.8 Y-0.36 Z18.69 U90.43 V-82.6 E0.034106
G1 F X-40.62 Y-0.36 Z18.69 U90.43 V-82.38 E0.034106
G1 F X-40.43 Y-0.36 Z18.69 U90.44 V-82.16 E0.034106
G1 F X-40.25 Y-0.36 Z18.69 U90.44 V-81.93 E0.034106
G1 F X-40.06 Y-0.36 Z18.69 U90.45 V-81.71 E0.034106
G1 F X-39.88 Y-0.36 Z18.69 U90.45 V-81.48 E0.034106
G1 F X-39.7 Y-0.36 Z18.68 U90.46 V-81.25 E0.034106
G1 F X-39.51 Y-0.36 Z18.68 U90.46 V-81.01 E0.034106
G1 F X-39.33 Y-0.36 Z18.68 U90.47 V-80.78 E0.034106
G1 F X-39.15 Y-0.36 Z18.68 U90.47 V-80.54 E0.034106
G1 F X-38.97 Y-0.36 Z18.68 U90.47 V-80.31 E0.034106
G1 F X-38.78 Y-0.36 Z18.68 U90.48 V-80.07 E0.034106
G1 F X-38.6 Y-0.36 Z18.68 U90.48 V-79.82 E0.034106
G1 F X-38.42 Y-0.36 Z18.67 U90.49 V-79.58 E0.034106
G1 F X-38.24 Y-0.36 Z18.67 U90.49 V-79.34 E0.034106
G1 F X-38.06 Y-0.36 Z18.67 U90.5 V-79.09 E0.034106
G1 F X-37.88 Y-0.36 Z18.67 U90.5 V-78.84 E0.034106
G1 F X-37.7 Y-0.36 Z18.67 U90.51 V-78.59 E0.034106
G1 F X-37.52 Y-0.36 Z18.67 U90.51 V-78.34 E0.034106
G1 F X-37.34 Y-0.36 Z18.66 U90.52 V-78.09 E0.034106
G1 F X-37.16 Y-0.36 Z18.66 U90.52 V-77.83 E0.034106
G1 F X-36.98 Y-0.36 Z18.66 U90.52 V-77.58 E0.034106
G1 F X-36.8 Y-0.36 Z18.66 U90.53 V-77.32 E0.034106
G1 F X-36.62 Y-0.36 Z18.66 U90.53 V-77.06 E0.034106
G1 F X-36.44 Y-0.36 Z18.66 U90.54 V-76.8 E0.034106
G1 F X-36.26 Y-0.36 Z18.66 U90.54 V-76.54 E0.034106
G1 F X-36.08 Y-0.36 Z18.66 U90.54 V-76.27 E0.034106
G1 F X-35.9 Y-0.36 Z18.66 U90.54 V-76.01 E0.034106
G1 F X-35.72 Y-0.36 Z18.66 U90.55 V-75.74 E0.034106
G1 F X-35.54 Y-0.36 Z18.66 U90.55 V-75.47 E0.034106
G1 F X-35.36 Y-0.36 Z18.66 U90.55 V-75.2 E0.034106
G1 F X-35.18 Y-0.36 Z18.66 U90.55 V-74.93 E0.034106
G1 F X-35.01 Y-0.36 Z18.66 U90.55 V-74.66 E0.034106
G1 F X-34.83 Y-0.36 Z18.66 U90.56 V-74.39 E0.034106
G1 F X-34.65 Y-0.36 Z18.66 U90.56 V-74.12 E0.034106
G1 F X-34.47 Y-0.36 Z18.66 U90.56 V-73.84 E0.034106
G1 F X-34.3 Y-0.36 Z18.66 U90.56 V-73.56 E0.034106
G1 F X-34.12 Y-0.36 Z18.67 U90.56 V-73.29 E0.034106
G1 F X-33.94 Y-0.36 Z18.67 U90.57 V-73.01 E0.034106
G1 F X-33.76 Y-0.36 Z18.67 U90.57 V-72.73 E0.034106
G1 F X-33.59 Y-0.36 Z18.67 U90.57 V-72.45 E0.034106
G1 F X-33.41 Y-0.36 Z18.67 U90.57 V-72.17 E0.034106
G1 F X-33.23 Y-0.36 Z18.67 U90.57 V-71.89 E0.034106
G1 F X-33.06 Y-0.36 Z18.67 U90.57 V-71.61 E0.034106
G1 F X-32.88 Y-0.36 Z18.67 U90.58 V-71.32 E0.034106
G1 F X-32.71 Y-0.36 Z18.67 U90.58 V-71.04 E0.034106
G1 F X-32.53 Y-0.36 Z18.67 U90.58 V-70.76 E0.034106
G1 F X-32.35 Y-0.36 Z18.67 U90.58 V-70.47 E0.034106
G1 F X-32.18 Y-0.36 Z18.67 U90.59 V-70.18 E0.034106
G1 F X-32 Y-0.36 Z18.67 U90.59 V-69.9 E0.034106
G1 F X-31.83 Y-0.36 Z18.67 U90.59 V-69.61 E0.034106
G1 F X-31.65 Y-0.36 Z18.67 U90.59 V-69.32 E0.034106
G1 F X-31.48 Y-0.36 Z18.67 U90.6 V-69.03 E0.034106
G1 F X-31.31 Y-0.36 Z18.67 U90.6 V-68.75 E0.034106
G1 F X-31.13 Y-0.36 Z18.67 U90.6 V-68.46 E0.034106
G1 F X-30.96 Y-0.36 Z18.67 U90.61 V-68.17 E0.034106
G1 F X-30.78 Y-0.36 Z18.67 U90.61 V-67.88 E0.034106
G1 F X-30.61 Y-0.36 Z18.67 U90.61 V-67.58 E0.034106
G1 F X-30.43 Y-0.36 Z18.67 U90.62 V-67.29 E0.034106
G1 F X-30.26 Y-0.36 Z18.67 U90.62 V-67 E0.034106
G1 F X-30.09 Y-0.36 Z18.68 U90.62 V-66.7 E0.034106
G1 F X-29.91 Y-0.36 Z18.68 U90.62 V-66.41 E0.034106
G1 F X-29.74 Y-0.36 Z18.68 U90.62 V-66.12 E0.034106
G1 F X-29.56 Y-0.36 Z18.68 U90.62 V-65.82 E0.034106
G1 F X-29.39 Y-0.36 Z18.68 U90.62 V-65.52 E0.034106
G1 F X-29.21 Y-0.36 Z18.68 U90.62 V-65.23 E0.034106
G1 F X-29.04 Y-0.36 Z18.69 U90.62 V-64.93 E0.034106
G1 F X-28.86 Y-0.36 Z18.69 U90.62 V-64.63 E0.034106
G1 F X-28.83 Y-0.36 Z18.69 U90.62 V-64.58 E0.006006
G1 F X-28.71 Y-0.15 Z18.87 U90.25 V-64.43 E0.0281
G1 F X-28.56 Y0.12 Z19.1 U89.8 V-64.24 E0.034106
G1 F X-28.42 Y0.36 Z19.31 U89.38 V-64.07 E0.031943
G1 F X-28.43 Y0.36 Z19.31 U89.38 V-64.08 E0.002163
G1 F X-28.61 Y0.36 Z19.31 U89.39 V-64.38 E0.034106
G1 F X-28.78 Y0.36 Z19.31 U89.39 V-64.68 E0.034106
G1 F X-28.96 Y0.36 Z19.31 U89.39 V-64.98 E0.034106
G1 F X-29.13 Y0.36 Z19.31 U89.39 V-65.28 E0.034106
G1 F X-29.31 Y0.36 Z19.31 U89.39 V-65.57 E0.034106
G1 F X-29.48 Y0.36 Z19.31 U89.4 V-65.87 E0.034106
G1 F X-29.66 Y0.36 Z19.31 U89.4 V-66.16 E0.034106
G1 F X-29.83 Y0.36 Z19.31 U89.4 V-66.46 E0.034106
G1 F X-30.01 Y0.36 Z19.31 U89.4 V-66.76 E0.034106
G1 F X-30.18 Y0.36 Z19.32 U89.4 V-67.05 E0.034106
G1 F X-30.36 Y0.36 Z19.32 U89.4 V-67.34 E0.034106
G1 F X-30.53 Y0.36 Z19.32 U89.4 V-67.64 E0.034106
G1 F X-30.71 Y0.36 Z19.32 U89.4 V-67.93 E0.034106
G1 F X-30.88 Y0.36 Z19.32 U89.4 V-68.22 E0.034106
G1 F X-31.06 Y0.36 Z19.32 U89.4 V-68.51 E0.034106
G1 F X-31.23 Y0.36 Z19.33 U89.4 V-68.8 E0.034106
G1 F X-31.41 Y0.36 Z19.33 U89.4 V-69.09 E0.034106
G1 F X-31.59 Y0.36 Z19.33 U89.4 V-69.38 E0.034106
G1 F X-31.76 Y0.36 Z19.33 U89.4 V-69.67 E0.034106
G1 F X-31.94 Y0.36 Z19.33 U89.4 V-69.96 E0.034106
G1 F X-32.11 Y0.36 Z19.33 U89.4 V-70.25 E0.034106
G1 F X-32.29 Y0.36 Z19.34 U89.41 V-70.53 E0.034106
G1 F X-32.47 Y0.36 Z19.34 U89.41 V-70.82 E0.034106
G1 F X-32.64 Y0.36 Z19.34 U89.41 V-71.1 E0.034106
G1 F X-32.82 Y0.36 Z19.34 U89.41 V-71.39 E0.034106
G1 F X-33 Y0.36 Z19.34 U89.41 V-71.67 E0.034106
G1 F X-33.18 Y0.36 Z19.34 U89.42 V-71.96 E0.034106
G1 F X-33.35 Y0.36 Z19.34 U89.42 V-72.24 E0.034106
G1 F X-33.53 Y0.36 Z19.34 U89.42 V-72.52 E0.034106
G1 F X-33.71 Y0.36 Z19.34 U89.42 V-72.8 E0.034106
G1 F X-33.89 Y0.36 Z19.34 U89.43 V-73.08 E0.034106
G1 F X-34.07 Y0.36 Z19.34 U89.43 V-73.36 E0.034106
G1 F X-34.24 Y0.36 Z19.34 U89.43 V-73.64 E0.034106
G1 F X-34.42 Y0.36 Z19.34 U89.44 V-73.92 E0.034106
G1 F X-34.6 Y0.36 Z19.34 U89.44 V-74.19 E0.034106
G1 F X-34.78 Y0.36 Z19.34 U89.45 V-74.47 E0.034106
G1 F X-34.96 Y0.36 Z19.34 U89.45 V-74.74 E0.034106
G1 F X-35.14 Y0.36 Z19.34 U89.45 V-75.01 E0.034106
G1 F X-35.32 Y0.36 Z19.34 U89.46 V-75.28 E0.034106
G1 F X-35.5 Y0.36 Z19.33 U89.46 V-75.56 E0.034106
G1 F X-35.68 Y0.36 Z19.33 U89.46 V-75.82 E0.034106
G1 F X-35.86 Y0.36 Z19.33 U89.47 V-76.09 E0.034106
G1 F X-36.04 Y0.36 Z19.33 U89.47 V-76.36 E0.034106
G1 F X-36.23 Y0.36 Z19.33 U89.48 V-76.62 E0.034106
G1 F X-36.41 Y0.36 Z19.33 U89.48 V-76.89 E0.034106
G1 F X-36.59 Y0.36 Z19.33 U89.48 V-77.15 E0.034106
G1 F X-36.77 Y0.36 Z19.33 U89.49 V-77.41 E0.034106
G1 F X-36.95 Y0.36 Z19.33 U89.49 V-77.67 E0.034106
G1 F X-37.13 Y0.36 Z19.33 U89.49 V-77.93 E0.034106
G1 F X-37.31 Y0.36 Z19.33 U89.5 V-78.18 E0.034106
G1 F X-37.5 Y0.36 Z19.33 U89.5 V-78.44 E0.034106
G1 F X-37.68 Y0.36 Z19.33 U89.5 V-78.69 E0.034106
G1 F X-37.86 Y0.36 Z19.33 U89.5 V-78.94 E0.034106
G1 F X-38.05 Y0.36 Z19.33 U89.51 V-79.19 E0.034106
G1 F X-38.23 Y0.36 Z19.33 U89.51 V-79.44 E0.034106
G1 F X-38.41 Y0.36 Z19.33 U89.51 V-79.69 E0.034106
G1 F X-38.6 Y0.36 Z19.33 U89.52 V-79.93 E0.034106
G1 F X-38.78 Y0.36 Z19.33 U89.52 V-80.17 E0.034106
G1 F X-38.97 Y0.36 Z19.32 U89.52 V-80.42 E0.034106
G1 F X-39.15 Y0.36 Z19.32 U89.53 V-80.65 E0.034106
G1 F X-39.34 Y0.36 Z19.32 U89.53 V-80.89 E0.034106
G1 F X-39.52 Y0.36 Z19.32 U89.54 V-81.13 E0.034106
G1 F X-39.71 Y0.36 Z19.32 U89.54 V-81.36 E0.034106
G1 F X-39.89 Y0.36 Z19.32 U89.55 V-81.59 E0.034106
G1 F X-40.08 Y0.36 Z19.31 U89.55 V-81.82 E0.034106
G1 F X-40.27 Y0.36 Z19.31 U89.56 V-82.05 E0.034106
G1 F X-40.46 Y0.36 Z19.31 U89.56 V-82.28 E0.034106
G1 F X-40.64 Y0.36 Z19.31 U89.57 V-82.5 E0.034106
G1 F X-40.83 Y0.37 Z19.31 U89.57 V-82.72 E0.034106
G1 F X-41.02 Y0.37 Z19.3 U89.58 V-82.94 E0.034106
G1 F X-41.21 Y0.37 Z19.3 U89.58 V-83.16 E0.034106
G1 F X-41.4 Y0.37 Z19.3 U89.59 V-83.37 E0.034106
G1 F X-41.59 Y0.37 Z19.3 U89.59 V-83.58 E0.034106
G1 F X-41.78 Y0.37 Z19.29 U89.6 V-83.79 E0.034106
G1 F X-41.97 Y0.37 Z19.29 U89.6 V-84 E0.034106
G1 F X-42.16 Y0.37 Z19.29 U89.61 V-84.2 E0.034106
G1 F X-42.35 Y0.37 Z19.28 U89.62 V-84.41 E0.034106
G1 F X-42.54 Y0.37 Z19.28 U89.62 V-84.61 E0.034106
G1 F X-42.73 Y0.37 Z19.28 U89.63 V-84.8 E0.034106
G1 F X-42.92 Y0.37 Z19.27 U89.63 V-85 E0.034106
G1 F X-43.11 Y0.37 Z19.27 U89.64 V-85.19 E0.034106
G1 F X-43.3 Y0.37 Z19.27 U89.65 V-85.37 E0.034106
G1 F X-43.5 Y0.37 Z19.26 U89.65 V-85.56 E0.034106
G1 F X-43.69 Y0.37 Z19.26 U89.66 V-85.74 E0.034106
G1 F X-43.88 Y0.37 Z19.26 U89.66 V-85.92 E0.034106
G1 F X-44.08 Y0.37 Z19.25 U89.67 V-86.1 E0.034106
G1 F X-44.27 Y0.37 Z19.25 U89.68 V-86.27 E0.034106
G1 F X-44.46 Y0.37 Z19.25 U89.68 V-86.44 E0.034106
G1 F X-44.66 Y0.37 Z19.24 U89.69 V-86.61 E0.034106
G1 F X-44.85 Y0.37 Z19.24 U89.7 V-86.77 E0.034106
G1 F X-45.05 Y0.37 Z19.23 U89.7 V-86.93 E0.034106
G1 F X-45.24 Y0.37 Z19.23 U89.71 V-87.09 E0.034106
G1 F X-45.44 Y0.37 Z19.23 U89.72 V-87.24 E0.034106
G1 F X-45.63 Y0.37 Z19.22 U89.72 V-87.39 E0.034106
G1 F X-45.83 Y0.37 Z19.22 U89.73 V-87.54 E0.034106
G1 F X-46.03 Y0.37 Z19.21 U89.74 V-87.68 E0.034106
G1 F X-46.22 Y0.37 Z19.21 U89.74 V-87.82 E0.034106
G1 F X-46.42 Y0.37 Z19.2 U89.75 V-87.96 E0.034106
G1 F X-46.62 Y0.37 Z19.2 U89.76 V-88.09 E0.034106
G1 F X-46.82 Y0.37 Z19.19 U89.76 V-88.22 E0.034106
G1 F X-47.02 Y0.37 Z19.19 U89.77 V-88.34 E0.034106
G1 F X-47.21 Y0.37 Z19.18 U89.78 V-88.46 E0.034106
G1 F X-47.3 Y0.37 Z19.18 U89.78 V-88.51 E0.014264
G1 F X-47.32 Y0.25 Z19.12 U89.85 V-88.52 E0.019842
G1 F X-47.36 Y0.04 Z19.02 U89.97 V-88.54 E0.034106
G1 F X-47.4 Y-0.16 Z18.92 U90.09 V-88.55 E0.034106
G1 F X-47.44 Y-0.37 Z18.83 U90.21 V-88.57 E0.034106
G1 F X-47.44 Y-0.37 Z19.03 U90.21 V-88.57 E0
G1 F X-47.74 Y-0.81 Z18.84 U90.44 V-88.73 E0
G1 F300 E-1.00 ;Filament Retraction!!
G1 F X-47.74 Y-0.81 Z18.64 U90.44 V-88.73 E0
G1 F X-47.55 Y-0.81 Z18.62 U90.45 V-88.62 E0.034139
G1 F300 E1.1;Filament (De)-Retraction!!
G1 F X-47.35 Y-0.81 Z18.61 U90.47 V-88.51 E0.034139
G1 F X-47.16 Y-0.81 Z18.6 U90.49 V-88.39 E0.034139
G1 F X-46.97 Y-0.81 Z18.58 U90.51 V-88.27 E0.034139
G1 F X-46.78 Y-0.81 Z18.57 U90.52 V-88.15 E0.034139
G1 F X-46.59 Y-0.81 Z18.56 U90.54 V-88.03 E0.034139
G1 F X-46.4 Y-0.82 Z18.55 U90.56 V-87.9 E0.034139
G1 F X-46.21 Y-0.82 Z18.53 U90.58 V-87.76 E0.034139
G1 F X-46.02 Y-0.82 Z18.52 U90.59 V-87.63 E0.034139
G1 F X-45.84 Y-0.82 Z18.51 U90.61 V-87.49 E0.034139
G1 F X-45.65 Y-0.82 Z18.5 U90.63 V-87.34 E0.034139
G1 F X-45.46 Y-0.82 Z18.49 U90.65 V-87.2 E0.034139
G1 F X-45.27 Y-0.83 Z18.48 U90.66 V-87.05 E0.034139
G1 F X-45.08 Y-0.83 Z18.47 U90.68 V-86.89 E0.034139
G1 F X-44.9 Y-0.83 Z18.45 U90.7 V-86.74 E0.034139
G1 F X-44.71 Y-0.83 Z18.44 U90.71 V-86.58 E0.034139
G1 F X-44.52 Y-0.83 Z18.43 U90.73 V-86.42 E0.034139
G1 F X-44.33 Y-0.83 Z18.42 U90.75 V-86.25 E0.034139
G1 F X-44.15 Y-0.84 Z18.41 U90.76 V-86.08 E0.034139
G1 F X-43.96 Y-0.84 Z18.4 U90.78 V-85.91 E0.034139
G1 F X-43.78 Y-0.84 Z18.39 U90.79 V-85.73 E0.034139
G1 F X-43.59 Y-0.84 Z18.38 U90.81 V-85.56 E0.034139
G1 F X-43.4 Y-0.84 Z18.38 U90.82 V-85.38 E0.034139
G1 F X-43.22 Y-0.85 Z18.37 U90.84 V-85.19 E0.034139
G1 F X-43.03 Y-0.85 Z18.36 U90.86 V-85.01 E0.034139
G1 F X-42.85 Y-0.85 Z18.35 U90.87 V-84.82 E0.034139
G1 F X-42.66 Y-0.85 Z18.34 U90.89 V-84.63 E0.034139
G1 F X-42.48 Y-0.85 Z18.33 U90.9 V-84.43 E0.034139
G1 F X-42.3 Y-0.86 Z18.32 U90.92 V-84.24 E0.034139
G1 F X-42.11 Y-0.86 Z18.32 U90.93 V-84.04 E0.034139
G1 F X-41.93 Y-0.86 Z18.31 U90.94 V-83.84 E0.034139
G1 F X-41.75 Y-0.86 Z18.3 U90.96 V-83.63 E0.034139
G1 F X-41.56 Y-0.86 Z18.29 U90.97 V-83.43 E0.034139
G1 F X-41.38 Y-0.87 Z18.29 U90.99 V-83.22 E0.034139
G1 F X-41.2 Y-0.87 Z18.28 U91 V-83.01 E0.034139
G1 F X-41.02 Y-0.87 Z18.27 U91.02 V-82.8 E0.034139
G1 F X-40.83 Y-0.87 Z18.27 U91.03 V-82.58 E0.034139
G1 F X-40.65 Y-0.87 Z18.26 U91.04 V-82.36 E0.034139
G1 F X-40.47 Y-0.88 Z18.25 U91.06 V-82.15 E0.034139
G1 F X-40.29 Y-0.88 Z18.25 U91.07 V-81.92 E0.034139
G1 F X-40.11 Y-0.88 Z18.24 U91.09 V-81.7 E0.034139
G1 F X-39.93 Y-0.88 Z18.23 U91.1 V-81.48 E0.034139
G1 F X-39.75 Y-0.89 Z18.23 U91.11 V-81.25 E0.034139
G1 F X-39.57 Y-0.89 Z18.22 U91.13 V-81.02 E0.034139
G1 F X-39.39 Y-0.89 Z18.22 U91.14 V-80.79 E0.034139
G1 F X-39.21 Y-0.89 Z18.21 U91.15 V-80.56 E0.034139
G1 F X-39.03 Y-0.89 Z18.21 U91.17 V-80.32 E0.034139
G1 F X-38.85 Y-0.9 Z18.2 U91.18 V-80.08 E0.034139
G1 F X-38.67 Y-0.9 Z18.19 U91.2 V-79.85 E0.034139
G1 F X-38.49 Y-0.9 Z18.19 U91.21 V-79.61 E0.034139
G1 F X-38.32 Y-0.9 Z18.18 U91.22 V-79.37 E0.034139
G1 F X-38.14 Y-0.91 Z18.18 U91.24 V-79.12 E0.034139
G1 F X-37.96 Y-0.91 Z18.17 U91.25 V-78.88 E0.034139
G1 F X-37.78 Y-0.91 Z18.17 U91.26 V-78.63 E0.034139
G1 F X-37.61 Y-0.91 Z18.16 U91.28 V-78.38 E0.034139
G1 F X-37.43 Y-0.92 Z18.16 U91.29 V-78.13 E0.034139
G1 F X-37.25 Y-0.92 Z18.15 U91.3 V-77.88 E0.034139
G1 F X-37.07 Y-0.92 Z18.15 U91.32 V-77.63 E0.034139
G1 F X-36.9 Y-0.92 Z18.15 U91.33 V-77.38 E0.034139
G1 F X-36.72 Y-0.92 Z18.14 U91.34 V-77.12 E0.034139
G1 F X-36.54 Y-0.93 Z18.14 U91.35 V-76.86 E0.034139
G1 F X-36.37 Y-0.93 Z18.14 U91.36 V-76.61 E0.034139
G1 F X-36.19 Y-0.93 Z18.13 U91.38 V-76.35 E0.034139
G1 F X-36.02 Y-0.93 Z18.13 U91.39 V-76.08 E0.034139
G1 F X-35.84 Y-0.93 Z18.13 U91.4 V-75.82 E0.034139
G1 F X-35.66 Y-0.94 Z18.13 U91.41 V-75.56 E0.034139
G1 F X-35.49 Y-0.94 Z18.12 U91.42 V-75.29 E0.034139
G1 F X-35.31 Y-0.94 Z18.12 U91.43 V-75.03 E0.034139
G1 F X-35.14 Y-0.94 Z18.12 U91.44 V-74.76 E0.034139
G1 F X-34.96 Y-0.94 Z18.12 U91.45 V-74.49 E0.034139
G1 F X-34.79 Y-0.95 Z18.12 U91.45 V-74.22 E0.034139
G1 F X-34.61 Y-0.95 Z18.12 U91.46 V-73.95 E0.034139
G1 F X-34.44 Y-0.95 Z18.12 U91.47 V-73.68 E0.034139
G1 F X-34.26 Y-0.95 Z18.12 U91.48 V-73.4 E0.034139
G1 F X-34.09 Y-0.95 Z18.12 U91.49 V-73.13 E0.034139
G1 F X-33.91 Y-0.95 Z18.11 U91.5 V-72.85 E0.034139
G1 F X-33.74 Y-0.96 Z18.11 U91.51 V-72.58 E0.034139
G1 F X-33.56 Y-0.96 Z18.11 U91.52 V-72.3 E0.034139
G1 F X-33.39 Y-0.96 Z18.11 U91.52 V-72.02 E0.034139
G1 F X-33.22 Y-0.96 Z18.11 U91.53 V-71.74 E0.034139
G1 F X-33.04 Y-0.96 Z18.11 U91.54 V-71.46 E0.034139
G1 F X-32.87 Y-0.96 Z18.11 U91.55 V-71.18 E0.034139
G1 F X-32.69 Y-0.97 Z18.11 U91.56 V-70.9 E0.034139
G1 F X-32.52 Y-0.97 Z18.11 U91.56 V-70.62 E0.034139
G1 F X-32.35 Y-0.97 Z18.11 U91.57 V-70.33 E0.034139
G1 F X-32.17 Y-0.97 Z18.11 U91.58 V-70.05 E0.034139
G1 F X-32 Y-0.97 Z18.11 U91.59 V-69.77 E0.034139
G1 F X-31.83 Y-0.97 Z18.11 U91.6 V-69.48 E0.034139
G1 F X-31.65 Y-0.98 Z18.11 U91.61 V-69.2 E0.034139
G1 F X-31.48 Y-0.98 Z18.11 U91.62 V-68.91 E0.034139
G1 F X-31.31 Y-0.98 Z18.11 U91.62 V-68.62 E0.034139
G1 F X-31.14 Y-0.98 Z18.11 U91.63 V-68.34 E0.034139
G1 F X-30.96 Y-0.98 Z18.12 U91.64 V-68.05 E0.034139
G1 F X-30.79 Y-0.98 Z18.12 U91.65 V-67.76 E0.034139
G1 F X-30.62 Y-0.98 Z18.12 U91.65 V-67.47 E0.034139
G1 F X-30.45 Y-0.99 Z18.12 U91.66 V-67.18 E0.034139
G1 F X-30.27 Y-0.99 Z18.12 U91.67 V-66.89 E0.034139
G1 F X-30.1 Y-0.99 Z18.12 U91.67 V-66.59 E0.034139
G1 F X-29.93 Y-0.99 Z18.13 U91.68 V-66.3 E0.034139
G1 F X-29.75 Y-0.99 Z18.13 U91.68 V-66.01 E0.034139
G1 F X-29.58 Y-0.99 Z18.13 U91.69 V-65.71 E0.034139
G1 F X-29.41 Y-0.99 Z18.14 U91.69 V-65.42 E0.034139
G1 F X-29.23 Y-0.99 Z18.14 U91.69 V-65.12 E0.034139
G1 F X-29.06 Y-0.99 Z18.14 U91.7 V-64.83 E0.034139
G1 F X-28.89 Y-0.99 Z18.15 U91.7 V-64.53 E0.034139
G1 F X-28.76 Y-0.99 Z18.15 U91.7 V-64.32 E0.025045
G1 F X-28.72 Y-0.92 Z18.21 U91.58 V-64.27 E0.009095
G1 F X-28.58 Y-0.66 Z18.44 U91.13 V-64.08 E0.034139
G1 F X-28.43 Y-0.4 Z18.66 U90.68 V-63.89 E0.034139
G1 F X-28.29 Y-0.14 Z18.88 U90.23 V-63.7 E0.034139
G1 F X-28.14 Y0.13 Z19.11 U89.78 V-63.51 E0.034139
G1 F X-27.99 Y0.39 Z19.33 U89.33 V-63.33 E0.034139
G1 F X-27.83 Y0.65 Z19.55 U88.88 V-63.14 E0.034139
G1 F X-27.68 Y0.92 Z19.76 U88.43 V-62.95 E0.034139
G1 F X-27.63 Y1 Z19.83 U88.29 V-62.89 E0.0105
G1 F X-27.75 Y1 Z19.83 U88.29 V-63.1 E0.023639
G1 F X-27.93 Y1 Z19.83 U88.29 V-63.4 E0.034139
G1 F X-28.1 Y0.99 Z19.84 U88.3 V-63.7 E0.034139
G1 F X-28.28 Y0.99 Z19.84 U88.3 V-64 E0.034139
G1 F X-28.45 Y0.99 Z19.84 U88.31 V-64.3 E0.034139
G1 F X-28.63 Y0.99 Z19.85 U88.31 V-64.6 E0.034139
G1 F X-28.81 Y0.99 Z19.85 U88.32 V-64.9 E0.034139
G1 F X-28.98 Y0.99 Z19.85 U88.32 V-65.19 E0.034139
G1 F X-29.16 Y0.99 Z19.85 U88.33 V-65.49 E0.034139
G1 F X-29.33 Y0.99 Z19.86 U88.33 V-65.79 E0.034139
G1 F X-29.51 Y0.99 Z19.86 U88.34 V-66.09 E0.034139
G1 F X-29.69 Y0.99 Z19.86 U88.34 V-66.39 E0.034139
G1 F X-29.86 Y0.98 Z19.86 U88.35 V-66.68 E0.034139
G1 F X-30.04 Y0.98 Z19.87 U88.35 V-66.98 E0.034139
G1 F X-30.22 Y0.98 Z19.87 U88.36 V-67.28 E0.034139
G1 F X-30.4 Y0.98 Z19.87 U88.36 V-67.57 E0.034139
G1 F X-30.57 Y0.98 Z19.87 U88.37 V-67.87 E0.034139
G1 F X-30.75 Y0.98 Z19.87 U88.37 V-68.16 E0.034139
G1 F X-30.93 Y0.98 Z19.88 U88.38 V-68.46 E0.034139
G1 F X-31.1 Y0.98 Z19.88 U88.38 V-68.75 E0.034139
G1 F X-31.28 Y0.98 Z19.88 U88.39 V-69.04 E0.034139
G1 F X-31.46 Y0.98 Z19.88 U88.39 V-69.33 E0.034139
G1 F X-31.64 Y0.97 Z19.89 U88.4 V-69.63 E0.034139
G1 F X-31.82 Y0.97 Z19.89 U88.41 V-69.92 E0.034139
G1 F X-31.99 Y0.97 Z19.89 U88.41 V-70.21 E0.034139
G1 F X-32.17 Y0.97 Z19.89 U88.42 V-70.5 E0.034139
G1 F X-32.35 Y0.97 Z19.89 U88.43 V-70.79 E0.034139
G1 F X-32.53 Y0.97 Z19.89 U88.44 V-71.08 E0.034139
G1 F X-32.71 Y0.96 Z19.89 U88.44 V-71.37 E0.034139
G1 F X-32.89 Y0.96 Z19.89 U88.45 V-71.65 E0.034139
G1 F X-33.07 Y0.96 Z19.89 U88.46 V-71.94 E0.034139
G1 F X-33.25 Y0.96 Z19.89 U88.47 V-72.23 E0.034139
G1 F X-33.43 Y0.96 Z19.89 U88.48 V-72.51 E0.034139
G1 F X-33.61 Y0.96 Z19.89 U88.49 V-72.8 E0.034139
G1 F X-33.8 Y0.95 Z19.89 U88.5 V-73.08 E0.034139
G1 F X-33.98 Y0.95 Z19.88 U88.51 V-73.36 E0.034139
G1 F X-34.16 Y0.95 Z19.88 U88.52 V-73.64 E0.034139
G1 F X-34.34 Y0.95 Z19.88 U88.53 V-73.92 E0.034139
G1 F X-34.52 Y0.95 Z19.88 U88.55 V-74.2 E0.034139
G1 F X-34.71 Y0.94 Z19.88 U88.56 V-74.48 E0.034139
G1 F X-34.89 Y0.94 Z19.87 U88.57 V-74.76 E0.034139
G1 F X-35.07 Y0.94 Z19.87 U88.58 V-75.04 E0.034139
G1 F X-35.26 Y0.94 Z19.87 U88.59 V-75.31 E0.034139
G1 F X-35.44 Y0.94 Z19.87 U88.6 V-75.59 E0.034139
G1 F X-35.62 Y0.93 Z19.86 U88.62 V-75.86 E0.034139
G1 F X-35.81 Y0.93 Z19.86 U88.63 V-76.13 E0.034139
G1 F X-35.99 Y0.93 Z19.86 U88.64 V-76.4 E0.034139
G1 F X-36.18 Y0.93 Z19.85 U88.65 V-76.67 E0.034139
G1 F X-36.36 Y0.92 Z19.85 U88.66 V-76.94 E0.034139
G1 F X-36.55 Y0.92 Z19.85 U88.68 V-77.2 E0.034139
G1 F X-36.73 Y0.92 Z19.84 U88.69 V-77.47 E0.034139
G1 F X-36.92 Y0.92 Z19.84 U88.7 V-77.73 E0.034139
G1 F X-37.1 Y0.92 Z19.84 U88.71 V-77.99 E0.034139
G1 F X-37.29 Y0.91 Z19.83 U88.72 V-78.25 E0.034139
G1 F X-37.47 Y0.91 Z19.83 U88.74 V-78.51 E0.034139
G1 F X-37.66 Y0.91 Z19.82 U88.75 V-78.77 E0.034139
G1 F X-37.85 Y0.91 Z19.82 U88.76 V-79.02 E0.034139
G1 F X-38.03 Y0.9 Z19.82 U88.77 V-79.27 E0.034139
G1 F X-38.22 Y0.9 Z19.81 U88.79 V-79.53 E0.034139
G1 F X-38.41 Y0.9 Z19.81 U88.8 V-79.78 E0.034139
G1 F X-38.6 Y0.9 Z19.8 U88.81 V-80.02 E0.034139
G1 F X-38.79 Y0.9 Z19.8 U88.83 V-80.27 E0.034139
G1 F X-38.98 Y0.89 Z19.79 U88.84 V-80.51 E0.034139
G1 F X-39.16 Y0.89 Z19.79 U88.85 V-80.76 E0.034139
G1 F X-39.35 Y0.89 Z19.78 U88.87 V-81 E0.034139
G1 F X-39.54 Y0.89 Z19.77 U88.88 V-81.24 E0.034139
G1 F X-39.73 Y0.88 Z19.77 U88.9 V-81.47 E0.034139
G1 F X-39.92 Y0.88 Z19.76 U88.91 V-81.71 E0.034139
G1 F X-40.11 Y0.88 Z19.75 U88.92 V-81.94 E0.034139
G1 F X-40.31 Y0.88 Z19.75 U88.94 V-82.17 E0.034139
G1 F X-40.5 Y0.88 Z19.74 U88.95 V-82.4 E0.034139
G1 F X-40.69 Y0.87 Z19.73 U88.97 V-82.62 E0.034139
G1 F X-40.88 Y0.87 Z19.73 U88.98 V-82.85 E0.034139
G1 F X-41.07 Y0.87 Z19.72 U89 V-83.07 E0.034139
G1 F X-41.27 Y0.87 Z19.71 U89.02 V-83.29 E0.034139
G1 F X-41.46 Y0.86 Z19.7 U89.03 V-83.5 E0.034139
G1 F X-41.65 Y0.86 Z19.69 U89.05 V-83.72 E0.034139
G1 F X-41.85 Y0.86 Z19.69 U89.06 V-83.93 E0.034139
G1 F X-42.04 Y0.86 Z19.68 U89.08 V-84.14 E0.034139
G1 F X-42.24 Y0.86 Z19.67 U89.1 V-84.34 E0.034139
G1 F X-42.43 Y0.85 Z19.66 U89.11 V-84.55 E0.034139
G1 F X-42.63 Y0.85 Z19.65 U89.13 V-84.75 E0.034139
G1 F X-42.82 Y0.85 Z19.64 U89.14 V-84.94 E0.034139
G1 F X-43.02 Y0.85 Z19.63 U89.16 V-85.14 E0.034139
G1 F X-43.21 Y0.84 Z19.62 U89.18 V-85.33 E0.034139
G1 F X-43.41 Y0.84 Z19.61 U89.19 V-85.52 E0.034139
G1 F X-43.61 Y0.84 Z19.6 U89.21 V-85.71 E0.034139
G1 F X-43.8 Y0.84 Z19.59 U89.23 V-85.89 E0.034139
G1 F X-44 Y0.84 Z19.58 U89.24 V-86.07 E0.034139
G1 F X-44.2 Y0.84 Z19.57 U89.26 V-86.25 E0.034139
G1 F X-44.4 Y0.83 Z19.56 U89.28 V-86.42 E0.034139
G1 F X-44.6 Y0.83 Z19.55 U89.29 V-86.59 E0.034139
G1 F X-44.8 Y0.83 Z19.54 U89.31 V-86.75 E0.034139
G1 F X-44.99 Y0.83 Z19.53 U89.33 V-86.92 E0.034139
G1 F X-45.19 Y0.83 Z19.52 U89.34 V-87.08 E0.034139
G1 F X-45.39 Y0.82 Z19.51 U89.36 V-87.23 E0.034139
G1 F X-45.59 Y0.82 Z19.5 U89.38 V-87.39 E0.034139
G1 F X-45.79 Y0.82 Z19.48 U89.39 V-87.53 E0.034139
G1 F X-45.99 Y0.82 Z19.47 U89.41 V-87.68 E0.034139
G1 F X-46.2 Y0.82 Z19.46 U89.43 V-87.82 E0.034139
G1 F X-46.4 Y0.82 Z19.45 U89.45 V-87.96 E0.034139
G1 F X-46.6 Y0.81 Z19.44 U89.46 V-88.09 E0.034139
G1 F X-46.8 Y0.81 Z19.42 U89.48 V-88.22 E0.034139
G1 F X-47 Y0.81 Z19.41 U89.5 V-88.35 E0.034139
G1 F X-47.21 Y0.81 Z19.4 U89.52 V-88.47 E0.034139
G1 F X-47.41 Y0.81 Z19.39 U89.53 V-88.59 E0.034139
G1 F X-47.61 Y0.81 Z19.37 U89.55 V-88.7 E0.034139
G1 F X-47.64 Y0.81 Z19.37 U89.56 V-88.72 E0.004967
G1 F X-47.67 Y0.63 Z19.29 U89.65 V-88.73 E0.029172
G1 F X-47.71 Y0.43 Z19.19 U89.77 V-88.74 E0.034139
G1 F X-47.75 Y0.22 Z19.1 U89.88 V-88.76 E0.034139
G1 F X-47.79 Y0.02 Z19.01 U89.99 V-88.77 E0.034139
G1 F X-47.82 Y-0.19 Z18.92 U90.1 V-88.79 E0.034139
G1 F X-47.86 Y-0.39 Z18.83 U90.21 V-88.8 E0.034139
G1 F X-47.89 Y-0.6 Z18.74 U90.31 V-88.81 E0.034139
G1 F X-47.93 Y-0.8 Z18.65 U90.42 V-88.83 E0.034139
G1 F X-47.93 Y-0.8 Z18.85 U90.42 V-88.83 E0
G1 F X-47.25 Y-0.37 Z21.02 U90.22 V-88.46 E0
G1 F300 E-1.00 ;Filament Retraction!!
G1 F X-47.25 Y-0.37 Z20.82 U90.22 V-88.46 E0
G1 F X-47.06 Y-0.37 Z20.82 U90.22 V-88.34 E0.034012
G1 F300 E1.1;Filament (De)-Retraction!!
G1 F X-46.87 Y-0.37 Z20.81 U90.23 V-88.22 E0.034012
G1 F X-46.68 Y-0.37 Z20.8 U90.24 V-88.1 E0.034012
G1 F X-46.49 Y-0.37 Z20.8 U90.25 V-87.97 E0.034012
G1 F X-46.3 Y-0.37 Z20.79 U90.26 V-87.84 E0.034012
G1 F X-46.11 Y-0.37 Z20.79 U90.26 V-87.7 E0.034012
G1 F X-45.92 Y-0.37 Z20.78 U90.27 V-87.57 E0.034012
G1 F X-45.73 Y-0.37 Z20.78 U90.28 V-87.42 E0.034012
G1 F X-45.54 Y-0.37 Z20.77 U90.28 V-87.28 E0.034012
G1 F X-45.35 Y-0.37 Z20.77 U90.29 V-87.13 E0.034012
G1 F X-45.16 Y-0.37 Z20.76 U90.3 V-86.98 E0.034012
G1 F X-44.97 Y-0.37 Z20.76 U90.31 V-86.82 E0.034012
G1 F X-44.78 Y-0.37 Z20.76 U90.31 V-86.67 E0.034012
G1 F X-44.59 Y-0.37 Z20.75 U90.32 V-86.5 E0.034012
G1 F X-44.4 Y-0.37 Z20.75 U90.33 V-86.34 E0.034012
G1 F X-44.22 Y-0.37 Z20.74 U90.33 V-86.17 E0.034012
G1 F X-44.03 Y-0.37 Z20.74 U90.34 V-86 E0.034012
G1 F X-43.84 Y-0.37 Z20.74 U90.34 V-85.83 E0.034012
G1 F X-43.65 Y-0.37 Z20.73 U90.35 V-85.65 E0.034012
G1 F X-43.47 Y-0.37 Z20.73 U90.36 V-85.47 E0.034012
G1 F X-43.28 Y-0.37 Z20.73 U90.36 V-85.29 E0.034012
G1 F X-43.1 Y-0.37 Z20.72 U90.37 V-85.11 E0.034012
G1 F X-42.91 Y-0.37 Z20.72 U90.37 V-84.92 E0.034012
G1 F X-42.73 Y-0.37 Z20.72 U90.38 V-84.73 E0.034012
G1 F X-42.54 Y-0.37 Z20.71 U90.38 V-84.54 E0.034012
G1 F X-42.36 Y-0.37 Z20.71 U90.39 V-84.35 E0.034012
G1 F X-42.17 Y-0.37 Z20.71 U90.4 V-84.15 E0.034012
G1 F X-41.99 Y-0.37 Z20.71 U90.4 V-83.95 E0.034012
G1 F X-41.81 Y-0.37 Z20.7 U90.41 V-83.75 E0.034012
G1 F X-41.62 Y-0.37 Z20.7 U90.41 V-83.54 E0.034012
G1 F X-41.44 Y-0.37 Z20.7 U90.41 V-83.34 E0.034012
G1 F X-41.26 Y-0.37 Z20.7 U90.42 V-83.13 E0.034012
G1 F X-41.07 Y-0.37 Z20.7 U90.42 V-82.92 E0.034012
G1 F X-40.89 Y-0.37 Z20.69 U90.43 V-82.7 E0.034012
G1 F X-40.71 Y-0.37 Z20.69 U90.43 V-82.49 E0.034012
G1 F X-40.53 Y-0.37 Z20.69 U90.44 V-82.27 E0.034012
G1 F X-40.35 Y-0.37 Z20.69 U90.44 V-82.05 E0.034012
G1 F X-40.17 Y-0.37 Z20.69 U90.45 V-81.83 E0.034012
G1 F X-39.99 Y-0.37 Z20.69 U90.45 V-81.61 E0.034012
G1 F X-39.81 Y-0.36 Z20.68 U90.46 V-81.38 E0.034012
G1 F X-39.63 Y-0.36 Z20.68 U90.46 V-81.16 E0.034012
G1 F X-39.45 Y-0.36 Z20.68 U90.46 V-80.93 E0.034012
G1 F X-39.27 Y-0.36 Z20.68 U90.47 V-80.7 E0.034012
G1 F X-39.09 Y-0.36 Z20.68 U90.47 V-80.47 E0.034012
G1 F X-38.91 Y-0.36 Z20.68 U90.48 V-80.23 E0.034012
G1 F X-38.73 Y-0.37 Z20.67 U90.48 V-80 E0.034012
G1 F X-38.55 Y-0.37 Z20.67 U90.49 V-79.76 E0.034012
G1 F X-38.38 Y-0.37 Z20.67 U90.49 V-79.52 E0.034012
G1 F X-38.2 Y-0.37 Z20.67 U90.5 V-79.28 E0.034012
G1 F X-38.02 Y-0.37 Z20.67 U90.5 V-79.04 E0.034012
G1 F X-37.84 Y-0.37 Z20.67 U90.51 V-78.8 E0.034012
G1 F X-37.67 Y-0.37 Z20.67 U90.51 V-78.55 E0.034012
G1 F X-37.49 Y-0.37 Z20.66 U90.52 V-78.31 E0.034012
G1 F X-37.32 Y-0.37 Z20.66 U90.52 V-78.06 E0.034012
G1 F X-37.14 Y-0.37 Z20.66 U90.52 V-77.81 E0.034012
G1 F X-36.96 Y-0.37 Z20.66 U90.53 V-77.56 E0.034012
G1 F X-36.79 Y-0.37 Z20.66 U90.53 V-77.31 E0.034012
G1 F X-36.61 Y-0.37 Z20.66 U90.54 V-77.05 E0.034012
G1 F X-36.44 Y-0.37 Z20.66 U90.54 V-76.8 E0.034012
G1 F X-36.26 Y-0.37 Z20.66 U90.54 V-76.54 E0.034012
G1 F X-36.09 Y-0.37 Z20.66 U90.55 V-76.29 E0.034012
G1 F X-35.91 Y-0.37 Z20.66 U90.55 V-76.03 E0.034012
G1 F X-35.74 Y-0.37 Z20.66 U90.55 V-75.77 E0.034012
G1 F X-35.56 Y-0.37 Z20.66 U90.55 V-75.51 E0.034012
G1 F X-35.39 Y-0.37 Z20.66 U90.55 V-75.24 E0.034012
G1 F X-35.22 Y-0.37 Z20.66 U90.56 V-74.98 E0.034012
G1 F X-35.04 Y-0.37 Z20.66 U90.56 V-74.72 E0.034012
G1 F X-34.87 Y-0.37 Z20.66 U90.56 V-74.45 E0.034012
G1 F X-34.7 Y-0.36 Z20.66 U90.56 V-74.18 E0.034012
G1 F X-34.52 Y-0.36 Z20.66 U90.56 V-73.92 E0.034012
G1 F X-34.35 Y-0.36 Z20.66 U90.57 V-73.65 E0.034012
G1 F X-34.18 Y-0.36 Z20.66 U90.57 V-73.38 E0.034012
G1 F X-34 Y-0.36 Z20.66 U90.57 V-73.11 E0.034012
G1 F X-33.83 Y-0.36 Z20.66 U90.57 V-72.84 E0.034012
G1 F X-33.66 Y-0.36 Z20.66 U90.57 V-72.56 E0.034012
G1 F X-33.49 Y-0.36 Z20.67 U90.57 V-72.29 E0.034012
G1 F X-33.32 Y-0.36 Z20.67 U90.58 V-72.02 E0.034012
G1 F X-33.14 Y-0.36 Z20.67 U90.58 V-71.74 E0.034012
G1 F X-32.97 Y-0.36 Z20.67 U90.58 V-71.47 E0.034012
G1 F X-32.8 Y-0.36 Z20.67 U90.58 V-71.19 E0.034012
G1 F X-32.63 Y-0.36 Z20.67 U90.58 V-70.92 E0.034012
G1 F X-32.46 Y-0.36 Z20.67 U90.59 V-70.64 E0.034012
G1 F X-32.29 Y-0.36 Z20.67 U90.59 V-70.36 E0.034012
G1 F X-32.12 Y-0.36 Z20.67 U90.59 V-70.08 E0.034012
G1 F X-31.95 Y-0.36 Z20.67 U90.59 V-69.8 E0.034012
G1 F X-31.78 Y-0.37 Z20.67 U90.6 V-69.52 E0.034012
G1 F X-31.61 Y-0.37 Z20.67 U90.6 V-69.24 E0.034012
G1 F X-31.44 Y-0.37 Z20.67 U90.61 V-68.96 E0.034012
G1 F X-31.27 Y-0.37 Z20.67 U90.61 V-68.68 E0.034012
G1 F X-31.1 Y-0.37 Z20.67 U90.61 V-68.4 E0.034012
G1 F X-30.93 Y-0.37 Z20.67 U90.62 V-68.12 E0.034012
G1 F X-30.76 Y-0.37 Z20.67 U90.62 V-67.84 E0.034012
G1 F X-30.59 Y-0.37 Z20.67 U90.62 V-67.55 E0.034012
G1 F X-30.42 Y-0.37 Z20.67 U90.62 V-67.27 E0.034012
G1 F X-30.25 Y-0.37 Z20.67 U90.63 V-66.99 E0.034012
G1 F X-30.08 Y-0.37 Z20.67 U90.63 V-66.7 E0.034012
G1 F X-29.91 Y-0.37 Z20.67 U90.63 V-66.41 E0.034012
G1 F X-29.74 Y-0.37 Z20.67 U90.63 V-66.13 E0.034012
G1 F X-29.58 Y-0.37 Z20.68 U90.63 V-65.84 E0.034012
G1 F X-29.41 Y-0.37 Z20.68 U90.63 V-65.55 E0.034012
G1 F X-29.24 Y-0.37 Z20.68 U90.63 V-65.27 E0.034012
G1 F X-29.07 Y-0.37 Z20.68 U90.63 V-64.98 E0.034012
G1 F X-28.9 Y-0.37 Z20.68 U90.63 V-64.69 E0.034012
G1 F X-28.86 Y-0.37 Z20.68 U90.63 V-64.62 E0.007785
G1 F X-28.72 Y-0.15 Z20.87 U90.26 V-64.44 E0.026227
G1 F X-28.54 Y0.14 Z21.12 U89.77 V-64.21 E0.034012
G1 F X-28.4 Y0.37 Z21.31 U89.38 V-64.02 E0.027386
G1 F X-28.43 Y0.37 Z21.31 U89.38 V-64.08 E0.006626
G1 F X-28.6 Y0.37 Z21.31 U89.38 V-64.37 E0.034012
G1 F X-28.77 Y0.37 Z21.31 U89.38 V-64.66 E0.034012
G1 F X-28.94 Y0.37 Z21.31 U89.38 V-64.95 E0.034012
G1 F X-29.11 Y0.37 Z21.31 U89.38 V-65.24 E0.034012
G1 F X-29.28 Y0.37 Z21.31 U89.39 V-65.53 E0.034012
G1 F X-29.45 Y0.37 Z21.32 U89.39 V-65.82 E0.034012
G1 F X-29.62 Y0.36 Z21.32 U89.39 V-66.1 E0.034012
G1 F X-29.79 Y0.36 Z21.32 U89.39 V-66.39 E0.034012
G1 F X-29.96 Y0.36 Z21.32 U89.39 V-66.68 E0.034012
G1 F X-30.13 Y0.36 Z21.32 U89.39 V-66.96 E0.034012
G1 F X-30.3 Y0.36 Z21.32 U89.4 V-67.25 E0.034012
G1 F X-30.47 Y0.36 Z21.32 U89.4 V-67.53 E0.034012
G1 F X-30.64 Y0.37 Z21.32 U89.4 V-67.82 E0.034012
G1 F X-30.81 Y0.37 Z21.33 U89.4 V-68.1 E0.034012
G1 F X-30.98 Y0.37 Z21.33 U89.4 V-68.39 E0.034012
G1 F X-31.15 Y0.37 Z21.33 U89.4 V-68.67 E0.034012
G1 F X-31.32 Y0.37 Z21.33 U89.4 V-68.95 E0.034012
G1 F X-31.5 Y0.37 Z21.33 U89.4 V-69.23 E0.034012
G1 F X-31.67 Y0.37 Z21.34 U89.4 V-69.51 E0.034012
G1 F X-31.84 Y0.37 Z21.34 U89.4 V-69.79 E0.034012
G1 F X-32.01 Y0.37 Z21.34 U89.4 V-70.07 E0.034012
G1 F X-32.18 Y0.37 Z21.34 U89.4 V-70.35 E0.034012
G1 F X-32.35 Y0.37 Z21.34 U89.4 V-70.63 E0.034012
G1 F X-32.52 Y0.37 Z21.34 U89.4 V-70.91 E0.034012
G1 F X-32.7 Y0.37 Z21.34 U89.4 V-71.19 E0.034012
G1 F X-32.87 Y0.37 Z21.34 U89.41 V-71.47 E0.034012
G1 F X-33.04 Y0.37 Z21.34 U89.41 V-71.74 E0.034012
G1 F X-33.21 Y0.37 Z21.34 U89.41 V-72.02 E0.034012
G1 F X-33.39 Y0.37 Z21.34 U89.41 V-72.29 E0.034012
G1 F X-33.56 Y0.37 Z21.34 U89.42 V-72.57 E0.034012
G1 F X-33.74 Y0.37 Z21.34 U89.42 V-72.84 E0.034012
G1 F X-33.91 Y0.37 Z21.34 U89.42 V-73.12 E0.034012
G1 F X-34.08 Y0.37 Z21.34 U89.43 V-73.39 E0.034012
G1 F X-34.26 Y0.37 Z21.34 U89.43 V-73.66 E0.034012
G1 F X-34.43 Y0.37 Z21.34 U89.43 V-73.93 E0.034012
G1 F X-34.61 Y0.37 Z21.34 U89.44 V-74.2 E0.034012
G1 F X-34.78 Y0.37 Z21.34 U89.44 V-74.47 E0.034012
G1 F X-34.96 Y0.37 Z21.34 U89.45 V-74.73 E0.034012
G1 F X-35.13 Y0.37 Z21.34 U89.45 V-75 E0.034012
G1 F X-35.31 Y0.37 Z21.34 U89.45 V-75.27 E0.034012
G1 F X-35.49 Y0.37 Z21.34 U89.46 V-75.53 E0.034012
G1 F X-35.66 Y0.37 Z21.34 U89.46 V-75.79 E0.034012
G1 F X-35.84 Y0.36 Z21.34 U89.46 V-76.06 E0.034012
G1 F X-36.02 Y0.36 Z21.33 U89.47 V-76.32 E0.034012
G1 F X-36.19 Y0.36 Z21.33 U89.47 V-76.58 E0.034012
G1 F X-36.37 Y0.36 Z21.33 U89.48 V-76.83 E0.034012
G1 F X-36.55 Y0.36 Z21.33 U89.48 V-77.09 E0.034012
G1 F X-36.72 Y0.36 Z21.33 U89.48 V-77.35 E0.034012
G1 F X-36.9 Y0.36 Z21.33 U89.49 V-77.6 E0.034012
G1 F X-37.08 Y0.36 Z21.33 U89.49 V-77.85 E0.034012
G1 F X-37.26 Y0.36 Z21.33 U89.49 V-78.1 E0.034012
G1 F X-37.44 Y0.36 Z21.33 U89.49 V-78.35 E0.034012
G1 F X-37.61 Y0.36 Z21.33 U89.5 V-78.6 E0.034012
G1 F X-37.79 Y0.37 Z21.33 U89.5 V-78.85 E0.034012
G1 F X-37.97 Y0.37 Z21.33 U89.5 V-79.09 E0.034012
G1 F X-38.15 Y0.37 Z21.33 U89.51 V-79.34 E0.034012
G1 F X-38.33 Y0.37 Z21.33 U89.51 V-79.58 E0.034012
G1 F X-38.51 Y0.37 Z21.33 U89.51 V-79.82 E0.034012
G1 F X-38.69 Y0.37 Z21.33 U89.52 V-80.06 E0.034012
G1 F X-38.87 Y0.37 Z21.33 U89.52 V-80.3 E0.034012
G1 F X-39.06 Y0.37 Z21.32 U89.52 V-80.53 E0.034012
G1 F X-39.24 Y0.37 Z21.32 U89.53 V-80.76 E0.034012
G1 F X-39.42 Y0.37 Z21.32 U89.53 V-81 E0.034012
G1 F X-39.6 Y0.37 Z21.32 U89.54 V-81.23 E0.034012
G1 F X-39.78 Y0.37 Z21.32 U89.54 V-81.46 E0.034012
G1 F X-39.97 Y0.37 Z21.32 U89.55 V-81.68 E0.034012
G1 F X-40.15 Y0.37 Z21.31 U89.55 V-81.91 E0.034012
G1 F X-40.33 Y0.37 Z21.31 U89.56 V-82.13 E0.034012
G1 F X-40.52 Y0.37 Z21.31 U89.56 V-82.35 E0.034012
G1 F X-40.7 Y0.37 Z21.31 U89.57 V-82.57 E0.034012
G1 F X-40.89 Y0.37 Z21.31 U89.57 V-82.79 E0.034012
G1 F X-41.07 Y0.37 Z21.3 U89.58 V-83 E0.034012
G1 F X-41.26 Y0.37 Z21.3 U89.58 V-83.22 E0.034012
G1 F X-41.45 Y0.37 Z21.3 U89.59 V-83.43 E0.034012
G1 F X-41.63 Y0.37 Z21.3 U89.59 V-83.63 E0.034012
G1 F X-41.82 Y0.37 Z21.29 U89.6 V-83.84 E0.034012
G1 F X-42.01 Y0.37 Z21.29 U89.6 V-84.04 E0.034012
G1 F X-42.19 Y0.37 Z21.29 U89.61 V-84.24 E0.034012
G1 F X-42.38 Y0.37 Z21.28 U89.62 V-84.44 E0.034012
G1 F X-42.57 Y0.37 Z21.28 U89.62 V-84.64 E0.034012
G1 F X-42.76 Y0.37 Z21.28 U89.63 V-84.83 E0.034012
G1 F X-42.95 Y0.37 Z21.27 U89.63 V-85.02 E0.034012
G1 F X-43.14 Y0.37 Z21.27 U89.64 V-85.21 E0.034012
G1 F X-43.33 Y0.37 Z21.27 U89.65 V-85.4 E0.034012
G1 F X-43.52 Y0.37 Z21.26 U89.65 V-85.58 E0.034012
G1 F X-43.71 Y0.37 Z21.26 U89.66 V-85.76 E0.034012
G1 F X-43.9 Y0.37 Z21.26 U89.66 V-85.94 E0.034012
G1 F X-44.09 Y0.37 Z21.25 U89.67 V-86.11 E0.034012
G1 F X-44.28 Y0.37 Z21.25 U89.68 V-86.28 E0.034012
G1 F X-44.47 Y0.37 Z21.25 U89.68 V-86.45 E0.034012
G1 F X-44.67 Y0.37 Z21.24 U89.69 V-86.62 E0.034012
G1 F X-44.86 Y0.37 Z21.24 U89.7 V-86.78 E0.034012
G1 F X-45.05 Y0.37 Z21.23 U89.7 V-86.94 E0.034012
G1 F X-45.25 Y0.37 Z21.23 U89.71 V-87.09 E0.034012
G1 F X-45.44 Y0.37 Z21.23 U89.72 V-87.24 E0.034012
G1 F X-45.63 Y0.37 Z21.22 U89.72 V-87.39 E0.034012
G1 F X-45.83 Y0.37 Z21.22 U89.73 V-87.54 E0.034012
G1 F X-46.02 Y0.37 Z21.21 U89.73 V-87.68 E0.034012
G1 F X-46.22 Y0.37 Z21.21 U89.74 V-87.82 E0.034012
G1 F X-46.42 Y0.37 Z21.2 U89.75 V-87.95 E0.034012
G1 F X-46.61 Y0.37 Z21.2 U89.76 V-88.08 E0.034012
G1 F X-46.81 Y0.37 Z21.19 U89.76 V-88.21 E0.034012
G1 F X-47.01 Y0.37 Z21.19 U89.77 V-88.33 E0.034012
G1 F X-47.2 Y0.37 Z21.18 U89.78 V-88.45 E0.034012
G1 F X-47.29 Y0.37 Z21.18 U89.78 V-88.5 E0.014754
G1 F X-47.31 Y0.25 Z21.12 U89.85 V-88.51 E0.019258
G1 F X-47.36 Y0.05 Z21.02 U89.97 V-88.53 E0.034012
G1 F X-47.4 Y-0.16 Z20.93 U90.09 V-88.55 E0.034012
G1 F X-47.45 Y-0.37 Z20.83 U90.21 V-88.57 E0.034012
G1 F X-47.45 Y-0.37 Z21.03 U90.21 V-88.57 E0
G1 F X-47.75 Y-0.81 Z20.84 U90.44 V-88.73 E0
G1 F300 E-1.00 ;Filament Retraction!!
G1 F X-47.75 Y-0.81 Z20.64 U90.44 V-88.73 E0
G1 F X-47.56 Y-0.81 Z20.62 U90.46 V-88.63 E0.034094
G1 F300 E1.1;Filament (De)-Retraction!!
G1 F X-47.37 Y-0.81 Z20.61 U90.47 V-88.52 E0.034094
G1 F X-47.19 Y-0.81 Z20.6 U90.49 V-88.4 E0.034094
G1 F X-47 Y-0.82 Z20.58 U90.51 V-88.29 E0.034094
G1 F X-46.81 Y-0.82 Z20.57 U90.53 V-88.17 E0.034094
G1 F X-46.62 Y-0.82 Z20.56 U90.54 V-88.04 E0.034094
G1 F X-46.43 Y-0.82 Z20.54 U90.56 V-87.92 E0.034094
G1 F X-46.25 Y-0.82 Z20.53 U90.58 V-87.78 E0.034094
G1 F X-46.06 Y-0.83 Z20.52 U90.6 V-87.65 E0.034094
G1 F X-45.87 Y-0.83 Z20.51 U90.61 V-87.51 E0.034094
G1 F X-45.69 Y-0.83 Z20.5 U90.63 V-87.37 E0.034094
G1 F X-45.5 Y-0.83 Z20.48 U90.65 V-87.23 E0.034094
G1 F X-45.31 Y-0.83 Z20.47 U90.67 V-87.08 E0.034094
G1 F X-45.13 Y-0.84 Z20.46 U90.68 V-86.93 E0.034094
G1 F X-44.94 Y-0.84 Z20.45 U90.7 V-86.78 E0.034094
G1 F X-44.76 Y-0.84 Z20.44 U90.72 V-86.62 E0.034094
G1 F X-44.57 Y-0.84 Z20.43 U90.74 V-86.46 E0.034094
G1 F X-44.39 Y-0.85 Z20.42 U90.75 V-86.3 E0.034094
G1 F X-44.21 Y-0.85 Z20.41 U90.77 V-86.13 E0.034094
G1 F X-44.02 Y-0.85 Z20.4 U90.79 V-85.96 E0.034094
G1 F X-43.84 Y-0.85 Z20.39 U90.8 V-85.79 E0.034094
G1 F X-43.66 Y-0.86 Z20.38 U90.82 V-85.62 E0.034094
G1 F X-43.47 Y-0.86 Z20.37 U90.84 V-85.44 E0.034094
G1 F X-43.29 Y-0.86 Z20.36 U90.85 V-85.26 E0.034094
G1 F X-43.11 Y-0.87 Z20.35 U90.87 V-85.08 E0.034094
G1 F X-42.93 Y-0.87 Z20.34 U90.88 V-84.9 E0.034094
G1 F X-42.75 Y-0.87 Z20.33 U90.9 V-84.71 E0.034094
G1 F X-42.57 Y-0.87 Z20.32 U90.91 V-84.52 E0.034094
G1 F X-42.38 Y-0.88 Z20.31 U90.93 V-84.33 E0.034094
G1 F X-42.2 Y-0.88 Z20.3 U90.95 V-84.14 E0.034094
G1 F X-42.02 Y-0.88 Z20.3 U90.96 V-83.94 E0.034094
G1 F X-41.84 Y-0.88 Z20.29 U90.98 V-83.74 E0.034094
G1 F X-41.66 Y-0.89 Z20.28 U90.99 V-83.54 E0.034094
G1 F X-41.49 Y-0.89 Z20.27 U91.01 V-83.34 E0.034094
G1 F X-41.31 Y-0.89 Z20.26 U91.02 V-83.13 E0.034094
G1 F X-41.13 Y-0.89 Z20.26 U91.04 V-82.92 E0.034094
G1 F X-40.95 Y-0.9 Z20.25 U91.05 V-82.72 E0.034094
G1 F X-40.77 Y-0.9 Z20.24 U91.07 V-82.5 E0.034094
G1 F X-40.59 Y-0.9 Z20.23 U91.08 V-82.29 E0.034094
G1 F X-40.42 Y-0.91 Z20.23 U91.1 V-82.08 E0.034094
G1 F X-40.24 Y-0.91 Z20.22 U91.11 V-81.86 E0.034094
G1 F X-40.06 Y-0.91 Z20.21 U91.13 V-81.64 E0.034094
G1 F X-39.89 Y-0.91 Z20.21 U91.14 V-81.42 E0.034094
G1 F X-39.71 Y-0.92 Z20.2 U91.16 V-81.2 E0.034094
G1 F X-39.54 Y-0.92 Z20.19 U91.17 V-80.97 E0.034094
G1 F X-39.36 Y-0.92 Z20.19 U91.19 V-80.75 E0.034094
G1 F X-39.18 Y-0.93 Z20.18 U91.2 V-80.52 E0.034094
G1 F X-39.01 Y-0.93 Z20.17 U91.22 V-80.29 E0.034094
G1 F X-38.84 Y-0.93 Z20.17 U91.23 V-80.06 E0.034094
G1 F X-38.66 Y-0.94 Z20.16 U91.25 V-79.83 E0.034094
G1 F X-38.49 Y-0.94 Z20.15 U91.26 V-79.59 E0.034094
G1 F X-38.31 Y-0.94 Z20.15 U91.28 V-79.36 E0.034094
G1 F X-38.14 Y-0.95 Z20.14 U91.29 V-79.12 E0.034094
G1 F X-37.97 Y-0.95 Z20.14 U91.31 V-78.88 E0.034094
G1 F X-37.79 Y-0.95 Z20.13 U91.32 V-78.64 E0.034094
G1 F X-37.62 Y-0.95 Z20.12 U91.33 V-78.4 E0.034094
G1 F X-37.45 Y-0.96 Z20.12 U91.35 V-78.16 E0.034094
G1 F X-37.28 Y-0.96 Z20.11 U91.36 V-77.91 E0.034094
G1 F X-37.11 Y-0.96 Z20.11 U91.38 V-77.67 E0.034094
G1 F X-36.93 Y-0.97 Z20.1 U91.39 V-77.42 E0.034094
G1 F X-36.76 Y-0.97 Z20.1 U91.41 V-77.17 E0.034094
G1 F X-36.59 Y-0.97 Z20.1 U91.42 V-76.92 E0.034094
G1 F X-36.42 Y-0.98 Z20.09 U91.43 V-76.67 E0.034094
G1 F X-36.25 Y-0.98 Z20.09 U91.44 V-76.42 E0.034094
G1 F X-36.08 Y-0.98 Z20.08 U91.46 V-76.16 E0.034094
G1 F X-35.91 Y-0.98 Z20.08 U91.47 V-75.91 E0.034094
G1 F X-35.73 Y-0.99 Z20.08 U91.48 V-75.65 E0.034094
G1 F X-35.56 Y-0.99 Z20.08 U91.49 V-75.4 E0.034094
G1 F X-35.39 Y-0.99 Z20.07 U91.5 V-75.14 E0.034094
G1 F X-35.22 Y-1 Z20.07 U91.51 V-74.88 E0.034094
G1 F X-35.05 Y-1 Z20.07 U91.53 V-74.62 E0.034094
G1 F X-34.88 Y-1 Z20.07 U91.54 V-74.36 E0.034094
G1 F X-34.71 Y-1 Z20.06 U91.55 V-74.09 E0.034094
G1 F X-34.54 Y-1.01 Z20.06 U91.56 V-73.83 E0.034094
G1 F X-34.37 Y-1.01 Z20.06 U91.57 V-73.56 E0.034094
G1 F X-34.2 Y-1.01 Z20.06 U91.58 V-73.3 E0.034094
G1 F X-34.03 Y-1.01 Z20.06 U91.59 V-73.03 E0.034094
G1 F X-33.86 Y-1.02 Z20.06 U91.6 V-72.76 E0.034094
G1 F X-33.69 Y-1.02 Z20.06 U91.61 V-72.49 E0.034094
G1 F X-33.52 Y-1.02 Z20.06 U91.62 V-72.23 E0.034094
G1 F X-33.36 Y-1.02 Z20.06 U91.63 V-71.95 E0.034094
G1 F X-33.19 Y-1.02 Z20.05 U91.64 V-71.68 E0.034094
G1 F X-33.02 Y-1.03 Z20.05 U91.65 V-71.41 E0.034094
G1 F X-32.85 Y-1.03 Z20.05 U91.65 V-71.14 E0.034094
G1 F X-32.68 Y-1.03 Z20.05 U91.66 V-70.87 E0.034094
G1 F X-32.51 Y-1.03 Z20.05 U91.67 V-70.59 E0.034094
G1 F X-32.35 Y-1.04 Z20.05 U91.68 V-70.32 E0.034094
G1 F X-32.18 Y-1.04 Z20.05 U91.69 V-70.04 E0.034094
G1 F X-32.01 Y-1.04 Z20.05 U91.7 V-69.77 E0.034094
G1 F X-31.84 Y-1.04 Z20.05 U91.71 V-69.49 E0.034094
G1 F X-31.67 Y-1.05 Z20.05 U91.72 V-69.21 E0.034094
G1 F X-31.51 Y-1.05 Z20.05 U91.73 V-68.94 E0.034094
G1 F X-31.34 Y-1.05 Z20.05 U91.74 V-68.66 E0.034094
G1 F X-31.17 Y-1.05 Z20.05 U91.75 V-68.38 E0.034094
G1 F X-31.01 Y-1.05 Z20.05 U91.76 V-68.1 E0.034094
G1 F X-30.84 Y-1.06 Z20.05 U91.77 V-67.82 E0.034094
G1 F X-30.67 Y-1.06 Z20.05 U91.78 V-67.54 E0.034094
G1 F X-30.5 Y-1.06 Z20.05 U91.79 V-67.26 E0.034094
G1 F X-30.34 Y-1.06 Z20.05 U91.79 V-66.97 E0.034094
G1 F X-30.17 Y-1.06 Z20.06 U91.8 V-66.69 E0.034094
G1 F X-30 Y-1.06 Z20.06 U91.8 V-66.41 E0.034094
G1 F X-29.83 Y-1.07 Z20.06 U91.81 V-66.12 E0.034094
G1 F X-29.66 Y-1.07 Z20.06 U91.81 V-65.84 E0.034094
G1 F X-29.5 Y-1.07 Z20.07 U91.82 V-65.55 E0.034094
G1 F X-29.33 Y-1.07 Z20.07 U91.82 V-65.27 E0.034094
G1 F X-29.16 Y-1.07 Z20.07 U91.83 V-64.98 E0.034094
G1 F X-28.99 Y-1.07 Z20.08 U91.83 V-64.69 E0.034094
G1 F X-28.87 Y-1.07 Z20.08 U91.83 V-64.48 E0.025329
G1 F X-28.82 Y-1 Z20.14 U91.71 V-64.42 E0.008764
G1 F X-28.65 Y-0.71 Z20.39 U91.22 V-64.19 E0.034094
G1 F X-28.48 Y-0.43 Z20.63 U90.74 V-63.96 E0.034094
G1 F X-28.3 Y-0.14 Z20.88 U90.25 V-63.72 E0.034094
G1 F X-28.12 Y0.14 Z21.12 U89.76 V-63.49 E0.034094
G1 F X-27.94 Y0.43 Z21.36 U89.26 V-63.25 E0.034094
G1 F X-27.75 Y0.72 Z21.6 U88.77 V-63.02 E0.034094
G1 F X-27.57 Y1 Z21.83 U88.28 V-62.78 E0.034094
G1 F X-27.52 Y1.08 Z21.89 U88.15 V-62.72 E0.008967
G1 F X-27.64 Y1.08 Z21.89 U88.15 V-62.93 E0.025127
G1 F X-27.81 Y1.08 Z21.9 U88.16 V-63.23 E0.034094
G1 F X-27.98 Y1.07 Z21.9 U88.16 V-63.52 E0.034094
G1 F X-28.16 Y1.07 Z21.9 U88.16 V-63.81 E0.034094
G1 F X-28.33 Y1.07 Z21.91 U88.17 V-64.1 E0.034094
G1 F X-28.5 Y1.07 Z21.91 U88.18 V-64.4 E0.034094
G1 F X-28.67 Y1.07 Z21.91 U88.18 V-64.69 E0.034094
G1 F X-28.84 Y1.07 Z21.92 U88.19 V-64.98 E0.034094
G1 F X-29.02 Y1.07 Z21.92 U88.19 V-65.27 E0.034094
G1 F X-29.19 Y1.07 Z21.92 U88.2 V-65.56 E0.034094
G1 F X-29.36 Y1.06 Z21.92 U88.21 V-65.86 E0.034094
G1 F X-29.53 Y1.06 Z21.92 U88.21 V-66.15 E0.034094
G1 F X-29.7 Y1.06 Z21.93 U88.22 V-66.44 E0.034094
G1 F X-29.88 Y1.06 Z21.93 U88.22 V-66.73 E0.034094
G1 F X-30.05 Y1.06 Z21.93 U88.23 V-67.02 E0.034094
G1 F X-30.22 Y1.06 Z21.93 U88.24 V-67.31 E0.034094
G1 F X-30.4 Y1.05 Z21.93 U88.24 V-67.6 E0.034094
G1 F X-30.57 Y1.05 Z21.94 U88.25 V-67.88 E0.034094
G1 F X-30.74 Y1.05 Z21.94 U88.25 V-68.17 E0.034094
G1 F X-30.92 Y1.05 Z21.94 U88.26 V-68.46 E0.034094
G1 F X-31.09 Y1.05 Z21.94 U88.27 V-68.75 E0.034094
G1 F X-31.26 Y1.05 Z21.95 U88.27 V-69.03 E0.034094
G1 F X-31.44 Y1.04 Z21.95 U88.28 V-69.32 E0.034094
G1 F X-31.61 Y1.04 Z21.95 U88.29 V-69.6 E0.034094
G1 F X-31.79 Y1.04 Z21.95 U88.29 V-69.89 E0.034094
G1 F X-31.96 Y1.04 Z21.95 U88.3 V-70.17 E0.034094
G1 F X-32.14 Y1.04 Z21.95 U88.31 V-70.46 E0.034094
G1 F X-32.31 Y1.03 Z21.95 U88.32 V-70.74 E0.034094
G1 F X-32.49 Y1.03 Z21.95 U88.33 V-71.02 E0.034094
G1 F X-32.66 Y1.03 Z21.95 U88.34 V-71.31 E0.034094
G1 F X-32.84 Y1.03 Z21.95 U88.35 V-71.59 E0.034094
G1 F X-33.02 Y1.02 Z21.95 U88.36 V-71.87 E0.034094
G1 F X-33.19 Y1.02 Z21.95 U88.37 V-72.15 E0.034094
G1 F X-33.37 Y1.02 Z21.95 U88.38 V-72.43 E0.034094
G1 F X-33.55 Y1.02 Z21.94 U88.39 V-72.71 E0.034094
G1 F X-33.73 Y1.01 Z21.94 U88.4 V-72.99 E0.034094
G1 F X-33.91 Y1.01 Z21.94 U88.42 V-73.26 E0.034094
G1 F X-34.08 Y1.01 Z21.94 U88.43 V-73.54 E0.034094
G1 F X-34.26 Y1.01 Z21.93 U88.44 V-73.82 E0.034094
G1 F X-34.44 Y1 Z21.93 U88.45 V-74.09 E0.034094
G1 F X-34.62 Y1 Z21.93 U88.47 V-74.37 E0.034094
G1 F X-34.8 Y1 Z21.92 U88.48 V-74.64 E0.034094
G1 F X-34.98 Y0.99 Z21.92 U88.49 V-74.91 E0.034094
G1 F X-35.16 Y0.99 Z21.92 U88.51 V-75.18 E0.034094
G1 F X-35.34 Y0.99 Z21.91 U88.52 V-75.45 E0.034094
G1 F X-35.52 Y0.98 Z21.91 U88.54 V-75.72 E0.034094
G1 F X-35.7 Y0.98 Z21.91 U88.55 V-75.99 E0.034094
G1 F X-35.89 Y0.98 Z21.9 U88.56 V-76.26 E0.034094
G1 F X-36.07 Y0.98 Z21.9 U88.58 V-76.52 E0.034094
G1 F X-36.25 Y0.97 Z21.89 U88.59 V-76.79 E0.034094
G1 F X-36.43 Y0.97 Z21.89 U88.6 V-77.05 E0.034094
G1 F X-36.61 Y0.97 Z21.89 U88.62 V-77.31 E0.034094
G1 F X-36.8 Y0.96 Z21.88 U88.63 V-77.57 E0.034094
G1 F X-36.98 Y0.96 Z21.88 U88.64 V-77.83 E0.034094
G1 F X-37.16 Y0.96 Z21.87 U88.66 V-78.09 E0.034094
G1 F X-37.35 Y0.95 Z21.87 U88.67 V-78.34 E0.034094
G1 F X-37.53 Y0.95 Z21.86 U88.68 V-78.59 E0.034094
G1 F X-37.71 Y0.95 Z21.86 U88.7 V-78.85 E0.034094
G1 F X-37.9 Y0.95 Z21.85 U88.71 V-79.1 E0.034094
G1 F X-38.08 Y0.94 Z21.85 U88.73 V-79.35 E0.034094
G1 F X-38.27 Y0.94 Z21.84 U88.74 V-79.59 E0.034094
G1 F X-38.45 Y0.94 Z21.84 U88.75 V-79.84 E0.034094
G1 F X-38.64 Y0.93 Z21.83 U88.77 V-80.08 E0.034094
G1 F X-38.83 Y0.93 Z21.83 U88.78 V-80.33 E0.034094
G1 F X-39.01 Y0.93 Z21.82 U88.8 V-80.57 E0.034094
G1 F X-39.2 Y0.92 Z21.81 U88.81 V-80.81 E0.034094
G1 F X-39.39 Y0.92 Z21.81 U88.83 V-81.04 E0.034094
G1 F X-39.57 Y0.92 Z21.8 U88.84 V-81.28 E0.034094
G1 F X-39.76 Y0.91 Z21.79 U88.86 V-81.51 E0.034094
G1 F X-39.95 Y0.91 Z21.78 U88.88 V-81.74 E0.034094
G1 F X-40.14 Y0.91 Z21.78 U88.89 V-81.97 E0.034094
G1 F X-40.33 Y0.91 Z21.77 U88.91 V-82.2 E0.034094
G1 F X-40.52 Y0.9 Z21.76 U88.92 V-82.43 E0.034094
G1 F X-40.71 Y0.9 Z21.75 U88.94 V-82.65 E0.034094
G1 F X-40.9 Y0.9 Z21.75 U88.96 V-82.87 E0.034094
G1 F X-41.09 Y0.89 Z21.74 U88.97 V-83.09 E0.034094
G1 F X-41.28 Y0.89 Z21.73 U88.99 V-83.31 E0.034094
G1 F X-41.47 Y0.89 Z21.72 U89.01 V-83.52 E0.034094
G1 F X-41.67 Y0.88 Z21.71 U89.02 V-83.73 E0.034094
G1 F X-41.86 Y0.88 Z21.7 U89.04 V-83.94 E0.034094
G1 F X-42.05 Y0.88 Z21.69 U89.06 V-84.15 E0.034094
G1 F X-42.24 Y0.88 Z21.68 U89.07 V-84.35 E0.034094
G1 F X-42.44 Y0.87 Z21.67 U89.09 V-84.55 E0.034094
G1 F X-42.63 Y0.87 Z21.66 U89.11 V-84.75 E0.034094
G1 F X-42.82 Y0.87 Z21.65 U89.13 V-84.95 E0.034094
G1 F X-43.02 Y0.86 Z21.64 U89.14 V-85.14 E0.034094
G1 F X-43.21 Y0.86 Z21.63 U89.16 V-85.33 E0.034094
G1 F X-43.41 Y0.86 Z21.62 U89.18 V-85.52 E0.034094
G1 F X-43.6 Y0.86 Z21.61 U89.19 V-85.71 E0.034094
G1 F X-43.8 Y0.85 Z21.6 U89.21 V-85.89 E0.034094
G1 F X-44 Y0.85 Z21.59 U89.23 V-86.07 E0.034094
G1 F X-44.19 Y0.85 Z21.58 U89.25 V-86.24 E0.034094
G1 F X-44.39 Y0.85 Z21.57 U89.26 V-86.41 E0.034094
G1 F X-44.59 Y0.84 Z21.56 U89.28 V-86.58 E0.034094
G1 F X-44.79 Y0.84 Z21.55 U89.3 V-86.75 E0.034094
G1 F X-44.98 Y0.84 Z21.54 U89.32 V-86.91 E0.034094
G1 F X-45.18 Y0.84 Z21.53 U89.33 V-87.07 E0.034094
G1 F X-45.38 Y0.83 Z21.51 U89.35 V-87.23 E0.034094
G1 F X-45.58 Y0.83 Z21.5 U89.37 V-87.38 E0.034094
G1 F X-45.78 Y0.83 Z21.49 U89.39 V-87.53 E0.034094
G1 F X-45.98 Y0.83 Z21.48 U89.4 V-87.67 E0.034094
G1 F X-46.18 Y0.83 Z21.47 U89.42 V-87.81 E0.034094
G1 F X-46.38 Y0.82 Z21.45 U89.44 V-87.95 E0.034094
G1 F X-46.58 Y0.82 Z21.44 U89.46 V-88.08 E0.034094
G1 F X-46.79 Y0.82 Z21.43 U89.48 V-88.21 E0.034094
G1 F X-46.99 Y0.82 Z21.42 U89.49 V-88.34 E0.034094
G1 F X-47.19 Y0.82 Z21.4 U89.51 V-88.46 E0.034094
G1 F X-47.39 Y0.81 Z21.39 U89.53 V-88.58 E0.034094
G1 F X-47.6 Y0.81 Z21.38 U89.55 V-88.69 E0.034094
G1 F X-47.62 Y0.81 Z21.37 U89.55 V-88.71 E0.004852
G1 F X-47.66 Y0.63 Z21.29 U89.65 V-88.72 E0.029242
G1 F X-47.7 Y0.43 Z21.2 U89.76 V-88.74 E0.034094
G1 F X-47.74 Y0.22 Z21.1 U89.88 V-88.76 E0.034094
G1 F X-47.79 Y0.02 Z21.01 U89.99 V-88.77 E0.034094
G1 F X-47.83 Y-0.19 Z20.92 U90.1 V-88.79 E0.034094
G1 F X-47.87 Y-0.4 Z20.83 U90.21 V-88.81 E0.034094
G1 F X-47.9 Y-0.6 Z20.74 U90.31 V-88.82 E0.034094
G1 F X-47.94 Y-0.81 Z20.65 U90.42 V-88.84 E0.034094
G1 F X-47.94 Y-0.81 Z20.85 U90.42 V-88.84 E0
G1 F X-47.26 Y-0.37 Z23.02 U90.22 V-88.46 E0
G1 F300 E-1.00 ;Filament Retraction!!
G1 F X-47.26 Y-0.37 Z22.82 U90.22 V-88.46 E0
G1 F X-47.07 Y-0.37 Z22.82 U90.22 V-88.35 E0.034118
G1 F300 E1.1;Filament (De)-Retraction!!
G1 F X-46.88 Y-0.37 Z22.81 U90.23 V-88.23 E0.034118
G1 F X-46.69 Y-0.37 Z22.8 U90.24 V-88.1 E0.034118
G1 F X-46.5 Y-0.37 Z22.8 U90.25 V-87.98 E0.034118
G1 F X-46.31 Y-0.37 Z22.79 U90.25 V-87.85 E0.034118
G1 F X-46.12 Y-0.37 Z22.79 U90.26 V-87.71 E0.034118
G1 F X-45.93 Y-0.37 Z22.78 U90.27 V-87.58 E0.034118
G1 F X-45.74 Y-0.37 Z22.78 U90.28 V-87.43 E0.034118
G1 F X-45.55 Y-0.37 Z22.77 U90.28 V-87.29 E0.034118
G1 F X-45.36 Y-0.37 Z22.77 U90.29 V-87.14 E0.034118
G1 F X-45.17 Y-0.37 Z22.76 U90.3 V-86.99 E0.034118
G1 F X-44.99 Y-0.37 Z22.76 U90.31 V-86.84 E0.034118
G1 F X-44.8 Y-0.37 Z22.76 U90.31 V-86.68 E0.034118
G1 F X-44.61 Y-0.37 Z22.75 U90.32 V-86.52 E0.034118
G1 F X-44.42 Y-0.37 Z22.75 U90.33 V-86.36 E0.034118
G1 F X-44.24 Y-0.37 Z22.74 U90.33 V-86.19 E0.034118
G1 F X-44.05 Y-0.37 Z22.74 U90.34 V-86.02 E0.034118
G1 F X-43.87 Y-0.37 Z22.74 U90.34 V-85.85 E0.034118
G1 F X-43.68 Y-0.37 Z22.73 U90.35 V-85.68 E0.034118
G1 F X-43.5 Y-0.37 Z22.73 U90.36 V-85.5 E0.034118
G1 F X-43.31 Y-0.37 Z22.73 U90.36 V-85.32 E0.034118
G1 F X-43.13 Y-0.37 Z22.72 U90.37 V-85.14 E0.034118
G1 F X-42.94 Y-0.37 Z22.72 U90.37 V-84.96 E0.034118
G1 F X-42.76 Y-0.37 Z22.72 U90.38 V-84.77 E0.034118
G1 F X-42.58 Y-0.37 Z22.71 U90.38 V-84.58 E0.034118
G1 F X-42.4 Y-0.37 Z22.71 U90.39 V-84.39 E0.034118
G1 F X-42.21 Y-0.37 Z22.71 U90.4 V-84.19 E0.034118
G1 F X-42.03 Y-0.37 Z22.71 U90.4 V-84 E0.034118
G1 F X-41.85 Y-0.37 Z22.7 U90.41 V-83.8 E0.034118
G1 F X-41.67 Y-0.37 Z22.7 U90.41 V-83.6 E0.034118
G1 F X-41.49 Y-0.37 Z22.7 U90.41 V-83.39 E0.034118
G1 F X-41.31 Y-0.37 Z22.7 U90.42 V-83.19 E0.034118
G1 F X-41.13 Y-0.37 Z22.7 U90.42 V-82.98 E0.034118
G1 F X-40.95 Y-0.37 Z22.69 U90.43 V-82.77 E0.034118
G1 F X-40.77 Y-0.37 Z22.69 U90.43 V-82.56 E0.034118
G1 F X-40.59 Y-0.37 Z22.69 U90.44 V-82.34 E0.034118
G1 F X-40.41 Y-0.37 Z22.69 U90.44 V-82.13 E0.034118
G1 F X-40.23 Y-0.37 Z22.69 U90.45 V-81.91 E0.034118
G1 F X-40.05 Y-0.37 Z22.69 U90.45 V-81.69 E0.034118
G1 F X-39.88 Y-0.37 Z22.68 U90.46 V-81.47 E0.034118
G1 F X-39.7 Y-0.37 Z22.68 U90.46 V-81.25 E0.034118
G1 F X-39.52 Y-0.37 Z22.68 U90.46 V-81.02 E0.034118
G1 F X-39.34 Y-0.37 Z22.68 U90.47 V-80.8 E0.034118
G1 F X-39.17 Y-0.37 Z22.68 U90.47 V-80.57 E0.034118
G1 F X-38.99 Y-0.37 Z22.68 U90.48 V-80.34 E0.034118
G1 F X-38.82 Y-0.37 Z22.67 U90.48 V-80.11 E0.034118
G1 F X-38.64 Y-0.37 Z22.67 U90.49 V-79.88 E0.034118
G1 F X-38.47 Y-0.37 Z22.67 U90.49 V-79.64 E0.034118
G1 F X-38.29 Y-0.37 Z22.67 U90.5 V-79.41 E0.034118
G1 F X-38.12 Y-0.37 Z22.67 U90.5 V-79.17 E0.034118
G1 F X-37.94 Y-0.37 Z22.67 U90.51 V-78.93 E0.034118
G1 F X-37.77 Y-0.37 Z22.66 U90.51 V-78.69 E0.034118
G1 F X-37.6 Y-0.37 Z22.66 U90.52 V-78.45 E0.034118
G1 F X-37.42 Y-0.37 Z22.66 U90.52 V-78.21 E0.034118
G1 F X-37.25 Y-0.37 Z22.66 U90.53 V-77.97 E0.034118
G1 F X-37.08 Y-0.37 Z22.66 U90.53 V-77.72 E0.034118
G1 F X-36.91 Y-0.37 Z22.66 U90.54 V-77.48 E0.034118
G1 F X-36.74 Y-0.37 Z22.65 U90.54 V-77.23 E0.034118
G1 F X-36.56 Y-0.37 Z22.65 U90.54 V-76.98 E0.034118
G1 F X-36.39 Y-0.37 Z22.65 U90.55 V-76.73 E0.034118
G1 F X-36.22 Y-0.37 Z22.65 U90.55 V-76.48 E0.034118
G1 F X-36.05 Y-0.37 Z22.65 U90.55 V-76.23 E0.034118
G1 F X-35.88 Y-0.37 Z22.65 U90.56 V-75.97 E0.034118
G1 F X-35.71 Y-0.37 Z22.65 U90.56 V-75.72 E0.034118
G1 F X-35.54 Y-0.37 Z22.65 U90.56 V-75.46 E0.034118
G1 F X-35.36 Y-0.37 Z22.65 U90.56 V-75.2 E0.034118
G1 F X-35.19 Y-0.37 Z22.65 U90.56 V-74.95 E0.034118
G1 F X-35.02 Y-0.37 Z22.65 U90.57 V-74.69 E0.034118
G1 F X-34.85 Y-0.37 Z22.66 U90.57 V-74.43 E0.034118
G1 F X-34.68 Y-0.37 Z22.66 U90.57 V-74.17 E0.034118
G1 F X-34.51 Y-0.37 Z22.66 U90.57 V-73.9 E0.034118
G1 F X-34.35 Y-0.37 Z22.66 U90.57 V-73.64 E0.034118
G1 F X-34.18 Y-0.37 Z22.66 U90.58 V-73.38 E0.034118
G1 F X-34.01 Y-0.37 Z22.66 U90.58 V-73.11 E0.034118
G1 F X-33.84 Y-0.37 Z22.66 U90.58 V-72.85 E0.034118
G1 F X-33.67 Y-0.37 Z22.66 U90.58 V-72.58 E0.034118
G1 F X-33.5 Y-0.37 Z22.66 U90.58 V-72.31 E0.034118
G1 F X-33.33 Y-0.37 Z22.66 U90.58 V-72.05 E0.034118
G1 F X-33.17 Y-0.37 Z22.66 U90.59 V-71.78 E0.034118
G1 F X-33 Y-0.37 Z22.66 U90.59 V-71.51 E0.034118
G1 F X-32.83 Y-0.37 Z22.66 U90.59 V-71.24 E0.034118
G1 F X-32.66 Y-0.37 Z22.66 U90.59 V-70.97 E0.034118
G1 F X-32.5 Y-0.37 Z22.66 U90.6 V-70.7 E0.034118
G1 F X-32.33 Y-0.37 Z22.66 U90.6 V-70.43 E0.034118
G1 F X-32.16 Y-0.37 Z22.66 U90.6 V-70.15 E0.034118
G1 F X-32 Y-0.37 Z22.66 U90.6 V-69.88 E0.034118
G1 F X-31.83 Y-0.37 Z22.66 U90.61 V-69.61 E0.034118
G1 F X-31.66 Y-0.37 Z22.66 U90.61 V-69.34 E0.034118
G1 F X-31.5 Y-0.37 Z22.66 U90.62 V-69.06 E0.034118
G1 F X-31.33 Y-0.37 Z22.66 U90.62 V-68.79 E0.034118
G1 F X-31.17 Y-0.37 Z22.66 U90.62 V-68.52 E0.034118
G1 F X-31 Y-0.37 Z22.66 U90.63 V-68.24 E0.034118
G1 F X-30.84 Y-0.37 Z22.66 U90.63 V-67.96 E0.034118
G1 F X-30.67 Y-0.38 Z22.66 U90.63 V-67.69 E0.034118
G1 F X-30.51 Y-0.38 Z22.66 U90.64 V-67.41 E0.034118
G1 F X-30.34 Y-0.38 Z22.66 U90.64 V-67.13 E0.034118
G1 F X-30.18 Y-0.38 Z22.66 U90.64 V-66.86 E0.034118
G1 F X-30.01 Y-0.38 Z22.67 U90.64 V-66.58 E0.034118
G1 F X-29.85 Y-0.38 Z22.67 U90.64 V-66.3 E0.034118
G1 F X-29.68 Y-0.38 Z22.67 U90.64 V-66.02 E0.034118
G1 F X-29.52 Y-0.38 Z22.67 U90.64 V-65.74 E0.034118
G1 F X-29.35 Y-0.38 Z22.67 U90.64 V-65.46 E0.034118
G1 F X-29.18 Y-0.38 Z22.67 U90.64 V-65.18 E0.034118
G1 F X-29.02 Y-0.38 Z22.67 U90.64 V-64.89 E0.034118
G1 F X-28.89 Y-0.37 Z22.68 U90.64 V-64.67 E0.027367
G1 F X-28.84 Y-0.31 Z22.73 U90.54 V-64.61 E0.006752
G1 F X-28.63 Y0 Z23 U90 V-64.32 E0.034118
G1 F X-28.41 Y0.32 Z23.27 U89.45 V-64.03 E0.034118
G1 F X-28.37 Y0.37 Z23.32 U89.36 V-63.98 E0.005658
G1 F X-28.51 Y0.37 Z23.32 U89.36 V-64.22 E0.02846
G1 F X-28.68 Y0.37 Z23.32 U89.37 V-64.5 E0.034118
G1 F X-28.84 Y0.37 Z23.32 U89.37 V-64.78 E0.034118
G1 F X-29.01 Y0.37 Z23.32 U89.37 V-65.07 E0.034118
G1 F X-29.17 Y0.37 Z23.32 U89.37 V-65.35 E0.034118
G1 F X-29.34 Y0.37 Z23.32 U89.38 V-65.63 E0.034118
G1 F X-29.51 Y0.37 Z23.32 U89.38 V-65.91 E0.034118
G1 F X-29.67 Y0.37 Z23.32 U89.38 V-66.19 E0.034118
G1 F X-29.84 Y0.37 Z23.32 U89.38 V-66.47 E0.034118
G1 F X-30.01 Y0.37 Z23.32 U89.38 V-66.75 E0.034118
G1 F X-30.17 Y0.37 Z23.33 U89.38 V-67.03 E0.034118
G1 F X-30.34 Y0.37 Z23.33 U89.38 V-67.31 E0.034118
G1 F X-30.5 Y0.37 Z23.33 U89.39 V-67.59 E0.034118
G1 F X-30.67 Y0.37 Z23.33 U89.39 V-67.87 E0.034118
G1 F X-30.84 Y0.37 Z23.33 U89.39 V-68.15 E0.034118
G1 F X-31 Y0.37 Z23.33 U89.39 V-68.42 E0.034118
G1 F X-31.17 Y0.37 Z23.34 U89.39 V-68.7 E0.034118
G1 F X-31.34 Y0.37 Z23.34 U89.38 V-68.97 E0.034118
G1 F X-31.5 Y0.37 Z23.34 U89.38 V-69.25 E0.034118
G1 F X-31.67 Y0.37 Z23.34 U89.38 V-69.52 E0.034118
G1 F X-31.84 Y0.37 Z23.34 U89.39 V-69.8 E0.034118
G1 F X-32.01 Y0.37 Z23.34 U89.39 V-70.07 E0.034118
G1 F X-32.17 Y0.37 Z23.35 U89.39 V-70.34 E0.034118
G1 F X-32.34 Y0.37 Z23.35 U89.39 V-70.62 E0.034118
G1 F X-32.51 Y0.37 Z23.35 U89.39 V-70.89 E0.034118
G1 F X-32.68 Y0.37 Z23.35 U89.39 V-71.16 E0.034118
G1 F X-32.85 Y0.37 Z23.35 U89.4 V-71.43 E0.034118
G1 F X-33.02 Y0.37 Z23.35 U89.4 V-71.71 E0.034118
G1 F X-33.19 Y0.37 Z23.35 U89.4 V-71.98 E0.034118
G1 F X-33.36 Y0.37 Z23.35 U89.4 V-72.25 E0.034118
G1 F X-33.53 Y0.37 Z23.35 U89.41 V-72.51 E0.034118
G1 F X-33.7 Y0.37 Z23.35 U89.41 V-72.78 E0.034118
G1 F X-33.87 Y0.37 Z23.35 U89.41 V-73.05 E0.034118
G1 F X-34.04 Y0.37 Z23.35 U89.42 V-73.32 E0.034118
G1 F X-34.21 Y0.37 Z23.35 U89.42 V-73.58 E0.034118
G1 F X-34.38 Y0.37 Z23.35 U89.43 V-73.85 E0.034118
G1 F X-34.55 Y0.37 Z23.35 U89.43 V-74.11 E0.034118
G1 F X-34.72 Y0.37 Z23.34 U89.43 V-74.38 E0.034118
G1 F X-34.89 Y0.37 Z23.34 U89.44 V-74.64 E0.034118
G1 F X-35.07 Y0.37 Z23.34 U89.44 V-74.9 E0.034118
G1 F X-35.24 Y0.37 Z23.34 U89.45 V-75.16 E0.034118
G1 F X-35.41 Y0.37 Z23.34 U89.45 V-75.42 E0.034118
G1 F X-35.59 Y0.37 Z23.34 U89.45 V-75.68 E0.034118
G1 F X-35.76 Y0.37 Z23.34 U89.46 V-75.94 E0.034118
G1 F X-35.93 Y0.37 Z23.34 U89.46 V-76.19 E0.034118
G1 F X-36.11 Y0.37 Z23.34 U89.47 V-76.45 E0.034118
G1 F X-36.28 Y0.37 Z23.34 U89.47 V-76.7 E0.034118
G1 F X-36.45 Y0.37 Z23.34 U89.47 V-76.96 E0.034118
G1 F X-36.63 Y0.37 Z23.34 U89.48 V-77.21 E0.034118
G1 F X-36.8 Y0.37 Z23.34 U89.48 V-77.46 E0.034118
G1 F X-36.98 Y0.37 Z23.33 U89.48 V-77.71 E0.034118
G1 F X-37.15 Y0.37 Z23.33 U89.49 V-77.96 E0.034118
G1 F X-37.33 Y0.37 Z23.33 U89.49 V-78.2 E0.034118
G1 F X-37.5 Y0.37 Z23.33 U89.49 V-78.45 E0.034118
G1 F X-37.68 Y0.37 Z23.33 U89.49 V-78.69 E0.034118
G1 F X-37.85 Y0.37 Z23.33 U89.5 V-78.93 E0.034118
G1 F X-38.03 Y0.37 Z23.33 U89.5 V-79.17 E0.034118
G1 F X-38.21 Y0.37 Z23.33 U89.5 V-79.41 E0.034118
G1 F X-38.38 Y0.37 Z23.33 U89.51 V-79.65 E0.034118
G1 F X-38.56 Y0.37 Z23.33 U89.51 V-79.89 E0.034118
G1 F X-38.74 Y0.37 Z23.33 U89.51 V-80.12 E0.034118
G1 F X-38.92 Y0.37 Z23.33 U89.52 V-80.35 E0.034118
G1 F X-39.1 Y0.37 Z23.33 U89.52 V-80.59 E0.034118
G1 F X-39.28 Y0.37 Z23.33 U89.53 V-80.82 E0.034118
G1 F X-39.46 Y0.37 Z23.32 U89.53 V-81.05 E0.034118
G1 F X-39.64 Y0.37 Z23.32 U89.53 V-81.27 E0.034118
G1 F X-39.82 Y0.37 Z23.32 U89.54 V-81.5 E0.034118
G1 F X-40 Y0.37 Z23.32 U89.54 V-81.72 E0.034118
G1 F X-40.18 Y0.37 Z23.32 U89.55 V-81.94 E0.034118
G1 F X-40.36 Y0.37 Z23.31 U89.55 V-82.16 E0.034118
G1 F X-40.54 Y0.37 Z23.31 U89.56 V-82.38 E0.034118
G1 F X-40.73 Y0.37 Z23.31 U89.56 V-82.6 E0.034118
G1 F X-40.91 Y0.37 Z23.31 U89.57 V-82.81 E0.034118
G1 F X-41.09 Y0.37 Z23.31 U89.57 V-83.02 E0.034118
G1 F X-41.28 Y0.37 Z23.3 U89.58 V-83.23 E0.034118
G1 F X-41.46 Y0.37 Z23.3 U89.59 V-83.44 E0.034118
G1 F X-41.64 Y0.37 Z23.3 U89.59 V-83.65 E0.034118
G1 F X-41.83 Y0.37 Z23.29 U89.6 V-83.85 E0.034118
G1 F X-42.02 Y0.37 Z23.29 U89.6 V-84.05 E0.034118
G1 F X-42.2 Y0.37 Z23.29 U89.61 V-84.25 E0.034118
G1 F X-42.39 Y0.37 Z23.28 U89.61 V-84.45 E0.034118
G1 F X-42.57 Y0.37 Z23.28 U89.62 V-84.64 E0.034118
G1 F X-42.76 Y0.37 Z23.28 U89.63 V-84.84 E0.034118
G1 F X-42.95 Y0.37 Z23.28 U89.63 V-85.03 E0.034118
G1 F X-43.14 Y0.37 Z23.27 U89.64 V-85.21 E0.034118
G1 F X-43.33 Y0.37 Z23.27 U89.64 V-85.4 E0.034118
G1 F X-43.51 Y0.37 Z23.27 U89.65 V-85.58 E0.034118
G1 F X-43.7 Y0.37 Z23.26 U89.66 V-85.76 E0.034118
G1 F X-43.89 Y0.37 Z23.26 U89.66 V-85.93 E0.034118
G1 F X-44.08 Y0.37 Z23.25 U89.67 V-86.11 E0.034118
G1 F X-44.27 Y0.37 Z23.25 U89.68 V-86.28 E0.034118
G1 F X-44.47 Y0.37 Z23.25 U89.68 V-86.44 E0.034118
G1 F X-44.66 Y0.37 Z23.24 U89.69 V-86.61 E0.034118
G1 F X-44.85 Y0.37 Z23.24 U89.69 V-86.77 E0.034118
G1 F X-45.04 Y0.37 Z23.23 U89.7 V-86.93 E0.034118
G1 F X-45.23 Y0.37 Z23.23 U89.71 V-87.08 E0.034118
G1 F X-45.43 Y0.37 Z23.23 U89.71 V-87.23 E0.034118
G1 F X-45.62 Y0.37 Z23.22 U89.72 V-87.38 E0.034118
G1 F X-45.82 Y0.37 Z23.22 U89.73 V-87.53 E0.034118
G1 F X-46.01 Y0.37 Z23.21 U89.73 V-87.67 E0.034118
G1 F X-46.21 Y0.37 Z23.21 U89.74 V-87.81 E0.034118
G1 F X-46.4 Y0.37 Z23.2 U89.75 V-87.94 E0.034118
G1 F X-46.6 Y0.37 Z23.2 U89.75 V-88.07 E0.034118
G1 F X-46.79 Y0.37 Z23.19 U89.76 V-88.2 E0.034118
G1 F X-46.99 Y0.37 Z23.19 U89.77 V-88.32 E0.034118
G1 F X-47.19 Y0.37 Z23.18 U89.78 V-88.44 E0.034118
G1 F X-47.28 Y0.37 Z23.18 U89.78 V-88.5 E0.016125
G1 F X-47.31 Y0.26 Z23.13 U89.85 V-88.51 E0.017993
G1 F X-47.36 Y0.05 Z23.03 U89.97 V-88.53 E0.034118
G1 F X-47.41 Y-0.16 Z22.93 U90.09 V-88.56 E0.034118
G1 F X-47.45 Y-0.37 Z22.83 U90.21 V-88.58 E0.034118
G1 F X-47.45 Y-0.37 Z23.03 U90.21 V-88.58 E0
G1 F X-47.77 Y-0.81 Z22.83 U90.44 V-88.74 E0
G1 F300 E-1.00 ;Filament Retraction!!
G1 F X-47.77 Y-0.81 Z22.63 U90.44 V-88.74 E0
G1 F X-47.58 Y-0.82 Z22.62 U90.46 V-88.64 E0.034091
G1 F300 E1.1;Filament (De)-Retraction!!
G1 F X-47.39 Y-0.82 Z22.61 U90.47 V-88.53 E0.034091
G1 F X-47.21 Y-0.82 Z22.59 U90.49 V-88.42 E0.034091
G1 F X-47.02 Y-0.82 Z22.58 U90.51 V-88.3 E0.034091
G1 F X-46.83 Y-0.83 Z22.57 U90.53 V-88.18 E0.034091
G1 F X-46.65 Y-0.83 Z22.55 U90.55 V-88.06 E0.034091
G1 F X-46.46 Y-0.83 Z22.54 U90.57 V-87.94 E0.034091
G1 F X-46.28 Y-0.83 Z22.53 U90.58 V-87.81 E0.034091
G1 F X-46.09 Y-0.84 Z22.52 U90.6 V-87.67 E0.034091
G1 F X-45.91 Y-0.84 Z22.5 U90.62 V-87.54 E0.034091
G1 F X-45.72 Y-0.84 Z22.49 U90.64 V-87.4 E0.034091
G1 F X-45.54 Y-0.84 Z22.48 U90.66 V-87.26 E0.034091
G1 F X-45.35 Y-0.85 Z22.47 U90.67 V-87.11 E0.034091
G1 F X-45.17 Y-0.85 Z22.46 U90.69 V-86.97 E0.034091
G1 F X-44.99 Y-0.85 Z22.44 U90.71 V-86.81 E0.034091
G1 F X-44.81 Y-0.86 Z22.43 U90.73 V-86.66 E0.034091
G1 F X-44.62 Y-0.86 Z22.42 U90.74 V-86.5 E0.034091
G1 F X-44.44 Y-0.86 Z22.41 U90.76 V-86.34 E0.034091
G1 F X-44.26 Y-0.87 Z22.4 U90.78 V-86.18 E0.034091
G1 F X-44.08 Y-0.87 Z22.39 U90.8 V-86.02 E0.034091
G1 F X-43.9 Y-0.87 Z22.38 U90.81 V-85.85 E0.034091
G1 F X-43.72 Y-0.87 Z22.37 U90.83 V-85.68 E0.034091
G1 F X-43.54 Y-0.88 Z22.36 U90.85 V-85.51 E0.034091
G1 F X-43.36 Y-0.88 Z22.35 U90.86 V-85.33 E0.034092
G1 F X-43.18 Y-0.88 Z22.34 U90.88 V-85.15 E0.034092
G1 F X-43 Y-0.89 Z22.33 U90.9 V-84.97 E0.034092
G1 F X-42.83 Y-0.89 Z22.32 U90.92 V-84.79 E0.034092
G1 F X-42.65 Y-0.89 Z22.31 U90.93 V-84.61 E0.034092
G1 F X-42.47 Y-0.9 Z22.3 U90.95 V-84.42 E0.034092
G1 F X-42.29 Y-0.9 Z22.29 U90.96 V-84.23 E0.034092
G1 F X-42.12 Y-0.91 Z22.28 U90.98 V-84.04 E0.034092
G1 F X-41.94 Y-0.91 Z22.27 U91 V-83.84 E0.034092
G1 F X-41.76 Y-0.91 Z22.26 U91.01 V-83.65 E0.034092
G1 F X-41.59 Y-0.92 Z22.25 U91.03 V-83.45 E0.034092
G1 F X-41.41 Y-0.92 Z22.24 U91.05 V-83.25 E0.034092
G1 F X-41.24 Y-0.92 Z22.24 U91.06 V-83.05 E0.034091
G1 F X-41.06 Y-0.93 Z22.23 U91.08 V-82.85 E0.034092
G1 F X-40.89 Y-0.93 Z22.22 U91.1 V-82.64 E0.034092
G1 F X-40.72 Y-0.93 Z22.21 U91.11 V-82.43 E0.034092
G1 F X-40.54 Y-0.94 Z22.2 U91.13 V-82.22 E0.034092
G1 F X-40.37 Y-0.94 Z22.19 U91.14 V-82.01 E0.034092
G1 F X-40.2 Y-0.95 Z22.19 U91.16 V-81.8 E0.034092
G1 F X-40.02 Y-0.95 Z22.18 U91.18 V-81.59 E0.034092
G1 F X-39.85 Y-0.95 Z22.17 U91.19 V-81.37 E0.034092
G1 F X-39.68 Y-0.96 Z22.16 U91.21 V-81.15 E0.034092
G1 F X-39.51 Y-0.96 Z22.16 U91.22 V-80.93 E0.034091
G1 F X-39.34 Y-0.97 Z22.15 U91.24 V-80.71 E0.034091
G1 F X-39.17 Y-0.97 Z22.14 U91.26 V-80.49 E0.034091
G1 F X-39 Y-0.97 Z22.13 U91.27 V-80.27 E0.034091
G1 F X-38.83 Y-0.98 Z22.13 U91.29 V-80.04 E0.034091
G1 F X-38.66 Y-0.98 Z22.12 U91.31 V-79.82 E0.034092
G1 F X-38.49 Y-0.99 Z22.11 U91.32 V-79.59 E0.034092
G1 F X-38.32 Y-0.99 Z22.11 U91.34 V-79.36 E0.034092
G1 F X-38.15 Y-0.99 Z22.1 U91.36 V-79.13 E0.034092
G1 F X-37.98 Y-1 Z22.09 U91.37 V-78.9 E0.034092
G1 F X-37.81 Y-1 Z22.08 U91.39 V-78.66 E0.034092
G1 F X-37.65 Y-1.01 Z22.08 U91.41 V-78.43 E0.034092
G1 F X-37.48 Y-1.01 Z22.07 U91.42 V-78.19 E0.034092
G1 F X-37.31 Y-1.02 Z22.06 U91.44 V-77.96 E0.034092
G1 F X-37.15 Y-1.02 Z22.06 U91.46 V-77.72 E0.034092
G1 F X-36.98 Y-1.02 Z22.05 U91.47 V-77.48 E0.034092
G1 F X-36.81 Y-1.03 Z22.05 U91.49 V-77.24 E0.034092
G1 F X-36.65 Y-1.03 Z22.04 U91.5 V-76.99 E0.034092
G1 F X-36.48 Y-1.04 Z22.04 U91.52 V-76.75 E0.034092
G1 F X-36.31 Y-1.04 Z22.03 U91.53 V-76.51 E0.034092
G1 F X-36.15 Y-1.04 Z22.03 U91.55 V-76.26 E0.034092
G1 F X-35.98 Y-1.05 Z22.02 U91.56 V-76.01 E0.034092
G1 F X-35.81 Y-1.05 Z22.02 U91.57 V-75.76 E0.034092
G1 F X-35.65 Y-1.06 Z22.01 U91.59 V-75.52 E0.034092
G1 F X-35.48 Y-1.06 Z22.01 U91.6 V-75.26 E0.034092
G1 F X-35.32 Y-1.06 Z22.01 U91.61 V-75.01 E0.034092
G1 F X-35.15 Y-1.07 Z22 U91.63 V-74.76 E0.034092
G1 F X-34.99 Y-1.07 Z22 U91.64 V-74.51 E0.034092
G1 F X-34.82 Y-1.07 Z22 U91.65 V-74.25 E0.034092
G1 F X-34.66 Y-1.08 Z22 U91.66 V-74 E0.034092
G1 F X-34.49 Y-1.08 Z21.99 U91.68 V-73.74 E0.034092
G1 F X-34.33 Y-1.08 Z21.99 U91.69 V-73.48 E0.034092
G1 F X-34.17 Y-1.09 Z21.99 U91.7 V-73.23 E0.034092
G1 F X-34 Y-1.09 Z21.99 U91.71 V-72.97 E0.034092
G1 F X-33.84 Y-1.1 Z21.98 U91.72 V-72.71 E0.034092
G1 F X-33.67 Y-1.1 Z21.98 U91.74 V-72.45 E0.034092
G1 F X-33.51 Y-1.1 Z21.98 U91.75 V-72.19 E0.034092
G1 F X-33.35 Y-1.11 Z21.98 U91.76 V-71.93 E0.034092
G1 F X-33.18 Y-1.11 Z21.98 U91.77 V-71.66 E0.034092
G1 F X-33.02 Y-1.11 Z21.98 U91.78 V-71.4 E0.034092
G1 F X-32.86 Y-1.12 Z21.97 U91.79 V-71.14 E0.034092
G1 F X-32.69 Y-1.12 Z21.97 U91.8 V-70.87 E0.034092
G1 F X-32.53 Y-1.12 Z21.97 U91.82 V-70.61 E0.034092
G1 F X-32.37 Y-1.13 Z21.97 U91.83 V-70.34 E0.034092
G1 F X-32.21 Y-1.13 Z21.97 U91.84 V-70.07 E0.034092
G1 F X-32.04 Y-1.13 Z21.97 U91.85 V-69.81 E0.034092
G1 F X-31.88 Y-1.14 Z21.97 U91.86 V-69.54 E0.034092
G1 F X-31.72 Y-1.14 Z21.97 U91.87 V-69.27 E0.034092
G1 F X-31.56 Y-1.14 Z21.96 U91.89 V-69 E0.034092
G1 F X-31.4 Y-1.15 Z21.96 U91.9 V-68.73 E0.034092
G1 F X-31.23 Y-1.15 Z21.96 U91.91 V-68.47 E0.034092
G1 F X-31.07 Y-1.15 Z21.96 U91.92 V-68.19 E0.034092
G1 F X-30.91 Y-1.15 Z21.96 U91.93 V-67.92 E0.034092
G1 F X-30.75 Y-1.16 Z21.96 U91.94 V-67.65 E0.034092
G1 F X-30.59 Y-1.16 Z21.96 U91.95 V-67.38 E0.034092
G1 F X-30.43 Y-1.16 Z21.96 U91.96 V-67.11 E0.034092
G1 F X-30.26 Y-1.16 Z21.96 U91.97 V-66.83 E0.034092
G1 F X-30.1 Y-1.17 Z21.97 U91.97 V-66.56 E0.034092
G1 F X-29.94 Y-1.17 Z21.97 U91.98 V-66.28 E0.034092
G1 F X-29.78 Y-1.17 Z21.97 U91.99 V-66.01 E0.034092
G1 F X-29.61 Y-1.17 Z21.97 U91.99 V-65.73 E0.034092
G1 F X-29.45 Y-1.17 Z21.98 U92 V-65.45 E0.034092
G1 F X-29.29 Y-1.18 Z21.98 U92 V-65.18 E0.034092
G1 F X-29.12 Y-1.18 Z21.98 U92.01 V-64.9 E0.034092
G1 F X-29 Y-1.18 Z21.98 U92.01 V-64.68 E0.025989
G1 F X-28.95 Y-1.1 Z22.05 U91.89 V-64.62 E0.008103
G1 F X-28.74 Y-0.79 Z22.32 U91.35 V-64.33 E0.034092
G1 F X-28.53 Y-0.47 Z22.6 U90.81 V-64.04 E0.034092
G1 F X-28.32 Y-0.15 Z22.87 U90.27 V-63.75 E0.034092
G1 F X-28.1 Y0.16 Z23.14 U89.72 V-63.45 E0.034092
G1 F X-27.88 Y0.48 Z23.4 U89.17 V-63.16 E0.034092
G1 F X-27.65 Y0.8 Z23.66 U88.63 V-62.86 E0.034092
G1 F X-27.42 Y1.12 Z23.92 U88.08 V-62.57 E0.034092
G1 F X-27.37 Y1.19 Z23.98 U87.96 V-62.5 E0.007321
G1 F X-27.5 Y1.19 Z23.98 U87.96 V-62.73 E0.026771
G1 F X-27.67 Y1.19 Z23.99 U87.97 V-63.01 E0.034092
G1 F X-27.84 Y1.18 Z23.99 U87.97 V-63.3 E0.034092
G1 F X-28 Y1.18 Z23.99 U87.98 V-63.59 E0.034092
G1 F X-28.17 Y1.18 Z24 U87.98 V-63.87 E0.034092
G1 F X-28.34 Y1.18 Z24 U87.99 V-64.16 E0.034092
G1 F X-28.51 Y1.18 Z24 U88 V-64.44 E0.034092
G1 F X-28.68 Y1.17 Z24 U88 V-64.73 E0.034092
G1 F X-28.84 Y1.17 Z24.01 U88.01 V-65.01 E0.034092
G1 F X-29.01 Y1.17 Z24.01 U88.02 V-65.3 E0.034092
G1 F X-29.18 Y1.17 Z24.01 U88.03 V-65.58 E0.034092
G1 F X-29.35 Y1.17 Z24.01 U88.03 V-65.87 E0.034092
G1 F X-29.52 Y1.16 Z24.01 U88.04 V-66.15 E0.034092
G1 F X-29.69 Y1.16 Z24.01 U88.05 V-66.44 E0.034092
G1 F X-29.86 Y1.16 Z24.02 U88.06 V-66.72 E0.034092
G1 F X-30.03 Y1.16 Z24.02 U88.06 V-67.01 E0.034092
G1 F X-30.2 Y1.15 Z24.02 U88.07 V-67.29 E0.034092
G1 F X-30.36 Y1.15 Z24.02 U88.08 V-67.57 E0.034092
G1 F X-30.53 Y1.15 Z24.02 U88.09 V-67.85 E0.034092
G1 F X-30.7 Y1.15 Z24.02 U88.1 V-68.14 E0.034092
G1 F X-30.87 Y1.14 Z24.03 U88.1 V-68.42 E0.034092
G1 F X-31.04 Y1.14 Z24.03 U88.11 V-68.7 E0.034092
G1 F X-31.21 Y1.14 Z24.03 U88.12 V-68.98 E0.034092
G1 F X-31.38 Y1.14 Z24.03 U88.13 V-69.26 E0.034092
G1 F X-31.56 Y1.13 Z24.03 U88.14 V-69.54 E0.034092
G1 F X-31.73 Y1.13 Z24.03 U88.14 V-69.82 E0.034092
G1 F X-31.9 Y1.13 Z24.03 U88.15 V-70.1 E0.034092
G1 F X-32.07 Y1.13 Z24.03 U88.16 V-70.38 E0.034092
G1 F X-32.24 Y1.12 Z24.03 U88.18 V-70.65 E0.034092
G1 F X-32.42 Y1.12 Z24.03 U88.19 V-70.93 E0.034092
G1 F X-32.59 Y1.12 Z24.03 U88.2 V-71.21 E0.034092
G1 F X-32.76 Y1.11 Z24.03 U88.21 V-71.49 E0.034092
G1 F X-32.94 Y1.11 Z24.02 U88.22 V-71.76 E0.034092
G1 F X-33.11 Y1.1 Z24.02 U88.24 V-72.04 E0.034092
G1 F X-33.28 Y1.1 Z24.02 U88.25 V-72.31 E0.034092
G1 F X-33.46 Y1.1 Z24.02 U88.26 V-72.59 E0.034092
G1 F X-33.63 Y1.09 Z24.01 U88.28 V-72.86 E0.034092
G1 F X-33.81 Y1.09 Z24.01 U88.29 V-73.14 E0.034092
G1 F X-33.99 Y1.08 Z24.01 U88.31 V-73.41 E0.034092
G1 F X-34.16 Y1.08 Z24 U88.32 V-73.68 E0.034092
G1 F X-34.34 Y1.08 Z24 U88.34 V-73.95 E0.034092
G1 F X-34.52 Y1.07 Z24 U88.35 V-74.22 E0.034092
G1 F X-34.69 Y1.07 Z23.99 U88.37 V-74.49 E0.034092
G1 F X-34.87 Y1.06 Z23.99 U88.38 V-74.76 E0.034092
G1 F X-35.05 Y1.06 Z23.98 U88.4 V-75.03 E0.034092
G1 F X-35.23 Y1.06 Z23.98 U88.41 V-75.3 E0.034092
G1 F X-35.41 Y1.05 Z23.97 U88.43 V-75.56 E0.034092
G1 F X-35.58 Y1.05 Z23.97 U88.45 V-75.83 E0.034092
G1 F X-35.76 Y1.04 Z23.96 U88.46 V-76.09 E0.034092
G1 F X-35.94 Y1.04 Z23.96 U88.48 V-76.35 E0.034092
G1 F X-36.12 Y1.03 Z23.95 U88.49 V-76.61 E0.034092
G1 F X-36.3 Y1.03 Z23.95 U88.51 V-76.87 E0.034092
G1 F X-36.48 Y1.02 Z23.94 U88.53 V-77.13 E0.034092
G1 F X-36.66 Y1.02 Z23.94 U88.54 V-77.39 E0.034092
G1 F X-36.84 Y1.02 Z23.93 U88.56 V-77.65 E0.034092
G1 F X-37.02 Y1.01 Z23.92 U88.57 V-77.9 E0.034092
G1 F X-37.2 Y1.01 Z23.92 U88.59 V-78.15 E0.034092
G1 F X-37.39 Y1 Z23.91 U88.6 V-78.41 E0.034092
G1 F X-37.57 Y1 Z23.91 U88.62 V-78.66 E0.034092
G1 F X-37.75 Y1 Z23.9 U88.63 V-78.9 E0.034092
G1 F X-37.93 Y0.99 Z23.9 U88.65 V-79.15 E0.034092
G1 F X-38.11 Y0.99 Z23.89 U88.67 V-79.4 E0.034092
G1 F X-38.3 Y0.98 Z23.88 U88.68 V-79.64 E0.034092
G1 F X-38.48 Y0.98 Z23.88 U88.7 V-79.88 E0.034092
G1 F X-38.67 Y0.98 Z23.87 U88.71 V-80.13 E0.034092
G1 F X-38.85 Y0.97 Z23.86 U88.73 V-80.36 E0.034092
G1 F X-39.03 Y0.97 Z23.85 U88.75 V-80.6 E0.034092
G1 F X-39.22 Y0.96 Z23.85 U88.76 V-80.84 E0.034092
G1 F X-39.41 Y0.96 Z23.84 U88.78 V-81.07 E0.034092
G1 F X-39.59 Y0.96 Z23.83 U88.8 V-81.31 E0.034092
G1 F X-39.78 Y0.95 Z23.82 U88.82 V-81.54 E0.034092
G1 F X-39.96 Y0.95 Z23.81 U88.83 V-81.77 E0.034092
G1 F X-40.15 Y0.94 Z23.81 U88.85 V-81.99 E0.034092
G1 F X-40.34 Y0.94 Z23.8 U88.87 V-82.22 E0.034091
G1 F X-40.53 Y0.93 Z23.79 U88.89 V-82.44 E0.034092
G1 F X-40.72 Y0.93 Z23.78 U88.9 V-82.66 E0.034092
G1 F X-40.91 Y0.93 Z23.77 U88.92 V-82.88 E0.034092
G1 F X-41.1 Y0.92 Z23.76 U88.94 V-83.1 E0.034091
G1 F X-41.29 Y0.92 Z23.75 U88.96 V-83.31 E0.034091
G1 F X-41.48 Y0.91 Z23.74 U88.98 V-83.53 E0.034091
G1 F X-41.67 Y0.91 Z23.73 U88.99 V-83.74 E0.034091
G1 F X-41.86 Y0.91 Z23.72 U89.01 V-83.94 E0.034092
G1 F X-42.05 Y0.9 Z23.71 U89.03 V-84.15 E0.034092
G1 F X-42.24 Y0.9 Z23.7 U89.05 V-84.35 E0.034092
G1 F X-42.43 Y0.89 Z23.69 U89.07 V-84.55 E0.034092
G1 F X-42.63 Y0.89 Z23.68 U89.09 V-84.75 E0.034091
G1 F X-42.82 Y0.89 Z23.67 U89.1 V-84.94 E0.034091
G1 F X-43.01 Y0.88 Z23.66 U89.12 V-85.14 E0.034091
G1 F X-43.21 Y0.88 Z23.65 U89.14 V-85.33 E0.034091
G1 F X-43.4 Y0.88 Z23.64 U89.16 V-85.51 E0.034091
G1 F X-43.6 Y0.87 Z23.63 U89.18 V-85.7 E0.034092
G1 F X-43.79 Y0.87 Z23.61 U89.2 V-85.88 E0.034091
G1 F X-43.99 Y0.87 Z23.6 U89.22 V-86.06 E0.034091
G1 F X-44.18 Y0.86 Z23.59 U89.23 V-86.23 E0.034091
G1 F X-44.38 Y0.86 Z23.58 U89.25 V-86.4 E0.034091
G1 F X-44.58 Y0.86 Z23.57 U89.27 V-86.57 E0.034091
G1 F X-44.77 Y0.85 Z23.56 U89.29 V-86.74 E0.034091
G1 F X-44.97 Y0.85 Z23.54 U89.31 V-86.9 E0.034091
G1 F X-45.17 Y0.85 Z23.53 U89.32 V-87.06 E0.034092
G1 F X-45.37 Y0.84 Z23.52 U89.34 V-87.21 E0.034091
G1 F X-45.57 Y0.84 Z23.51 U89.36 V-87.37 E0.034091
G1 F X-45.76 Y0.84 Z23.5 U89.38 V-87.51 E0.034091
G1 F X-45.96 Y0.84 Z23.48 U89.4 V-87.66 E0.034091
G1 F X-46.16 Y0.83 Z23.47 U89.41 V-87.8 E0.034091
G1 F X-46.36 Y0.83 Z23.46 U89.43 V-87.94 E0.034091
G1 F X-46.57 Y0.83 Z23.45 U89.45 V-88.07 E0.034091
G1 F X-46.77 Y0.83 Z23.43 U89.47 V-88.2 E0.034091
G1 F X-46.97 Y0.82 Z23.42 U89.49 V-88.33 E0.034091
G1 F X-47.17 Y0.82 Z23.41 U89.51 V-88.45 E0.034091
G1 F X-47.37 Y0.82 Z23.39 U89.53 V-88.57 E0.034091
G1 F X-47.58 Y0.82 Z23.38 U89.54 V-88.68 E0.034091
G1 F X-47.61 Y0.82 Z23.38 U89.55 V-88.7 E0.005102
G1 F X-47.65 Y0.64 Z23.29 U89.65 V-88.71 E0.028989
G1 F X-47.69 Y0.43 Z23.2 U89.76 V-88.73 E0.034092
G1 F X-47.74 Y0.22 Z23.1 U89.88 V-88.75 E0.034092
G1 F X-47.79 Y0.02 Z23.01 U89.99 V-88.77 E0.034092
G1 F X-47.83 Y-0.19 Z22.92 U90.1 V-88.79 E0.034092
G1 F X-47.87 Y-0.4 Z22.83 U90.21 V-88.81 E0.034092
G1 F X-47.92 Y-0.61 Z22.74 U90.31 V-88.83 E0.034092
G1 F X-47.96 Y-0.81 Z22.65 U90.42 V-88.84 E0.034092
G1 F X-47.96 Y-0.81 Z22.85 U90.42 V-88.84 E0
G1 F X-47.46 Y-0.37 Z25.03 U90.21 V-88.58 E0
G1 F300 E-1.00 ;Filament Retraction!!
G1 F X-47.46 Y-0.37 Z24.83 U90.21 V-88.58 E0
G1 F X-47.27 Y-0.37 Z24.82 U90.22 V-88.47 E0.034105
G1 F300 E1.1;Filament (De)-Retraction!!
G1 F X-47.08 Y-0.37 Z24.82 U90.22 V-88.35 E0.034105
G1 F X-46.89 Y-0.37 Z24.81 U90.23 V-88.24 E0.034105
G1 F X-46.7 Y-0.37 Z24.8 U90.24 V-88.11 E0.034105
G1 F X-46.51 Y-0.37 Z24.8 U90.25 V-87.99 E0.034105
G1 F X-46.32 Y-0.37 Z24.79 U90.25 V-87.86 E0.034105
G1 F X-46.13 Y-0.37 Z24.79 U90.26 V-87.73 E0.034105
G1 F X-45.95 Y-0.37 Z24.78 U90.27 V-87.59 E0.034105
G1 F X-45.76 Y-0.37 Z24.78 U90.28 V-87.45 E0.034105
G1 F X-45.57 Y-0.37 Z24.77 U90.28 V-87.31 E0.034105
G1 F X-45.39 Y-0.37 Z24.77 U90.29 V-87.16 E0.034105
G1 F X-45.2 Y-0.37 Z24.76 U90.3 V-87.01 E0.034105
G1 F X-45.01 Y-0.37 Z24.76 U90.31 V-86.86 E0.034105
G1 F X-44.83 Y-0.37 Z24.75 U90.31 V-86.71 E0.034105
G1 F X-44.64 Y-0.37 Z24.75 U90.32 V-86.55 E0.034105
G1 F X-44.46 Y-0.37 Z24.75 U90.33 V-86.39 E0.034105
G1 F X-44.27 Y-0.37 Z24.74 U90.33 V-86.23 E0.034105
G1 F X-44.09 Y-0.37 Z24.74 U90.34 V-86.06 E0.034105
G1 F X-43.91 Y-0.37 Z24.74 U90.34 V-85.89 E0.034105
G1 F X-43.72 Y-0.37 Z24.73 U90.35 V-85.72 E0.034105
G1 F X-43.54 Y-0.37 Z24.73 U90.36 V-85.54 E0.034105
G1 F X-43.36 Y-0.37 Z24.73 U90.36 V-85.37 E0.034105
G1 F X-43.18 Y-0.37 Z24.72 U90.37 V-85.19 E0.034105
G1 F X-43 Y-0.37 Z24.72 U90.37 V-85.01 E0.034105
G1 F X-42.81 Y-0.37 Z24.72 U90.38 V-84.82 E0.034105
G1 F X-42.63 Y-0.37 Z24.71 U90.38 V-84.64 E0.034105
G1 F X-42.45 Y-0.37 Z24.71 U90.39 V-84.45 E0.034105
G1 F X-42.27 Y-0.37 Z24.71 U90.39 V-84.26 E0.034105
G1 F X-42.09 Y-0.37 Z24.71 U90.4 V-84.06 E0.034105
G1 F X-41.92 Y-0.37 Z24.7 U90.41 V-83.87 E0.034105
G1 F X-41.74 Y-0.37 Z24.7 U90.41 V-83.67 E0.034105
G1 F X-41.56 Y-0.37 Z24.7 U90.41 V-83.47 E0.034105
G1 F X-41.38 Y-0.37 Z24.7 U90.42 V-83.27 E0.034105
G1 F X-41.2 Y-0.37 Z24.69 U90.42 V-83.07 E0.034105
G1 F X-41.03 Y-0.37 Z24.69 U90.43 V-82.86 E0.034105
G1 F X-40.85 Y-0.37 Z24.69 U90.43 V-82.66 E0.034105
G1 F X-40.67 Y-0.37 Z24.69 U90.44 V-82.45 E0.034105
G1 F X-40.5 Y-0.37 Z24.69 U90.44 V-82.24 E0.034105
G1 F X-40.32 Y-0.37 Z24.69 U90.45 V-82.02 E0.034105
G1 F X-40.15 Y-0.37 Z24.68 U90.45 V-81.81 E0.034105
G1 F X-39.97 Y-0.37 Z24.68 U90.46 V-81.59 E0.034105
G1 F X-39.8 Y-0.37 Z24.68 U90.46 V-81.38 E0.034105
G1 F X-39.63 Y-0.37 Z24.68 U90.47 V-81.16 E0.034105
G1 F X-39.45 Y-0.37 Z24.68 U90.47 V-80.94 E0.034105
G1 F X-39.28 Y-0.37 Z24.67 U90.47 V-80.71 E0.034105
G1 F X-39.11 Y-0.37 Z24.67 U90.48 V-80.49 E0.034105
G1 F X-38.93 Y-0.37 Z24.67 U90.48 V-80.27 E0.034105
G1 F X-38.76 Y-0.37 Z24.67 U90.49 V-80.04 E0.034105
G1 F X-38.59 Y-0.37 Z24.67 U90.49 V-79.81 E0.034105
G1 F X-38.42 Y-0.37 Z24.67 U90.5 V-79.58 E0.034105
G1 F X-38.25 Y-0.37 Z24.66 U90.5 V-79.35 E0.034105
G1 F X-38.08 Y-0.37 Z24.66 U90.51 V-79.12 E0.034105
G1 F X-37.91 Y-0.37 Z24.66 U90.51 V-78.89 E0.034105
G1 F X-37.74 Y-0.37 Z24.66 U90.52 V-78.65 E0.034106
G1 F X-37.57 Y-0.37 Z24.66 U90.52 V-78.42 E0.034105
G1 F X-37.4 Y-0.37 Z24.65 U90.53 V-78.18 E0.034105
G1 F X-37.23 Y-0.38 Z24.65 U90.53 V-77.94 E0.034105
G1 F X-37.07 Y-0.38 Z24.65 U90.54 V-77.7 E0.034105
G1 F X-36.9 Y-0.38 Z24.65 U90.54 V-77.46 E0.034105
G1 F X-36.73 Y-0.38 Z24.65 U90.55 V-77.22 E0.034105
G1 F X-36.56 Y-0.38 Z24.65 U90.55 V-76.98 E0.034105
G1 F X-36.39 Y-0.38 Z24.65 U90.56 V-76.73 E0.034105
G1 F X-36.23 Y-0.38 Z24.65 U90.56 V-76.49 E0.034105
G1 F X-36.06 Y-0.38 Z24.65 U90.56 V-76.24 E0.034105
G1 F X-35.89 Y-0.38 Z24.65 U90.56 V-75.99 E0.034105
G1 F X-35.73 Y-0.38 Z24.65 U90.57 V-75.74 E0.034105
G1 F X-35.56 Y-0.38 Z24.65 U90.57 V-75.49 E0.034105
G1 F X-35.39 Y-0.38 Z24.65 U90.57 V-75.24 E0.034105
G1 F X-35.23 Y-0.38 Z24.65 U90.57 V-74.99 E0.034105
G1 F X-35.06 Y-0.38 Z24.65 U90.58 V-74.74 E0.034105
G1 F X-34.89 Y-0.38 Z24.65 U90.58 V-74.49 E0.034105
G1 F X-34.73 Y-0.38 Z24.65 U90.58 V-74.23 E0.034105
G1 F X-34.56 Y-0.38 Z24.65 U90.58 V-73.98 E0.034105
G1 F X-34.4 Y-0.38 Z24.65 U90.58 V-73.72 E0.034105
G1 F X-34.23 Y-0.38 Z24.65 U90.59 V-73.46 E0.034105
G1 F X-34.07 Y-0.38 Z24.65 U90.59 V-73.21 E0.034105
G1 F X-33.9 Y-0.38 Z24.65 U90.59 V-72.95 E0.034105
G1 F X-33.74 Y-0.38 Z24.65 U90.59 V-72.69 E0.034105
G1 F X-33.58 Y-0.38 Z24.65 U90.59 V-72.43 E0.034105
G1 F X-33.41 Y-0.38 Z24.65 U90.6 V-72.17 E0.034105
G1 F X-33.25 Y-0.38 Z24.65 U90.6 V-71.91 E0.034106
G1 F X-33.08 Y-0.38 Z24.65 U90.6 V-71.65 E0.034105
G1 F X-32.92 Y-0.38 Z24.65 U90.6 V-71.38 E0.034105
G1 F X-32.76 Y-0.38 Z24.66 U90.61 V-71.12 E0.034105
G1 F X-32.6 Y-0.38 Z24.66 U90.61 V-70.86 E0.034105
G1 F X-32.43 Y-0.38 Z24.66 U90.61 V-70.59 E0.034105
G1 F X-32.27 Y-0.38 Z24.66 U90.61 V-70.33 E0.034105
G1 F X-32.11 Y-0.38 Z24.66 U90.62 V-70.07 E0.034105
G1 F X-31.95 Y-0.38 Z24.66 U90.62 V-69.8 E0.034105
G1 F X-31.79 Y-0.38 Z24.65 U90.62 V-69.54 E0.034105
G1 F X-31.63 Y-0.38 Z24.65 U90.63 V-69.27 E0.034105
G1 F X-31.47 Y-0.38 Z24.65 U90.63 V-69.01 E0.034105
G1 F X-31.3 Y-0.38 Z24.65 U90.64 V-68.74 E0.034105
G1 F X-31.14 Y-0.38 Z24.65 U90.64 V-68.47 E0.034105
G1 F X-30.98 Y-0.39 Z24.65 U90.65 V-68.21 E0.034105
G1 F X-30.82 Y-0.39 Z24.65 U90.65 V-67.94 E0.034105
G1 F X-30.66 Y-0.39 Z24.65 U90.65 V-67.67 E0.034105
G1 F X-30.5 Y-0.39 Z24.65 U90.66 V-67.4 E0.034105
G1 F X-30.34 Y-0.39 Z24.65 U90.66 V-67.13 E0.034105
G1 F X-30.18 Y-0.39 Z24.65 U90.66 V-66.86 E0.034105
G1 F X-30.02 Y-0.39 Z24.65 U90.66 V-66.59 E0.034105
G1 F X-29.86 Y-0.39 Z24.66 U90.66 V-66.32 E0.034105
G1 F X-29.7 Y-0.39 Z24.66 U90.66 V-66.05 E0.034105
G1 F X-29.54 Y-0.39 Z24.66 U90.66 V-65.77 E0.034105
G1 F X-29.38 Y-0.39 Z24.66 U90.67 V-65.5 E0.034105
G1 F X-29.22 Y-0.39 Z24.66 U90.67 V-65.23 E0.034105
G1 F X-29.06 Y-0.39 Z24.66 U90.67 V-64.96 E0.034105
G1 F X-28.92 Y-0.39 Z24.66 U90.67 V-64.72 E0.029506
G1 F X-28.88 Y-0.34 Z24.71 U90.58 V-64.67 E0.004599
G1 F X-28.62 Y0.02 Z25.02 U89.97 V-64.3 E0.034105
G1 F X-28.34 Y0.39 Z25.33 U89.34 V-63.93 E0.034552
G1 F X-28.5 Y0.39 Z25.33 U89.34 V-64.2 E0.033659
G1 F X-28.66 Y0.39 Z25.33 U89.35 V-64.48 E0.034105
G1 F X-28.82 Y0.38 Z25.33 U89.35 V-64.75 E0.034105
G1 F X-28.98 Y0.38 Z25.33 U89.35 V-65.03 E0.034105
G1 F X-29.15 Y0.38 Z25.33 U89.35 V-65.3 E0.034105
G1 F X-29.31 Y0.38 Z25.33 U89.36 V-65.58 E0.034105
G1 F X-29.47 Y0.38 Z25.33 U89.36 V-65.85 E0.034105
G1 F X-29.63 Y0.38 Z25.33 U89.36 V-66.12 E0.034105
G1 F X-29.79 Y0.38 Z25.33 U89.36 V-66.4 E0.034105
G1 F X-29.96 Y0.38 Z25.33 U89.36 V-66.67 E0.034105
G1 F X-30.12 Y0.38 Z25.33 U89.37 V-66.94 E0.034105
G1 F X-30.28 Y0.38 Z25.34 U89.37 V-67.21 E0.034105
G1 F X-30.44 Y0.38 Z25.34 U89.37 V-67.48 E0.034105
G1 F X-30.6 Y0.38 Z25.34 U89.37 V-67.76 E0.034105
G1 F X-30.76 Y0.38 Z25.34 U89.37 V-68.03 E0.034105
G1 F X-30.93 Y0.38 Z25.34 U89.37 V-68.29 E0.034105
G1 F X-31.09 Y0.38 Z25.34 U89.37 V-68.56 E0.034105
G1 F X-31.25 Y0.38 Z25.35 U89.37 V-68.83 E0.034105
G1 F X-31.41 Y0.38 Z25.35 U89.37 V-69.1 E0.034105
G1 F X-31.57 Y0.38 Z25.35 U89.37 V-69.37 E0.034105
G1 F X-31.74 Y0.38 Z25.35 U89.37 V-69.63 E0.034105
G1 F X-31.9 Y0.38 Z25.35 U89.37 V-69.9 E0.034105
G1 F X-32.06 Y0.38 Z25.35 U89.37 V-70.17 E0.034105
G1 F X-32.23 Y0.38 Z25.35 U89.37 V-70.43 E0.034105
G1 F X-32.39 Y0.38 Z25.36 U89.37 V-70.7 E0.034105
G1 F X-32.55 Y0.38 Z25.36 U89.38 V-70.97 E0.034105
G1 F X-32.72 Y0.38 Z25.36 U89.38 V-71.23 E0.034105
G1 F X-32.88 Y0.38 Z25.36 U89.38 V-71.5 E0.034106
G1 F X-33.05 Y0.38 Z25.36 U89.38 V-71.76 E0.034105
G1 F X-33.21 Y0.38 Z25.36 U89.39 V-72.02 E0.034105
G1 F X-33.38 Y0.38 Z25.36 U89.39 V-72.29 E0.034105
G1 F X-33.55 Y0.38 Z25.36 U89.39 V-72.55 E0.034105
G1 F X-33.71 Y0.38 Z25.36 U89.4 V-72.81 E0.034105
G1 F X-33.88 Y0.38 Z25.36 U89.4 V-73.07 E0.034105
G1 F X-34.05 Y0.38 Z25.35 U89.41 V-73.33 E0.034105
G1 F X-34.21 Y0.38 Z25.35 U89.41 V-73.59 E0.034105
G1 F X-34.38 Y0.38 Z25.35 U89.41 V-73.85 E0.034105
G1 F X-34.55 Y0.38 Z25.35 U89.42 V-74.11 E0.034105
G1 F X-34.72 Y0.38 Z25.35 U89.42 V-74.37 E0.034105
G1 F X-34.88 Y0.38 Z25.35 U89.43 V-74.62 E0.034105
G1 F X-35.05 Y0.38 Z25.35 U89.43 V-74.88 E0.034105
G1 F X-35.22 Y0.38 Z25.35 U89.43 V-75.13 E0.034105
G1 F X-35.39 Y0.38 Z25.35 U89.44 V-75.39 E0.034105
G1 F X-35.56 Y0.38 Z25.35 U89.44 V-75.64 E0.034105
G1 F X-35.73 Y0.37 Z25.35 U89.45 V-75.89 E0.034105
G1 F X-35.9 Y0.37 Z25.34 U89.45 V-76.14 E0.034105
G1 F X-36.07 Y0.37 Z25.34 U89.46 V-76.39 E0.034105
G1 F X-36.24 Y0.37 Z25.34 U89.46 V-76.64 E0.034105
G1 F X-36.41 Y0.37 Z25.34 U89.46 V-76.89 E0.034105
G1 F X-36.58 Y0.37 Z25.34 U89.47 V-77.14 E0.034105
G1 F X-36.75 Y0.37 Z25.34 U89.47 V-77.38 E0.034105
G1 F X-36.92 Y0.37 Z25.34 U89.47 V-77.63 E0.034105
G1 F X-37.09 Y0.37 Z25.34 U89.48 V-77.87 E0.034105
G1 F X-37.26 Y0.37 Z25.34 U89.48 V-78.11 E0.034105
G1 F X-37.43 Y0.37 Z25.34 U89.48 V-78.35 E0.034106
G1 F X-37.61 Y0.37 Z25.34 U89.49 V-78.59 E0.034105
G1 F X-37.78 Y0.37 Z25.34 U89.49 V-78.83 E0.034105
G1 F X-37.95 Y0.37 Z25.34 U89.49 V-79.07 E0.034105
G1 F X-38.12 Y0.37 Z25.34 U89.5 V-79.3 E0.034105
G1 F X-38.3 Y0.37 Z25.34 U89.5 V-79.53 E0.034105
G1 F X-38.47 Y0.37 Z25.33 U89.5 V-79.77 E0.034105
G1 F X-38.65 Y0.37 Z25.33 U89.51 V-80 E0.034105
G1 F X-38.82 Y0.37 Z25.33 U89.51 V-80.23 E0.034105
G1 F X-39 Y0.37 Z25.33 U89.51 V-80.46 E0.034105
G1 F X-39.17 Y0.37 Z25.33 U89.52 V-80.68 E0.034105
G1 F X-39.35 Y0.37 Z25.33 U89.52 V-80.91 E0.034105
G1 F X-39.53 Y0.37 Z25.33 U89.53 V-81.13 E0.034105
G1 F X-39.7 Y0.37 Z25.32 U89.53 V-81.36 E0.034105
G1 F X-39.88 Y0.37 Z25.32 U89.54 V-81.58 E0.034105
G1 F X-40.06 Y0.37 Z25.32 U89.54 V-81.8 E0.034105
G1 F X-40.24 Y0.37 Z25.32 U89.55 V-82.01 E0.034105
G1 F X-40.42 Y0.37 Z25.32 U89.55 V-82.23 E0.034105
G1 F X-40.6 Y0.37 Z25.31 U89.56 V-82.44 E0.034105
G1 F X-40.78 Y0.37 Z25.31 U89.56 V-82.66 E0.034105
G1 F X-40.96 Y0.37 Z25.31 U89.57 V-82.87 E0.034105
G1 F X-41.14 Y0.37 Z25.31 U89.57 V-83.08 E0.034105
G1 F X-41.32 Y0.37 Z25.3 U89.58 V-83.28 E0.034105
G1 F X-41.5 Y0.37 Z25.3 U89.59 V-83.49 E0.034105
G1 F X-41.68 Y0.37 Z25.3 U89.59 V-83.69 E0.034105
G1 F X-41.86 Y0.37 Z25.29 U89.6 V-83.89 E0.034105
G1 F X-42.05 Y0.37 Z25.29 U89.6 V-84.09 E0.034105
G1 F X-42.23 Y0.37 Z25.29 U89.61 V-84.28 E0.034106
G1 F X-42.42 Y0.37 Z25.29 U89.61 V-84.48 E0.034105
G1 F X-42.6 Y0.37 Z25.28 U89.62 V-84.67 E0.034105
G1 F X-42.78 Y0.37 Z25.28 U89.63 V-84.86 E0.034105
G1 F X-42.97 Y0.37 Z25.28 U89.63 V-85.05 E0.034105
G1 F X-43.16 Y0.37 Z25.27 U89.64 V-85.23 E0.034105
G1 F X-43.34 Y0.37 Z25.27 U89.64 V-85.41 E0.034105
G1 F X-43.53 Y0.37 Z25.26 U89.65 V-85.59 E0.034105
G1 F X-43.72 Y0.37 Z25.26 U89.66 V-85.77 E0.034105
G1 F X-43.9 Y0.37 Z25.26 U89.66 V-85.94 E0.034105
G1 F X-44.09 Y0.37 Z25.25 U89.67 V-86.11 E0.034105
G1 F X-44.28 Y0.37 Z25.25 U89.68 V-86.28 E0.034105
G1 F X-44.47 Y0.37 Z25.25 U89.68 V-86.45 E0.034105
G1 F X-44.66 Y0.37 Z25.24 U89.69 V-86.61 E0.034105
G1 F X-44.85 Y0.37 Z25.24 U89.7 V-86.77 E0.034105
G1 F X-45.04 Y0.37 Z25.23 U89.7 V-86.93 E0.034105
G1 F X-45.23 Y0.37 Z25.23 U89.71 V-87.08 E0.034105
G1 F X-45.43 Y0.37 Z25.23 U89.71 V-87.23 E0.034105
G1 F X-45.62 Y0.37 Z25.22 U89.72 V-87.38 E0.034105
G1 F X-45.81 Y0.37 Z25.22 U89.73 V-87.52 E0.034105
G1 F X-46 Y0.37 Z25.21 U89.73 V-87.66 E0.034105
G1 F X-46.2 Y0.37 Z25.21 U89.74 V-87.8 E0.034105
G1 F X-46.39 Y0.37 Z25.2 U89.75 V-87.94 E0.034105
G1 F X-46.59 Y0.37 Z25.2 U89.75 V-88.07 E0.034105
G1 F X-46.78 Y0.37 Z25.19 U89.76 V-88.19 E0.034105
G1 F X-46.98 Y0.37 Z25.19 U89.77 V-88.32 E0.034105
G1 F X-47.17 Y0.37 Z25.18 U89.78 V-88.44 E0.034105
G1 F X-47.27 Y0.37 Z25.18 U89.78 V-88.49 E0.017107
G1 F X-47.3 Y0.26 Z25.13 U89.84 V-88.51 E0.016998
G1 F X-47.36 Y0.05 Z25.03 U89.97 V-88.53 E0.034105
G1 F X-47.41 Y-0.16 Z24.93 U90.09 V-88.56 E0.034105
G1 F X-47.41 Y-0.16 Z25.13 U90.09 V-88.56 E0
G1 F X-47.79 Y-0.82 Z24.83 U90.44 V-88.75 E0
G1 F300 E-1.00 ;Filament Retraction!!
G1 F X-47.79 Y-0.82 Z24.63 U90.44 V-88.75 E0
G1 F X-47.6 Y-0.82 Z24.62 U90.46 V-88.65 E0.034127
G1 F300 E1.1;Filament (De)-Retraction!!
G1 F X-47.41 Y-0.83 Z24.61 U90.48 V-88.54 E0.034127
G1 F X-47.23 Y-0.83 Z24.59 U90.5 V-88.43 E0.034127
G1 F X-47.04 Y-0.83 Z24.58 U90.51 V-88.32 E0.034127
G1 F X-46.86 Y-0.83 Z24.56 U90.53 V-88.2 E0.034127
G1 F X-46.67 Y-0.84 Z24.55 U90.55 V-88.08 E0.034127
G1 F X-46.49 Y-0.84 Z24.54 U90.57 V-87.95 E0.034127
G1 F X-46.31 Y-0.84 Z24.53 U90.59 V-87.83 E0.034127
G1 F X-46.12 Y-0.85 Z24.51 U90.61 V-87.7 E0.034127
G1 F X-45.94 Y-0.85 Z24.5 U90.62 V-87.56 E0.034127
G1 F X-45.76 Y-0.85 Z24.49 U90.64 V-87.43 E0.034127
G1 F X-45.58 Y-0.86 Z24.47 U90.66 V-87.29 E0.034127
G1 F X-45.39 Y-0.86 Z24.46 U90.68 V-87.14 E0.034127
G1 F X-45.21 Y-0.86 Z24.45 U90.7 V-87 E0.034127
G1 F X-45.03 Y-0.87 Z24.44 U90.72 V-86.85 E0.034127
G1 F X-44.85 Y-0.87 Z24.42 U90.74 V-86.7 E0.034127
G1 F X-44.67 Y-0.87 Z24.41 U90.75 V-86.55 E0.034127
G1 F X-44.49 Y-0.88 Z24.4 U90.77 V-86.39 E0.034127
G1 F X-44.32 Y-0.88 Z24.39 U90.79 V-86.23 E0.034127
G1 F X-44.14 Y-0.89 Z24.38 U90.81 V-86.07 E0.034127
G1 F X-43.96 Y-0.89 Z24.37 U90.83 V-85.9 E0.034127
G1 F X-43.78 Y-0.89 Z24.36 U90.84 V-85.74 E0.034127
G1 F X-43.61 Y-0.9 Z24.34 U90.86 V-85.57 E0.034128
G1 F X-43.43 Y-0.9 Z24.33 U90.88 V-85.4 E0.034128
G1 F X-43.25 Y-0.91 Z24.32 U90.9 V-85.22 E0.034128
G1 F X-43.08 Y-0.91 Z24.31 U90.92 V-85.05 E0.034128
G1 F X-42.9 Y-0.92 Z24.3 U90.93 V-84.87 E0.034128
G1 F X-42.73 Y-0.92 Z24.29 U90.95 V-84.69 E0.034127
G1 F X-42.55 Y-0.92 Z24.28 U90.97 V-84.51 E0.034128
G1 F X-42.38 Y-0.93 Z24.27 U90.99 V-84.32 E0.034128
G1 F X-42.21 Y-0.93 Z24.26 U91 V-84.14 E0.034128
G1 F X-42.03 Y-0.94 Z24.25 U91.02 V-83.95 E0.034128
G1 F X-41.86 Y-0.94 Z24.24 U91.04 V-83.76 E0.034128
G1 F X-41.69 Y-0.95 Z24.23 U91.06 V-83.56 E0.034128
G1 F X-41.52 Y-0.95 Z24.22 U91.08 V-83.37 E0.034128
G1 F X-41.35 Y-0.96 Z24.21 U91.09 V-83.17 E0.034127
G1 F X-41.18 Y-0.96 Z24.2 U91.11 V-82.97 E0.034128
G1 F X-41.01 Y-0.97 Z24.19 U91.13 V-82.78 E0.034128
G1 F X-40.84 Y-0.97 Z24.18 U91.15 V-82.57 E0.034128
G1 F X-40.67 Y-0.98 Z24.17 U91.16 V-82.37 E0.034128
G1 F X-40.5 Y-0.98 Z24.17 U91.18 V-82.17 E0.034128
G1 F X-40.33 Y-0.99 Z24.16 U91.2 V-81.96 E0.034128
G1 F X-40.16 Y-0.99 Z24.15 U91.22 V-81.75 E0.034128
G1 F X-39.99 Y-1 Z24.14 U91.24 V-81.54 E0.034128
G1 F X-39.83 Y-1 Z24.13 U91.25 V-81.33 E0.034128
G1 F X-39.66 Y-1.01 Z24.12 U91.27 V-81.12 E0.034128
G1 F X-39.49 Y-1.01 Z24.11 U91.29 V-80.91 E0.034128
G1 F X-39.33 Y-1.02 Z24.1 U91.31 V-80.69 E0.034128
G1 F X-39.16 Y-1.02 Z24.09 U91.33 V-80.47 E0.034127
G1 F X-38.99 Y-1.03 Z24.09 U91.35 V-80.26 E0.034127
G1 F X-38.83 Y-1.03 Z24.08 U91.36 V-80.04 E0.034127
G1 F X-38.66 Y-1.04 Z24.07 U91.38 V-79.82 E0.034127
G1 F X-38.5 Y-1.04 Z24.06 U91.4 V-79.6 E0.034128
G1 F X-38.34 Y-1.05 Z24.05 U91.42 V-79.37 E0.034128
G1 F X-38.17 Y-1.06 Z24.04 U91.44 V-79.15 E0.034128
G1 F X-38.01 Y-1.06 Z24.03 U91.46 V-78.93 E0.034128
G1 F X-37.85 Y-1.07 Z24.03 U91.48 V-78.7 E0.034128
G1 F X-37.68 Y-1.07 Z24.02 U91.5 V-78.47 E0.034128
G1 F X-37.52 Y-1.08 Z24.01 U91.52 V-78.24 E0.034128
G1 F X-37.36 Y-1.08 Z24 U91.53 V-78.01 E0.034128
G1 F X-37.2 Y-1.09 Z23.99 U91.55 V-77.78 E0.034128
G1 F X-37.04 Y-1.1 Z23.99 U91.57 V-77.55 E0.034128
G1 F X-36.88 Y-1.1 Z23.98 U91.59 V-77.32 E0.034128
G1 F X-36.71 Y-1.11 Z23.97 U91.61 V-77.08 E0.034128
G1 F X-36.55 Y-1.11 Z23.97 U91.62 V-76.85 E0.034128
G1 F X-36.39 Y-1.12 Z23.96 U91.64 V-76.61 E0.034128
G1 F X-36.23 Y-1.12 Z23.95 U91.66 V-76.37 E0.034128
G1 F X-36.07 Y-1.13 Z23.95 U91.68 V-76.14 E0.034128
G1 F X-35.91 Y-1.13 Z23.94 U91.69 V-75.9 E0.034128
G1 F X-35.75 Y-1.14 Z23.94 U91.71 V-75.66 E0.034128
G1 F X-35.59 Y-1.15 Z23.93 U91.72 V-75.41 E0.034128
G1 F X-35.43 Y-1.15 Z23.93 U91.74 V-75.17 E0.034128
G1 F X-35.27 Y-1.16 Z23.92 U91.76 V-74.93 E0.034128
G1 F X-35.11 Y-1.16 Z23.92 U91.77 V-74.68 E0.034128
G1 F X-34.95 Y-1.17 Z23.91 U91.79 V-74.44 E0.034128
G1 F X-34.79 Y-1.17 Z23.91 U91.8 V-74.19 E0.034128
G1 F X-34.63 Y-1.18 Z23.9 U91.82 V-73.95 E0.034128
G1 F X-34.48 Y-1.18 Z23.9 U91.83 V-73.7 E0.034128
G1 F X-34.32 Y-1.19 Z23.9 U91.85 V-73.45 E0.034128
G1 F X-34.16 Y-1.19 Z23.89 U91.86 V-73.2 E0.034128
G1 F X-34 Y-1.2 Z23.89 U91.88 V-72.95 E0.034128
G1 F X-33.84 Y-1.2 Z23.89 U91.89 V-72.7 E0.034128
G1 F X-33.68 Y-1.21 Z23.88 U91.91 V-72.45 E0.034128
G1 F X-33.53 Y-1.21 Z23.88 U91.92 V-72.2 E0.034128
G1 F X-33.37 Y-1.22 Z23.88 U91.94 V-71.94 E0.034128
G1 F X-33.21 Y-1.22 Z23.87 U91.95 V-71.69 E0.034128
G1 F X-33.05 Y-1.23 Z23.87 U91.96 V-71.43 E0.034128
G1 F X-32.9 Y-1.23 Z23.87 U91.98 V-71.18 E0.034128
G1 F X-32.74 Y-1.24 Z23.86 U91.99 V-70.93 E0.034128
G1 F X-32.58 Y-1.24 Z23.86 U92.01 V-70.67 E0.034128
G1 F X-32.43 Y-1.25 Z23.86 U92.02 V-70.41 E0.034128
G1 F X-32.27 Y-1.25 Z23.86 U92.03 V-70.16 E0.034128
G1 F X-32.11 Y-1.25 Z23.85 U92.05 V-69.9 E0.034128
G1 F X-31.96 Y-1.26 Z23.85 U92.06 V-69.64 E0.034128
G1 F X-31.8 Y-1.26 Z23.85 U92.08 V-69.38 E0.034128
G1 F X-31.65 Y-1.27 Z23.85 U92.09 V-69.12 E0.034128
G1 F X-31.49 Y-1.27 Z23.85 U92.11 V-68.87 E0.034128
G1 F X-31.33 Y-1.28 Z23.84 U92.12 V-68.61 E0.034128
G1 F X-31.18 Y-1.28 Z23.84 U92.14 V-68.35 E0.034128
G1 F X-31.02 Y-1.29 Z23.84 U92.15 V-68.08 E0.034128
G1 F X-30.87 Y-1.29 Z23.84 U92.16 V-67.82 E0.034128
G1 F X-30.71 Y-1.3 Z23.84 U92.17 V-67.56 E0.034128
G1 F X-30.55 Y-1.3 Z23.84 U92.19 V-67.3 E0.034128
G1 F X-30.4 Y-1.3 Z23.84 U92.2 V-67.03 E0.034128
G1 F X-30.24 Y-1.31 Z23.84 U92.21 V-66.77 E0.034128
G1 F X-30.08 Y-1.31 Z23.84 U92.22 V-66.5 E0.034128
G1 F X-29.93 Y-1.31 Z23.84 U92.23 V-66.24 E0.034128
G1 F X-29.77 Y-1.32 Z23.84 U92.23 V-65.97 E0.034128
G1 F X-29.61 Y-1.32 Z23.84 U92.24 V-65.7 E0.034128
G1 F X-29.46 Y-1.32 Z23.85 U92.25 V-65.43 E0.034128
G1 F X-29.3 Y-1.32 Z23.85 U92.26 V-65.17 E0.034128
G1 F X-29.17 Y-1.33 Z23.85 U92.26 V-64.95 E0.026979
G1 F X-29.12 Y-1.25 Z23.92 U92.13 V-64.88 E0.007148
G1 F X-28.87 Y-0.89 Z24.23 U91.53 V-64.52 E0.034127
G1 F X-28.6 Y-0.53 Z24.54 U90.91 V-64.15 E0.034127
G1 F X-28.34 Y-0.17 Z24.85 U90.3 V-63.78 E0.034127
G1 F X-28.07 Y0.19 Z25.16 U89.67 V-63.41 E0.034127
G1 F X-27.79 Y0.55 Z25.46 U89.05 V-63.04 E0.034127
G1 F X-27.51 Y0.92 Z25.76 U88.42 V-62.66 E0.034127
G1 F X-27.23 Y1.28 Z26.05 U87.79 V-62.28 E0.034127
G1 F X-27.18 Y1.34 Z26.1 U87.69 V-62.22 E0.005573
G1 F X-27.32 Y1.34 Z26.1 U87.7 V-62.46 E0.028555
G1 F X-27.48 Y1.34 Z26.11 U87.7 V-62.73 E0.034128
G1 F X-27.64 Y1.34 Z26.11 U87.71 V-63.01 E0.034128
G1 F X-27.81 Y1.33 Z26.11 U87.71 V-63.29 E0.034128
G1 F X-27.97 Y1.33 Z26.12 U87.72 V-63.57 E0.034128
G1 F X-28.13 Y1.33 Z26.12 U87.73 V-63.85 E0.034128
G1 F X-28.3 Y1.33 Z26.12 U87.74 V-64.13 E0.034128
G1 F X-28.46 Y1.32 Z26.12 U87.75 V-64.41 E0.034128
G1 F X-28.63 Y1.32 Z26.13 U87.75 V-64.69 E0.034128
G1 F X-28.79 Y1.32 Z26.13 U87.76 V-64.97 E0.034128
G1 F X-28.96 Y1.31 Z26.13 U87.77 V-65.25 E0.034128
G1 F X-29.12 Y1.31 Z26.13 U87.78 V-65.53 E0.034128
G1 F X-29.29 Y1.31 Z26.13 U87.79 V-65.81 E0.034128
G1 F X-29.45 Y1.3 Z26.13 U87.8 V-66.09 E0.034128
G1 F X-29.62 Y1.3 Z26.14 U87.81 V-66.37 E0.034128
G1 F X-29.79 Y1.3 Z26.14 U87.82 V-66.65 E0.034128
G1 F X-29.95 Y1.29 Z26.14 U87.83 V-66.93 E0.034128
G1 F X-30.12 Y1.29 Z26.14 U87.84 V-67.2 E0.034128
G1 F X-30.29 Y1.29 Z26.14 U87.85 V-67.48 E0.034128
G1 F X-30.45 Y1.28 Z26.14 U87.86 V-67.76 E0.034128
G1 F X-30.62 Y1.28 Z26.14 U87.88 V-68.04 E0.034128
G1 F X-30.79 Y1.27 Z26.14 U87.89 V-68.31 E0.034128
G1 F X-30.96 Y1.27 Z26.14 U87.9 V-68.59 E0.034128
G1 F X-31.12 Y1.27 Z26.14 U87.91 V-68.86 E0.034128
G1 F X-31.29 Y1.26 Z26.14 U87.92 V-69.14 E0.034128
G1 F X-31.46 Y1.26 Z26.14 U87.93 V-69.42 E0.034128
G1 F X-31.63 Y1.25 Z26.14 U87.94 V-69.69 E0.034128
G1 F X-31.8 Y1.25 Z26.14 U87.95 V-69.97 E0.034128
G1 F X-31.97 Y1.25 Z26.14 U87.97 V-70.24 E0.034128
G1 F X-32.14 Y1.24 Z26.14 U87.98 V-70.51 E0.034128
G1 F X-32.31 Y1.24 Z26.14 U87.99 V-70.79 E0.034128
G1 F X-32.48 Y1.23 Z26.13 U88.01 V-71.06 E0.034128
G1 F X-32.65 Y1.23 Z26.13 U88.02 V-71.34 E0.034128
G1 F X-32.82 Y1.22 Z26.13 U88.04 V-71.61 E0.034128
G1 F X-32.99 Y1.22 Z26.12 U88.06 V-71.88 E0.034128
G1 F X-33.16 Y1.21 Z26.12 U88.07 V-72.15 E0.034128
G1 F X-33.34 Y1.2 Z26.12 U88.09 V-72.43 E0.034128
G1 F X-33.51 Y1.2 Z26.11 U88.11 V-72.7 E0.034128
G1 F X-33.68 Y1.19 Z26.11 U88.12 V-72.97 E0.034128
G1 F X-33.86 Y1.19 Z26.1 U88.14 V-73.24 E0.034128
G1 F X-34.03 Y1.18 Z26.1 U88.16 V-73.51 E0.034128
G1 F X-34.21 Y1.18 Z26.09 U88.18 V-73.78 E0.034128
G1 F X-34.38 Y1.17 Z26.09 U88.2 V-74.04 E0.034128
G1 F X-34.56 Y1.16 Z26.08 U88.21 V-74.31 E0.034128
G1 F X-34.73 Y1.16 Z26.07 U88.23 V-74.58 E0.034128
G1 F X-34.91 Y1.15 Z26.07 U88.25 V-74.84 E0.034128
G1 F X-35.09 Y1.14 Z26.06 U88.27 V-75.11 E0.034128
G1 F X-35.26 Y1.14 Z26.05 U88.29 V-75.37 E0.034128
G1 F X-35.44 Y1.13 Z26.05 U88.31 V-75.63 E0.034127
G1 F X-35.62 Y1.13 Z26.04 U88.33 V-75.89 E0.034128
G1 F X-35.79 Y1.12 Z26.03 U88.35 V-76.15 E0.034128
G1 F X-35.97 Y1.11 Z26.03 U88.37 V-76.41 E0.034128
G1 F X-36.15 Y1.11 Z26.02 U88.39 V-76.67 E0.034128
G1 F X-36.33 Y1.1 Z26.01 U88.41 V-76.93 E0.034128
G1 F X-36.51 Y1.1 Z26.01 U88.43 V-77.18 E0.034128
G1 F X-36.69 Y1.09 Z26 U88.44 V-77.44 E0.034128
G1 F X-36.87 Y1.08 Z25.99 U88.46 V-77.69 E0.034128
G1 F X-37.04 Y1.08 Z25.98 U88.48 V-77.94 E0.034128
G1 F X-37.22 Y1.07 Z25.98 U88.5 V-78.19 E0.034128
G1 F X-37.4 Y1.07 Z25.97 U88.52 V-78.44 E0.034128
G1 F X-37.58 Y1.06 Z25.96 U88.53 V-78.69 E0.034128
G1 F X-37.76 Y1.06 Z25.96 U88.55 V-78.94 E0.034128
G1 F X-37.95 Y1.05 Z25.95 U88.57 V-79.18 E0.034128
G1 F X-38.13 Y1.05 Z25.94 U88.59 V-79.42 E0.034128
G1 F X-38.31 Y1.04 Z25.93 U88.61 V-79.67 E0.034128
G1 F X-38.49 Y1.03 Z25.92 U88.63 V-79.91 E0.034128
G1 F X-38.67 Y1.03 Z25.92 U88.65 V-80.15 E0.034128
G1 F X-38.86 Y1.02 Z25.91 U88.66 V-80.38 E0.034128
G1 F X-39.04 Y1.02 Z25.9 U88.68 V-80.62 E0.034128
G1 F X-39.22 Y1.01 Z25.89 U88.7 V-80.85 E0.034128
G1 F X-39.41 Y1.01 Z25.88 U88.72 V-81.09 E0.034128
G1 F X-39.59 Y1 Z25.87 U88.74 V-81.32 E0.034128
G1 F X-39.78 Y1 Z25.86 U88.76 V-81.55 E0.034128
G1 F X-39.97 Y0.99 Z25.85 U88.78 V-81.77 E0.034128
G1 F X-40.15 Y0.98 Z25.84 U88.8 V-82 E0.034128
G1 F X-40.34 Y0.98 Z25.83 U88.82 V-82.22 E0.034128
G1 F X-40.53 Y0.97 Z25.82 U88.84 V-82.44 E0.034128
G1 F X-40.71 Y0.97 Z25.81 U88.86 V-82.66 E0.034128
G1 F X-40.9 Y0.96 Z25.8 U88.88 V-82.88 E0.034128
G1 F X-41.09 Y0.96 Z25.79 U88.9 V-83.1 E0.034127
G1 F X-41.28 Y0.95 Z25.78 U88.92 V-83.31 E0.034127
G1 F X-41.47 Y0.95 Z25.77 U88.94 V-83.52 E0.034127
G1 F X-41.66 Y0.94 Z25.76 U88.96 V-83.73 E0.034127
G1 F X-41.85 Y0.94 Z25.75 U88.98 V-83.94 E0.034128
G1 F X-42.04 Y0.93 Z25.73 U89 V-84.14 E0.034128
G1 F X-42.23 Y0.93 Z25.72 U89.02 V-84.34 E0.034128
G1 F X-42.42 Y0.92 Z25.71 U89.04 V-84.54 E0.034127
G1 F X-42.61 Y0.92 Z25.7 U89.06 V-84.74 E0.034127
G1 F X-42.8 Y0.91 Z25.69 U89.08 V-84.93 E0.034127
G1 F X-43 Y0.91 Z25.68 U89.1 V-85.13 E0.034127
G1 F X-43.19 Y0.9 Z25.66 U89.12 V-85.31 E0.034127
G1 F X-43.38 Y0.9 Z25.65 U89.14 V-85.5 E0.034127
G1 F X-43.58 Y0.89 Z25.64 U89.16 V-85.68 E0.034128
G1 F X-43.77 Y0.89 Z25.63 U89.18 V-85.86 E0.034127
G1 F X-43.97 Y0.88 Z25.62 U89.2 V-86.04 E0.034127
G1 F X-44.16 Y0.88 Z25.6 U89.22 V-86.22 E0.034127
G1 F X-44.36 Y0.88 Z25.59 U89.24 V-86.39 E0.034127
G1 F X-44.56 Y0.87 Z25.58 U89.25 V-86.56 E0.034127
G1 F X-44.75 Y0.87 Z25.57 U89.27 V-86.72 E0.034127
G1 F X-44.95 Y0.86 Z25.55 U89.29 V-86.88 E0.034127
G1 F X-45.15 Y0.86 Z25.54 U89.31 V-87.04 E0.034127
G1 F X-45.35 Y0.86 Z25.53 U89.33 V-87.2 E0.034127
G1 F X-45.54 Y0.85 Z25.52 U89.35 V-87.35 E0.034127
G1 F X-45.74 Y0.85 Z25.5 U89.37 V-87.5 E0.034127
G1 F X-45.94 Y0.85 Z25.49 U89.39 V-87.64 E0.034127
G1 F X-46.14 Y0.84 Z25.48 U89.41 V-87.79 E0.034127
G1 F X-46.34 Y0.84 Z25.47 U89.42 V-87.92 E0.034127
G1 F X-46.54 Y0.84 Z25.45 U89.44 V-88.06 E0.034127
G1 F X-46.74 Y0.83 Z25.44 U89.46 V-88.19 E0.034127
G1 F X-46.95 Y0.83 Z25.43 U89.48 V-88.31 E0.034127
G1 F X-47.15 Y0.83 Z25.41 U89.5 V-88.44 E0.034127
G1 F X-47.35 Y0.83 Z25.4 U89.52 V-88.55 E0.034127
G1 F X-47.55 Y0.82 Z25.38 U89.54 V-88.67 E0.034127
G1 F X-47.59 Y0.82 Z25.38 U89.54 V-88.69 E0.005684
G1 F X-47.63 Y0.65 Z25.3 U89.64 V-88.71 E0.028444
G1 F X-47.68 Y0.44 Z25.2 U89.76 V-88.73 E0.034128
G1 F X-47.73 Y0.23 Z25.11 U89.87 V-88.75 E0.034128
G1 F X-47.78 Y0.02 Z25.01 U89.99 V-88.77 E0.034128
G1 F X-47.83 Y-0.19 Z24.92 U90.1 V-88.79 E0.034128
G1 F X-47.88 Y-0.4 Z24.83 U90.21 V-88.81 E0.034128
G1 F X-47.93 Y-0.61 Z24.74 U90.32 V-88.83 E0.034128
G1 F X-47.97 Y-0.82 Z24.65 U90.42 V-88.85 E0.034128
G1 F X-47.97 Y-0.82 Z24.85 U90.42 V-88.85 E0
G1 F X-47.8 Y-0.83 Z26.83 U90.44 V-88.76 E0
G1 F300 E-1.00 ;Filament Retraction!!
G1 F X-47.8 Y-0.83 Z26.63 U90.44 V-88.76 E0
G1 F X-47.62 Y-0.83 Z26.62 U90.46 V-88.66 E0.034059
G1 F300 E1.1;Filament (De)-Retraction!!
G1 F X-47.43 Y-0.83 Z26.6 U90.48 V-88.55 E0.034059
G1 F X-47.25 Y-0.84 Z26.59 U90.5 V-88.45 E0.034059
G1 F X-47.07 Y-0.84 Z26.58 U90.52 V-88.33 E0.034059
G1 F X-46.89 Y-0.84 Z26.56 U90.54 V-88.22 E0.034059
G1 F X-46.7 Y-0.85 Z26.55 U90.55 V-88.1 E0.034059
G1 F X-46.52 Y-0.85 Z26.53 U90.57 V-87.98 E0.034059
G1 F X-46.34 Y-0.85 Z26.52 U90.59 V-87.85 E0.034059
G1 F X-46.16 Y-0.86 Z26.51 U90.61 V-87.72 E0.034059
G1 F X-45.98 Y-0.86 Z26.49 U90.63 V-87.59 E0.034059
G1 F X-45.8 Y-0.87 Z26.48 U90.65 V-87.46 E0.034059
G1 F X-45.62 Y-0.87 Z26.47 U90.67 V-87.32 E0.034059
G1 F X-45.44 Y-0.87 Z26.45 U90.69 V-87.18 E0.034059
G1 F X-45.27 Y-0.88 Z26.44 U90.71 V-87.04 E0.034059
G1 F X-45.09 Y-0.88 Z26.43 U90.73 V-86.9 E0.034059
G1 F X-44.91 Y-0.89 Z26.42 U90.74 V-86.75 E0.034059
G1 F X-44.74 Y-0.89 Z26.4 U90.76 V-86.6 E0.034059
G1 F X-44.56 Y-0.9 Z26.39 U90.78 V-86.45 E0.034059
G1 F X-44.38 Y-0.9 Z26.38 U90.8 V-86.29 E0.034059
G1 F X-44.21 Y-0.91 Z26.37 U90.82 V-86.13 E0.034059
G1 F X-44.04 Y-0.91 Z26.35 U90.84 V-85.97 E0.034059
G1 F X-43.86 Y-0.92 Z26.34 U90.86 V-85.81 E0.034059
G1 F X-43.69 Y-0.92 Z26.33 U90.88 V-85.65 E0.034059
G1 F X-43.52 Y-0.93 Z26.32 U90.9 V-85.48 E0.034059
G1 F X-43.34 Y-0.93 Z26.31 U90.92 V-85.31 E0.034059
G1 F X-43.17 Y-0.94 Z26.3 U90.93 V-85.14 E0.034059
G1 F X-43 Y-0.94 Z26.28 U90.95 V-84.97 E0.034059
G1 F X-42.83 Y-0.95 Z26.27 U90.97 V-84.79 E0.034059
G1 F X-42.66 Y-0.95 Z26.26 U90.99 V-84.62 E0.034059
G1 F X-42.49 Y-0.96 Z26.25 U91.01 V-84.44 E0.034059
G1 F X-42.32 Y-0.96 Z26.24 U91.03 V-84.26 E0.034059
G1 F X-42.15 Y-0.97 Z26.23 U91.05 V-84.07 E0.034059
G1 F X-41.98 Y-0.98 Z26.22 U91.07 V-83.89 E0.034059
G1 F X-41.82 Y-0.98 Z26.21 U91.09 V-83.7 E0.034059
G1 F X-41.65 Y-0.99 Z26.2 U91.11 V-83.51 E0.034059
G1 F X-41.48 Y-0.99 Z26.18 U91.13 V-83.32 E0.034059
G1 F X-41.32 Y-1 Z26.17 U91.15 V-83.13 E0.034059
G1 F X-41.15 Y-1.01 Z26.16 U91.17 V-82.94 E0.034059
G1 F X-40.98 Y-1.01 Z26.15 U91.18 V-82.75 E0.034059
G1 F X-40.82 Y-1.02 Z26.14 U91.2 V-82.55 E0.034059
G1 F X-40.66 Y-1.02 Z26.13 U91.22 V-82.35 E0.034059
G1 F X-40.49 Y-1.03 Z26.12 U91.24 V-82.15 E0.034059
G1 F X-40.33 Y-1.04 Z26.11 U91.26 V-81.95 E0.034059
G1 F X-40.17 Y-1.04 Z26.1 U91.28 V-81.75 E0.034059
G1 F X-40 Y-1.05 Z26.09 U91.3 V-81.55 E0.034059
G1 F X-39.84 Y-1.06 Z26.08 U91.32 V-81.35 E0.034059
G1 F X-39.68 Y-1.06 Z26.07 U91.35 V-81.14 E0.034059
G1 F X-39.52 Y-1.07 Z26.06 U91.37 V-80.93 E0.034059
G1 F X-39.36 Y-1.08 Z26.05 U91.39 V-80.73 E0.034059
G1 F X-39.2 Y-1.09 Z26.04 U91.41 V-80.52 E0.034059
G1 F X-39.04 Y-1.09 Z26.03 U91.43 V-80.31 E0.034059
G1 F X-38.88 Y-1.1 Z26.02 U91.45 V-80.1 E0.034059
G1 F X-38.72 Y-1.11 Z26.01 U91.47 V-79.88 E0.034059
G1 F X-38.56 Y-1.12 Z26 U91.49 V-79.67 E0.034059
G1 F X-38.4 Y-1.12 Z25.99 U91.51 V-79.46 E0.034059
G1 F X-38.25 Y-1.13 Z25.98 U91.54 V-79.24 E0.034059
G1 F X-38.09 Y-1.14 Z25.97 U91.56 V-79.03 E0.034059
G1 F X-37.93 Y-1.15 Z25.96 U91.58 V-78.81 E0.034059
G1 F X-37.78 Y-1.15 Z25.94 U91.6 V-78.59 E0.034059
G1 F X-37.62 Y-1.16 Z25.93 U91.62 V-78.37 E0.034059
G1 F X-37.47 Y-1.17 Z25.92 U91.65 V-78.15 E0.034059
G1 F X-37.31 Y-1.18 Z25.91 U91.67 V-77.93 E0.034059
G1 F X-37.15 Y-1.19 Z25.9 U91.69 V-77.71 E0.034059
G1 F X-37 Y-1.19 Z25.9 U91.71 V-77.48 E0.034059
G1 F X-36.85 Y-1.2 Z25.89 U91.73 V-77.26 E0.034059
G1 F X-36.69 Y-1.21 Z25.88 U91.76 V-77.03 E0.034059
G1 F X-36.54 Y-1.22 Z25.87 U91.78 V-76.81 E0.034059
G1 F X-36.38 Y-1.22 Z25.86 U91.8 V-76.58 E0.034059
G1 F X-36.23 Y-1.23 Z25.85 U91.82 V-76.35 E0.034059
G1 F X-36.07 Y-1.24 Z25.84 U91.84 V-76.12 E0.034059
G1 F X-35.92 Y-1.25 Z25.84 U91.86 V-75.89 E0.034059
G1 F X-35.77 Y-1.25 Z25.83 U91.88 V-75.66 E0.034059
G1 F X-35.62 Y-1.26 Z25.82 U91.9 V-75.43 E0.034059
G1 F X-35.46 Y-1.27 Z25.81 U91.92 V-75.2 E0.034059
G1 F X-35.31 Y-1.28 Z25.81 U91.94 V-74.97 E0.034059
G1 F X-35.16 Y-1.28 Z25.8 U91.96 V-74.73 E0.034059
G1 F X-35 Y-1.29 Z25.79 U91.98 V-74.5 E0.034059
G1 F X-34.85 Y-1.3 Z25.79 U92 V-74.26 E0.034059
G1 F X-34.7 Y-1.31 Z25.78 U92.02 V-74.03 E0.034059
G1 F X-34.55 Y-1.31 Z25.77 U92.04 V-73.79 E0.034059
G1 F X-34.4 Y-1.32 Z25.77 U92.06 V-73.55 E0.034059
G1 F X-34.25 Y-1.33 Z25.76 U92.07 V-73.31 E0.034059
G1 F X-34.09 Y-1.34 Z25.76 U92.09 V-73.07 E0.034059
G1 F X-33.94 Y-1.34 Z25.75 U92.11 V-72.84 E0.034059
G1 F X-33.79 Y-1.35 Z25.75 U92.13 V-72.6 E0.034059
G1 F X-33.64 Y-1.36 Z25.74 U92.15 V-72.35 E0.034059
G1 F X-33.49 Y-1.37 Z25.74 U92.17 V-72.11 E0.034059
G1 F X-33.34 Y-1.37 Z25.73 U92.19 V-71.87 E0.034059
G1 F X-33.19 Y-1.38 Z25.73 U92.2 V-71.63 E0.034059
G1 F X-33.04 Y-1.39 Z25.72 U92.22 V-71.39 E0.034059
G1 F X-32.89 Y-1.39 Z25.72 U92.24 V-71.14 E0.034059
G1 F X-32.74 Y-1.4 Z25.71 U92.26 V-70.9 E0.034059
G1 F X-32.59 Y-1.41 Z25.71 U92.28 V-70.65 E0.034059
G1 F X-32.44 Y-1.42 Z25.7 U92.3 V-70.41 E0.034059
G1 F X-32.29 Y-1.42 Z25.7 U92.32 V-70.16 E0.034059
G1 F X-32.14 Y-1.43 Z25.69 U92.33 V-69.92 E0.034059
G1 F X-31.99 Y-1.44 Z25.69 U92.35 V-69.67 E0.034059
G1 F X-31.85 Y-1.44 Z25.69 U92.37 V-69.43 E0.034059
G1 F X-31.7 Y-1.45 Z25.68 U92.39 V-69.18 E0.034059
G1 F X-31.55 Y-1.46 Z25.68 U92.41 V-68.93 E0.034059
G1 F X-31.4 Y-1.47 Z25.67 U92.43 V-68.68 E0.034059
G1 F X-31.25 Y-1.47 Z25.67 U92.45 V-68.44 E0.034059
G1 F X-31.1 Y-1.48 Z25.67 U92.47 V-68.19 E0.034059
G1 F X-30.96 Y-1.49 Z25.66 U92.48 V-67.94 E0.034059
G1 F X-30.81 Y-1.49 Z25.66 U92.5 V-67.69 E0.034059
G1 F X-30.66 Y-1.5 Z25.66 U92.51 V-67.43 E0.034059
G1 F X-30.51 Y-1.5 Z25.66 U92.53 V-67.18 E0.034059
G1 F X-30.36 Y-1.51 Z25.66 U92.54 V-66.93 E0.034059
G1 F X-30.21 Y-1.51 Z25.66 U92.56 V-66.68 E0.034059
G1 F X-30.06 Y-1.52 Z25.66 U92.57 V-66.42 E0.034059
G1 F X-29.91 Y-1.52 Z25.66 U92.58 V-66.17 E0.034059
G1 F X-29.76 Y-1.53 Z25.66 U92.59 V-65.91 E0.034059
G1 F X-29.61 Y-1.53 Z25.66 U92.6 V-65.65 E0.034059
G1 F X-29.46 Y-1.54 Z25.66 U92.61 V-65.4 E0.034059
G1 F X-29.41 Y-1.54 Z25.66 U92.62 V-65.32 E0.010037
G1 F X-29.19 Y-1.25 Z25.92 U92.12 V-65 E0.024021
G1 F X-28.87 Y-0.83 Z26.29 U91.41 V-64.53 E0.034059
G1 F X-28.53 Y-0.4 Z26.66 U90.69 V-64.06 E0.034059
G1 F X-28.19 Y0.02 Z27.02 U89.96 V-63.58 E0.034059
G1 F X-27.84 Y0.45 Z27.38 U89.23 V-63.1 E0.034059
G1 F X-27.49 Y0.88 Z27.73 U88.49 V-62.61 E0.034059
G1 F X-27.13 Y1.31 Z28.07 U87.75 V-62.12 E0.034059
G1 F X-26.9 Y1.57 Z28.28 U87.29 V-61.82 E0.020687
G1 F X-26.97 Y1.57 Z28.28 U87.3 V-61.93 E0.013372
G1 F X-27.13 Y1.57 Z28.28 U87.3 V-62.2 E0.034059
G1 F X-27.28 Y1.56 Z28.29 U87.31 V-62.47 E0.034059
G1 F X-27.44 Y1.56 Z28.29 U87.32 V-62.75 E0.034059
G1 F X-27.6 Y1.56 Z28.29 U87.33 V-63.02 E0.034059
G1 F X-27.76 Y1.55 Z28.3 U87.34 V-63.29 E0.034059
G1 F X-27.92 Y1.55 Z28.3 U87.35 V-63.56 E0.034059
G1 F X-28.09 Y1.55 Z28.3 U87.36 V-63.84 E0.034059
G1 F X-28.25 Y1.54 Z28.3 U87.37 V-64.11 E0.034059
G1 F X-28.41 Y1.54 Z28.31 U87.38 V-64.39 E0.034059
G1 F X-28.57 Y1.53 Z28.31 U87.39 V-64.66 E0.034059
G1 F X-28.73 Y1.53 Z28.31 U87.41 V-64.94 E0.034059
G1 F X-28.9 Y1.52 Z28.31 U87.42 V-65.21 E0.034059
G1 F X-29.06 Y1.52 Z28.31 U87.43 V-65.49 E0.034059
G1 F X-29.22 Y1.51 Z28.31 U87.45 V-65.76 E0.034059
G1 F X-29.39 Y1.51 Z28.31 U87.46 V-66.03 E0.034059
G1 F X-29.55 Y1.5 Z28.31 U87.47 V-66.31 E0.034059
G1 F X-29.71 Y1.49 Z28.31 U87.49 V-66.58 E0.034059
G1 F X-29.88 Y1.49 Z28.31 U87.5 V-66.86 E0.034059
G1 F X-30.04 Y1.48 Z28.31 U87.52 V-67.13 E0.034059
G1 F X-30.21 Y1.48 Z28.31 U87.53 V-67.41 E0.034059
G1 F X-30.37 Y1.47 Z28.31 U87.55 V-67.68 E0.034059
G1 F X-30.54 Y1.47 Z28.3 U87.56 V-67.95 E0.034059
G1 F X-30.7 Y1.46 Z28.3 U87.58 V-68.22 E0.034059
G1 F X-30.87 Y1.45 Z28.3 U87.59 V-68.5 E0.034059
G1 F X-31.03 Y1.45 Z28.3 U87.61 V-68.77 E0.034059
G1 F X-31.2 Y1.44 Z28.3 U87.62 V-69.04 E0.034059
G1 F X-31.36 Y1.43 Z28.3 U87.64 V-69.31 E0.034059
G1 F X-31.53 Y1.43 Z28.3 U87.65 V-69.58 E0.034059
G1 F X-31.7 Y1.42 Z28.29 U87.67 V-69.85 E0.034059
G1 F X-31.87 Y1.41 Z28.29 U87.69 V-70.13 E0.034059
G1 F X-32.03 Y1.41 Z28.29 U87.71 V-70.4 E0.034059
G1 F X-32.2 Y1.4 Z28.28 U87.73 V-70.67 E0.034059
G1 F X-32.37 Y1.39 Z28.28 U87.75 V-70.94 E0.034059
G1 F X-32.54 Y1.38 Z28.27 U87.77 V-71.21 E0.034059
G1 F X-32.71 Y1.38 Z28.27 U87.79 V-71.48 E0.034059
G1 F X-32.88 Y1.37 Z28.26 U87.81 V-71.75 E0.034059
G1 F X-33.05 Y1.36 Z28.26 U87.83 V-72.02 E0.034059
G1 F X-33.23 Y1.35 Z28.25 U87.85 V-72.29 E0.034059
G1 F X-33.4 Y1.34 Z28.24 U87.87 V-72.56 E0.034059
G1 F X-33.57 Y1.33 Z28.24 U87.9 V-72.82 E0.034059
G1 F X-33.74 Y1.33 Z28.23 U87.92 V-73.09 E0.034059
G1 F X-33.92 Y1.32 Z28.22 U87.94 V-73.36 E0.034059
G1 F X-34.09 Y1.31 Z28.21 U87.97 V-73.63 E0.034059
G1 F X-34.26 Y1.3 Z28.21 U87.99 V-73.89 E0.034059
G1 F X-34.44 Y1.29 Z28.2 U88.01 V-74.16 E0.034059
G1 F X-34.61 Y1.28 Z28.19 U88.04 V-74.42 E0.034059
G1 F X-34.79 Y1.27 Z28.18 U88.06 V-74.69 E0.034059
G1 F X-34.96 Y1.26 Z28.17 U88.08 V-74.95 E0.034059
G1 F X-35.14 Y1.26 Z28.16 U88.11 V-75.21 E0.034059
G1 F X-35.31 Y1.25 Z28.15 U88.13 V-75.47 E0.034059
G1 F X-35.49 Y1.24 Z28.14 U88.16 V-75.73 E0.034059
G1 F X-35.67 Y1.23 Z28.14 U88.18 V-75.99 E0.034059
G1 F X-35.84 Y1.22 Z28.13 U88.21 V-76.25 E0.034059
G1 F X-36.02 Y1.21 Z28.12 U88.23 V-76.5 E0.034059
G1 F X-36.2 Y1.2 Z28.11 U88.25 V-76.76 E0.034059
G1 F X-36.37 Y1.19 Z28.1 U88.28 V-77.01 E0.034059
G1 F X-36.55 Y1.19 Z28.09 U88.3 V-77.27 E0.034059
G1 F X-36.73 Y1.18 Z28.08 U88.32 V-77.52 E0.034059
G1 F X-36.91 Y1.17 Z28.07 U88.34 V-77.77 E0.034059
G1 F X-37.08 Y1.16 Z28.06 U88.37 V-78.02 E0.034059
G1 F X-37.26 Y1.15 Z28.05 U88.39 V-78.26 E0.034059
G1 F X-37.44 Y1.15 Z28.04 U88.41 V-78.51 E0.034059
G1 F X-37.62 Y1.14 Z28.03 U88.43 V-78.76 E0.034059
G1 F X-37.8 Y1.13 Z28.02 U88.45 V-79 E0.034059
G1 F X-37.98 Y1.12 Z28.01 U88.48 V-79.24 E0.034059
G1 F X-38.16 Y1.12 Z28 U88.5 V-79.48 E0.034059
G1 F X-38.34 Y1.11 Z27.99 U88.52 V-79.72 E0.034059
G1 F X-38.52 Y1.1 Z27.98 U88.54 V-79.96 E0.034059
G1 F X-38.7 Y1.09 Z27.97 U88.56 V-80.2 E0.034059
G1 F X-38.88 Y1.09 Z27.96 U88.59 V-80.43 E0.034059
G1 F X-39.07 Y1.08 Z27.95 U88.61 V-80.66 E0.034059
G1 F X-39.25 Y1.07 Z27.94 U88.63 V-80.9 E0.034059
G1 F X-39.43 Y1.06 Z27.93 U88.65 V-81.13 E0.034059
G1 F X-39.62 Y1.06 Z27.92 U88.68 V-81.35 E0.034059
G1 F X-39.8 Y1.05 Z27.91 U88.7 V-81.58 E0.034059
G1 F X-39.99 Y1.04 Z27.89 U88.72 V-81.81 E0.034059
G1 F X-40.17 Y1.03 Z27.88 U88.74 V-82.03 E0.034059
G1 F X-40.36 Y1.03 Z27.87 U88.77 V-82.25 E0.034059
G1 F X-40.54 Y1.02 Z27.86 U88.79 V-82.47 E0.034059
G1 F X-40.73 Y1.01 Z27.85 U88.81 V-82.69 E0.034059
G1 F X-40.92 Y1 Z27.83 U88.83 V-82.9 E0.034059
G1 F X-41.1 Y1 Z27.82 U88.86 V-83.12 E0.034059
G1 F X-41.29 Y0.99 Z27.81 U88.88 V-83.33 E0.034059
G1 F X-41.48 Y0.98 Z27.8 U88.9 V-83.54 E0.034059
G1 F X-41.67 Y0.98 Z27.78 U88.92 V-83.75 E0.034059
G1 F X-41.86 Y0.97 Z27.77 U88.94 V-83.95 E0.034059
G1 F X-42.05 Y0.96 Z27.76 U88.96 V-84.15 E0.034059
G1 F X-42.24 Y0.96 Z27.75 U88.99 V-84.35 E0.034059
G1 F X-42.43 Y0.95 Z27.73 U89.01 V-84.55 E0.034059
G1 F X-42.62 Y0.95 Z27.72 U89.03 V-84.75 E0.034059
G1 F X-42.81 Y0.94 Z27.71 U89.05 V-84.94 E0.034059
G1 F X-43 Y0.93 Z27.7 U89.07 V-85.13 E0.034059
G1 F X-43.19 Y0.93 Z27.68 U89.09 V-85.32 E0.034059
G1 F X-43.38 Y0.92 Z27.67 U89.11 V-85.5 E0.034059
G1 F X-43.58 Y0.92 Z27.66 U89.14 V-85.68 E0.034059
G1 F X-43.77 Y0.91 Z27.64 U89.16 V-85.86 E0.034059
G1 F X-43.96 Y0.91 Z27.63 U89.18 V-86.04 E0.034059
G1 F X-44.16 Y0.9 Z27.62 U89.2 V-86.21 E0.034059
G1 F X-44.35 Y0.9 Z27.61 U89.22 V-86.39 E0.034059
G1 F X-44.55 Y0.89 Z27.59 U89.24 V-86.55 E0.034059
G1 F X-44.75 Y0.89 Z27.58 U89.26 V-86.72 E0.034059
G1 F X-44.94 Y0.88 Z27.57 U89.28 V-86.88 E0.034059
G1 F X-45.14 Y0.88 Z27.55 U89.3 V-87.04 E0.034059
G1 F X-45.34 Y0.87 Z27.54 U89.32 V-87.19 E0.034059
G1 F X-45.53 Y0.87 Z27.53 U89.34 V-87.34 E0.034059
G1 F X-45.73 Y0.86 Z27.51 U89.36 V-87.49 E0.034059
G1 F X-45.93 Y0.86 Z27.5 U89.38 V-87.64 E0.034059
G1 F X-46.13 Y0.86 Z27.49 U89.4 V-87.78 E0.034059
G1 F X-46.33 Y0.85 Z27.47 U89.42 V-87.91 E0.034059
G1 F X-46.53 Y0.85 Z27.46 U89.44 V-88.05 E0.034059
G1 F X-46.73 Y0.84 Z27.44 U89.45 V-88.18 E0.034059
G1 F X-46.93 Y0.84 Z27.43 U89.47 V-88.3 E0.034059
G1 F X-47.13 Y0.84 Z27.42 U89.49 V-88.43 E0.034059
G1 F X-47.33 Y0.83 Z27.4 U89.51 V-88.55 E0.034059
G1 F X-47.54 Y0.83 Z27.39 U89.53 V-88.66 E0.034059
G1 F X-47.57 Y0.83 Z27.39 U89.54 V-88.68 E0.005449
G1 F X-47.62 Y0.65 Z27.3 U89.64 V-88.7 E0.02861
G1 F X-47.67 Y0.44 Z27.2 U89.76 V-88.72 E0.034059
G1 F X-47.73 Y0.23 Z27.11 U89.87 V-88.75 E0.034059
G1 F X-47.78 Y0.02 Z27.01 U89.99 V-88.77 E0.034059
G1 F X-47.84 Y-0.19 Z26.92 U90.1 V-88.8 E0.034059
G1 F X-47.89 Y-0.4 Z26.82 U90.21 V-88.82 E0.034059
G1 F X-47.94 Y-0.61 Z26.73 U90.32 V-88.84 E0.034059
G1 F X-47.99 Y-0.82 Z26.65 U90.42 V-88.86 E0.034059
G1 F X-47.99 Y-0.82 Z26.85 U90.42 V-88.86 E0
G1 F X-47.48 Y-0.37 Z29.03 U90.21 V-88.59 E0
G1 F300 E-1.00 ;Filament Retraction!!
G1 F X-47.48 Y-0.37 Z28.83 U90.21 V-88.59 E0
G1 F X-47.29 Y-0.37 Z28.82 U90.22 V-88.48 E0.034035
G1 F300 E1.1;Filament (De)-Retraction!!
G1 F X-47.1 Y-0.37 Z28.82 U90.22 V-88.37 E0.034035
G1 F X-46.91 Y-0.37 Z28.81 U90.23 V-88.25 E0.034035
G1 F X-46.73 Y-0.37 Z28.8 U90.24 V-88.13 E0.034035
G1 F X-46.54 Y-0.37 Z28.8 U90.25 V-88.01 E0.034035
G1 F X-46.36 Y-0.37 Z28.79 U90.25 V-87.88 E0.034035
G1 F X-46.17 Y-0.37 Z28.79 U90.26 V-87.75 E0.034035
G1 F X-45.99 Y-0.37 Z28.78 U90.27 V-87.62 E0.034035
G1 F X-45.8 Y-0.37 Z28.78 U90.28 V-87.48 E0.034035
G1 F X-45.62 Y-0.37 Z28.77 U90.28 V-87.34 E0.034035
G1 F X-45.44 Y-0.37 Z28.77 U90.29 V-87.2 E0.034035
G1 F X-45.25 Y-0.37 Z28.76 U90.3 V-87.06 E0.034035
G1 F X-45.07 Y-0.37 Z28.76 U90.31 V-86.91 E0.034035
G1 F X-44.89 Y-0.37 Z28.75 U90.31 V-86.76 E0.034035
G1 F X-44.71 Y-0.37 Z28.75 U90.32 V-86.61 E0.034035
G1 F X-44.53 Y-0.37 Z28.74 U90.33 V-86.45 E0.034035
G1 F X-44.35 Y-0.37 Z28.74 U90.33 V-86.29 E0.034035
G1 F X-44.17 Y-0.37 Z28.74 U90.34 V-86.13 E0.034035
G1 F X-43.99 Y-0.37 Z28.73 U90.35 V-85.97 E0.034035
G1 F X-43.82 Y-0.37 Z28.73 U90.35 V-85.81 E0.034035
G1 F X-43.64 Y-0.37 Z28.73 U90.36 V-85.64 E0.034035
G1 F X-43.46 Y-0.37 Z28.72 U90.36 V-85.47 E0.034035
G1 F X-43.28 Y-0.37 Z28.72 U90.37 V-85.3 E0.034035
G1 F X-43.11 Y-0.37 Z28.72 U90.37 V-85.12 E0.034035
G1 F X-42.93 Y-0.37 Z28.71 U90.38 V-84.94 E0.034035
G1 F X-42.76 Y-0.37 Z28.71 U90.39 V-84.76 E0.034035
G1 F X-42.58 Y-0.37 Z28.71 U90.39 V-84.58 E0.034035
G1 F X-42.41 Y-0.37 Z28.7 U90.4 V-84.4 E0.034035
G1 F X-42.24 Y-0.37 Z28.7 U90.4 V-84.22 E0.034035
G1 F X-42.06 Y-0.38 Z28.7 U90.41 V-84.03 E0.034035
G1 F X-41.89 Y-0.38 Z28.7 U90.41 V-83.84 E0.034035
G1 F X-41.72 Y-0.38 Z28.69 U90.42 V-83.65 E0.034035
G1 F X-41.55 Y-0.38 Z28.69 U90.42 V-83.46 E0.034035
G1 F X-41.37 Y-0.38 Z28.69 U90.43 V-83.26 E0.034035
G1 F X-41.2 Y-0.38 Z28.69 U90.43 V-83.07 E0.034035
G1 F X-41.03 Y-0.38 Z28.69 U90.44 V-82.87 E0.034035
G1 F X-40.86 Y-0.38 Z28.68 U90.44 V-82.67 E0.034035
G1 F X-40.69 Y-0.38 Z28.68 U90.45 V-82.47 E0.034035
G1 F X-40.52 Y-0.38 Z28.68 U90.45 V-82.27 E0.034035
G1 F X-40.36 Y-0.38 Z28.68 U90.46 V-82.06 E0.034035
G1 F X-40.19 Y-0.38 Z28.67 U90.46 V-81.86 E0.034035
G1 F X-40.02 Y-0.38 Z28.67 U90.47 V-81.65 E0.034035
G1 F X-39.85 Y-0.38 Z28.67 U90.47 V-81.44 E0.034035
G1 F X-39.69 Y-0.38 Z28.67 U90.48 V-81.23 E0.034035
G1 F X-39.52 Y-0.38 Z28.67 U90.48 V-81.02 E0.034035
G1 F X-39.36 Y-0.38 Z28.66 U90.49 V-80.81 E0.034035
G1 F X-39.19 Y-0.38 Z28.66 U90.49 V-80.6 E0.034035
G1 F X-39.03 Y-0.38 Z28.66 U90.5 V-80.38 E0.034035
G1 F X-38.86 Y-0.38 Z28.66 U90.5 V-80.17 E0.034035
G1 F X-38.7 Y-0.38 Z28.66 U90.51 V-79.95 E0.034035
G1 F X-38.54 Y-0.38 Z28.65 U90.51 V-79.73 E0.034035
G1 F X-38.37 Y-0.39 Z28.65 U90.52 V-79.52 E0.034035
G1 F X-38.21 Y-0.39 Z28.65 U90.52 V-79.3 E0.034035
G1 F X-38.05 Y-0.39 Z28.65 U90.53 V-79.08 E0.034035
G1 F X-37.89 Y-0.39 Z28.64 U90.54 V-78.85 E0.034035
G1 F X-37.73 Y-0.39 Z28.64 U90.54 V-78.63 E0.034035
G1 F X-37.57 Y-0.39 Z28.64 U90.55 V-78.41 E0.034035
G1 F X-37.41 Y-0.39 Z28.64 U90.56 V-78.18 E0.034035
G1 F X-37.25 Y-0.39 Z28.63 U90.56 V-77.96 E0.034035
G1 F X-37.09 Y-0.39 Z28.63 U90.57 V-77.73 E0.034035
G1 F X-36.93 Y-0.4 Z28.63 U90.57 V-77.5 E0.034035
G1 F X-36.77 Y-0.4 Z28.63 U90.58 V-77.27 E0.034035
G1 F X-36.61 Y-0.4 Z28.63 U90.58 V-77.04 E0.034035
G1 F X-36.45 Y-0.4 Z28.63 U90.59 V-76.81 E0.034035
G1 F X-36.29 Y-0.4 Z28.63 U90.59 V-76.58 E0.034035
G1 F X-36.13 Y-0.4 Z28.62 U90.59 V-76.34 E0.034035
G1 F X-35.97 Y-0.4 Z28.62 U90.6 V-76.11 E0.034035
G1 F X-35.82 Y-0.4 Z28.62 U90.6 V-75.88 E0.034035
G1 F X-35.66 Y-0.4 Z28.62 U90.61 V-75.64 E0.034035
G1 F X-35.5 Y-0.4 Z28.62 U90.61 V-75.4 E0.034035
G1 F X-35.34 Y-0.4 Z28.62 U90.61 V-75.16 E0.034035
G1 F X-35.19 Y-0.4 Z28.62 U90.61 V-74.93 E0.034035
G1 F X-35.03 Y-0.4 Z28.62 U90.62 V-74.69 E0.034035
G1 F X-34.87 Y-0.4 Z28.62 U90.62 V-74.45 E0.034035
G1 F X-34.72 Y-0.4 Z28.62 U90.62 V-74.21 E0.034035
G1 F X-34.56 Y-0.41 Z28.62 U90.63 V-73.97 E0.034035
G1 F X-34.4 Y-0.41 Z28.62 U90.63 V-73.72 E0.034035
G1 F X-34.25 Y-0.41 Z28.62 U90.63 V-73.48 E0.034035
G1 F X-34.09 Y-0.41 Z28.62 U90.63 V-73.24 E0.034035
G1 F X-33.94 Y-0.41 Z28.62 U90.64 V-72.99 E0.034035
G1 F X-33.78 Y-0.41 Z28.62 U90.64 V-72.75 E0.034035
G1 F X-33.63 Y-0.41 Z28.62 U90.64 V-72.51 E0.034035
G1 F X-33.47 Y-0.41 Z28.62 U90.65 V-72.26 E0.034035
G1 F X-33.32 Y-0.41 Z28.62 U90.65 V-72.01 E0.034035
G1 F X-33.16 Y-0.41 Z28.62 U90.65 V-71.77 E0.034035
G1 F X-33.01 Y-0.41 Z28.62 U90.66 V-71.52 E0.034035
G1 F X-32.86 Y-0.41 Z28.62 U90.66 V-71.28 E0.034035
G1 F X-32.7 Y-0.41 Z28.62 U90.66 V-71.03 E0.034035
G1 F X-32.55 Y-0.41 Z28.62 U90.67 V-70.78 E0.034035
G1 F X-32.4 Y-0.42 Z28.62 U90.67 V-70.53 E0.034035
G1 F X-32.25 Y-0.42 Z28.62 U90.68 V-70.28 E0.034035
G1 F X-32.1 Y-0.42 Z28.62 U90.68 V-70.04 E0.034035
G1 F X-31.94 Y-0.42 Z28.62 U90.69 V-69.79 E0.034035
G1 F X-31.79 Y-0.42 Z28.62 U90.69 V-69.54 E0.034035
G1 F X-31.64 Y-0.42 Z28.62 U90.7 V-69.29 E0.034035
G1 F X-31.49 Y-0.43 Z28.61 U90.7 V-69.04 E0.034035
G1 F X-31.34 Y-0.43 Z28.61 U90.71 V-68.79 E0.034035
G1 F X-31.19 Y-0.43 Z28.61 U90.72 V-68.54 E0.034035
G1 F X-31.04 Y-0.43 Z28.61 U90.72 V-68.29 E0.034035
G1 F X-30.89 Y-0.43 Z28.61 U90.73 V-68.04 E0.034035
G1 F X-30.74 Y-0.44 Z28.61 U90.73 V-67.79 E0.034035
G1 F X-30.59 Y-0.44 Z28.61 U90.74 V-67.54 E0.034035
G1 F X-30.44 Y-0.44 Z28.61 U90.74 V-67.29 E0.034035
G1 F X-30.29 Y-0.44 Z28.61 U90.75 V-67.04 E0.034035
G1 F X-30.14 Y-0.44 Z28.61 U90.75 V-66.78 E0.034035
G1 F X-29.99 Y-0.44 Z28.61 U90.75 V-66.53 E0.034035
G1 F X-29.84 Y-0.44 Z28.61 U90.75 V-66.27 E0.034035
G1 F X-29.69 Y-0.44 Z28.61 U90.76 V-66.02 E0.034035
G1 F X-29.54 Y-0.44 Z28.61 U90.76 V-65.76 E0.034035
G1 F X-29.39 Y-0.44 Z28.61 U90.76 V-65.51 E0.034035
G1 F X-29.24 Y-0.44 Z28.61 U90.76 V-65.25 E0.034035
G1 F X-29.09 Y-0.44 Z28.62 U90.76 V-64.99 E0.034035
G1 F X-29.01 Y-0.44 Z28.62 U90.76 V-64.87 E0.016582
G1 F X-28.78 Y-0.18 Z28.85 U90.31 V-64.54 E0.017454
G1 F X-28.33 Y0.35 Z29.3 U89.4 V-63.9 E0.034035
G1 F X-28.24 Y0.44 Z29.37 U89.24 V-63.78 E0.005958
G1 F X-28.37 Y0.44 Z29.37 U89.25 V-64 E0.028078
G1 F X-28.52 Y0.44 Z29.37 U89.25 V-64.26 E0.034035
G1 F X-28.68 Y0.44 Z29.37 U89.26 V-64.52 E0.034035
G1 F X-28.83 Y0.44 Z29.37 U89.26 V-64.78 E0.034035
G1 F X-28.98 Y0.44 Z29.37 U89.26 V-65.04 E0.034035
G1 F X-29.14 Y0.43 Z29.37 U89.27 V-65.3 E0.034035
G1 F X-29.29 Y0.43 Z29.37 U89.27 V-65.56 E0.034035
G1 F X-29.44 Y0.43 Z29.37 U89.27 V-65.82 E0.034035
G1 F X-29.6 Y0.43 Z29.37 U89.28 V-66.08 E0.034035
G1 F X-29.75 Y0.43 Z29.37 U89.28 V-66.34 E0.034035
G1 F X-29.9 Y0.43 Z29.38 U89.28 V-66.6 E0.034035
G1 F X-30.06 Y0.43 Z29.38 U89.29 V-66.85 E0.034035
G1 F X-30.21 Y0.43 Z29.38 U89.29 V-67.11 E0.034035
G1 F X-30.36 Y0.43 Z29.38 U89.29 V-67.37 E0.034035
G1 F X-30.52 Y0.43 Z29.38 U89.29 V-67.62 E0.034035
G1 F X-30.67 Y0.43 Z29.38 U89.29 V-67.88 E0.034035
G1 F X-30.82 Y0.43 Z29.38 U89.29 V-68.13 E0.034035
G1 F X-30.97 Y0.43 Z29.38 U89.3 V-68.39 E0.034035
G1 F X-31.13 Y0.43 Z29.38 U89.3 V-68.64 E0.034035
G1 F X-31.28 Y0.43 Z29.39 U89.29 V-68.89 E0.034035
G1 F X-31.43 Y0.43 Z29.39 U89.3 V-69.15 E0.034035
G1 F X-31.59 Y0.43 Z29.39 U89.3 V-69.4 E0.034035
G1 F X-31.74 Y0.43 Z29.39 U89.3 V-69.65 E0.034035
G1 F X-31.9 Y0.43 Z29.39 U89.3 V-69.91 E0.034035
G1 F X-32.05 Y0.43 Z29.39 U89.3 V-70.16 E0.034035
G1 F X-32.21 Y0.43 Z29.39 U89.3 V-70.41 E0.034035
G1 F X-32.36 Y0.42 Z29.39 U89.31 V-70.66 E0.034035
G1 F X-32.52 Y0.42 Z29.39 U89.31 V-70.92 E0.034035
G1 F X-32.67 Y0.42 Z29.39 U89.31 V-71.17 E0.034035
G1 F X-32.83 Y0.42 Z29.39 U89.32 V-71.42 E0.034035
G1 F X-32.99 Y0.42 Z29.39 U89.32 V-71.67 E0.034035
G1 F X-33.14 Y0.42 Z29.39 U89.33 V-71.92 E0.034035
G1 F X-33.3 Y0.42 Z29.39 U89.33 V-72.17 E0.034035
G1 F X-33.46 Y0.42 Z29.39 U89.34 V-72.42 E0.034035
G1 F X-33.62 Y0.42 Z29.39 U89.34 V-72.67 E0.034035
G1 F X-33.78 Y0.41 Z29.39 U89.35 V-72.92 E0.034035
G1 F X-33.94 Y0.41 Z29.38 U89.35 V-73.17 E0.034035
G1 F X-34.1 Y0.41 Z29.38 U89.36 V-73.42 E0.034035
G1 F X-34.26 Y0.41 Z29.38 U89.36 V-73.67 E0.034035
G1 F X-34.41 Y0.41 Z29.38 U89.37 V-73.91 E0.034035
G1 F X-34.58 Y0.41 Z29.38 U89.37 V-74.16 E0.034035
G1 F X-34.74 Y0.41 Z29.38 U89.38 V-74.4 E0.034035
G1 F X-34.9 Y0.4 Z29.37 U89.39 V-74.65 E0.034035
G1 F X-35.06 Y0.4 Z29.37 U89.39 V-74.89 E0.034035
G1 F X-35.22 Y0.4 Z29.37 U89.4 V-75.14 E0.034035
G1 F X-35.38 Y0.4 Z29.37 U89.4 V-75.38 E0.034035
G1 F X-35.54 Y0.4 Z29.37 U89.41 V-75.62 E0.034035
G1 F X-35.7 Y0.4 Z29.36 U89.41 V-75.86 E0.034035
G1 F X-35.87 Y0.4 Z29.36 U89.42 V-76.1 E0.034035
G1 F X-36.03 Y0.39 Z29.36 U89.42 V-76.34 E0.034035
G1 F X-36.19 Y0.39 Z29.36 U89.43 V-76.58 E0.034035
G1 F X-36.35 Y0.39 Z29.36 U89.43 V-76.82 E0.034035
G1 F X-36.52 Y0.39 Z29.36 U89.44 V-77.05 E0.034035
G1 F X-36.68 Y0.39 Z29.36 U89.44 V-77.29 E0.034035
G1 F X-36.84 Y0.39 Z29.35 U89.45 V-77.52 E0.034035
G1 F X-37.01 Y0.39 Z29.35 U89.45 V-77.75 E0.034035
G1 F X-37.17 Y0.39 Z29.35 U89.46 V-77.99 E0.034035
G1 F X-37.34 Y0.39 Z29.35 U89.46 V-78.22 E0.034035
G1 F X-37.5 Y0.39 Z29.35 U89.46 V-78.45 E0.034035
G1 F X-37.66 Y0.39 Z29.35 U89.47 V-78.67 E0.034035
G1 F X-37.83 Y0.39 Z29.35 U89.47 V-78.9 E0.034035
G1 F X-37.99 Y0.39 Z29.35 U89.47 V-79.13 E0.034035
G1 F X-38.16 Y0.39 Z29.35 U89.48 V-79.35 E0.034035
G1 F X-38.33 Y0.39 Z29.35 U89.48 V-79.58 E0.034035
G1 F X-38.49 Y0.39 Z29.35 U89.48 V-79.8 E0.034035
G1 F X-38.66 Y0.39 Z29.34 U89.49 V-80.02 E0.034035
G1 F X-38.83 Y0.39 Z29.34 U89.49 V-80.24 E0.034035
G1 F X-39 Y0.39 Z29.34 U89.5 V-80.46 E0.034035
G1 F X-39.17 Y0.39 Z29.34 U89.5 V-80.68 E0.034035
G1 F X-39.34 Y0.38 Z29.34 U89.51 V-80.9 E0.034035
G1 F X-39.51 Y0.38 Z29.33 U89.51 V-81.11 E0.034035
G1 F X-39.68 Y0.38 Z29.33 U89.52 V-81.33 E0.034035
G1 F X-39.85 Y0.38 Z29.33 U89.52 V-81.54 E0.034035
G1 F X-40.02 Y0.38 Z29.33 U89.53 V-81.75 E0.034035
G1 F X-40.19 Y0.38 Z29.33 U89.53 V-81.96 E0.034035
G1 F X-40.37 Y0.38 Z29.32 U89.54 V-82.17 E0.034035
G1 F X-40.54 Y0.38 Z29.32 U89.54 V-82.38 E0.034035
G1 F X-40.71 Y0.38 Z29.32 U89.55 V-82.59 E0.034035
G1 F X-40.89 Y0.38 Z29.31 U89.56 V-82.79 E0.034035
G1 F X-41.06 Y0.38 Z29.31 U89.56 V-82.99 E0.034035
G1 F X-41.24 Y0.38 Z29.31 U89.57 V-83.19 E0.034035
G1 F X-41.41 Y0.38 Z29.31 U89.57 V-83.39 E0.034035
G1 F X-41.59 Y0.38 Z29.3 U89.58 V-83.59 E0.034035
G1 F X-41.77 Y0.38 Z29.3 U89.59 V-83.78 E0.034035
G1 F X-41.94 Y0.38 Z29.3 U89.59 V-83.98 E0.034035
G1 F X-42.12 Y0.37 Z29.29 U89.6 V-84.17 E0.034035
G1 F X-42.3 Y0.37 Z29.29 U89.6 V-84.36 E0.034035
G1 F X-42.48 Y0.37 Z29.29 U89.61 V-84.55 E0.034035
G1 F X-42.66 Y0.37 Z29.28 U89.62 V-84.73 E0.034035
G1 F X-42.84 Y0.37 Z29.28 U89.62 V-84.92 E0.034035
G1 F X-43.02 Y0.37 Z29.28 U89.63 V-85.1 E0.034035
G1 F X-43.2 Y0.37 Z29.27 U89.64 V-85.28 E0.034035
G1 F X-43.38 Y0.37 Z29.27 U89.64 V-85.45 E0.034035
G1 F X-43.57 Y0.37 Z29.27 U89.65 V-85.63 E0.034035
G1 F X-43.75 Y0.37 Z29.26 U89.66 V-85.8 E0.034035
G1 F X-43.93 Y0.37 Z29.26 U89.66 V-85.97 E0.034035
G1 F X-44.12 Y0.37 Z29.25 U89.67 V-86.14 E0.034035
G1 F X-44.3 Y0.37 Z29.25 U89.67 V-86.3 E0.034035
G1 F X-44.49 Y0.37 Z29.25 U89.68 V-86.46 E0.034035
G1 F X-44.67 Y0.37 Z29.24 U89.69 V-86.62 E0.034035
G1 F X-44.86 Y0.37 Z29.24 U89.69 V-86.78 E0.034035
G1 F X-45.05 Y0.37 Z29.23 U89.7 V-86.93 E0.034035
G1 F X-45.24 Y0.37 Z29.23 U89.71 V-87.08 E0.034035
G1 F X-45.42 Y0.37 Z29.23 U89.71 V-87.23 E0.034035
G1 F X-45.61 Y0.37 Z29.22 U89.72 V-87.38 E0.034035
G1 F X-45.8 Y0.37 Z29.22 U89.73 V-87.52 E0.034035
G1 F X-45.99 Y0.37 Z29.21 U89.73 V-87.66 E0.034035
G1 F X-46.18 Y0.37 Z29.21 U89.74 V-87.79 E0.034035
G1 F X-46.38 Y0.37 Z29.2 U89.75 V-87.93 E0.034035
G1 F X-46.57 Y0.37 Z29.2 U89.75 V-88.05 E0.034035
G1 F X-46.76 Y0.37 Z29.2 U89.76 V-88.18 E0.034035
G1 F X-46.95 Y0.37 Z29.19 U89.77 V-88.3 E0.034035
G1 F X-47.15 Y0.37 Z29.19 U89.77 V-88.42 E0.034035
G1 F X-47.26 Y0.37 Z29.18 U89.78 V-88.49 E0.019122
G1 F X-47.29 Y0.28 Z29.14 U89.83 V-88.5 E0.014913
G1 F X-47.35 Y0.06 Z29.03 U89.96 V-88.53 E0.034035
G1 F X-47.41 Y-0.15 Z28.93 U90.09 V-88.56 E0.034035
G1 F X-47.41 Y-0.15 Z29.13 U90.09 V-88.56 E0
G1 F X-47.82 Y-0.83 Z28.83 U90.44 V-88.77 E0
G1 F300 E-1.00 ;Filament Retraction!!
G1 F X-47.82 Y-0.83 Z28.63 U90.44 V-88.77 E0
G1 F X-47.64 Y-0.84 Z28.62 U90.46 V-88.67 E0.034025
G1 F300 E1.1;Filament (De)-Retraction!!
G1 F X-47.46 Y-0.84 Z28.6 U90.48 V-88.57 E0.034025
G1 F X-47.27 Y-0.84 Z28.59 U90.5 V-88.46 E0.034025
G1 F X-47.09 Y-0.85 Z28.57 U90.52 V-88.35 E0.034025
G1 F X-46.91 Y-0.85 Z28.56 U90.54 V-88.24 E0.034025
G1 F X-46.73 Y-0.86 Z28.54 U90.56 V-88.12 E0.034025
G1 F X-46.55 Y-0.86 Z28.53 U90.58 V-88 E0.034025
G1 F X-46.38 Y-0.87 Z28.52 U90.6 V-87.88 E0.034025
G1 F X-46.2 Y-0.87 Z28.5 U90.62 V-87.75 E0.034025
G1 F X-46.02 Y-0.88 Z28.49 U90.64 V-87.62 E0.034025
G1 F X-45.84 Y-0.88 Z28.47 U90.66 V-87.49 E0.034025
G1 F X-45.67 Y-0.89 Z28.46 U90.68 V-87.36 E0.034025
G1 F X-45.49 Y-0.89 Z28.45 U90.7 V-87.22 E0.034025
G1 F X-45.32 Y-0.9 Z28.43 U90.72 V-87.08 E0.034025
G1 F X-45.14 Y-0.9 Z28.42 U90.74 V-86.94 E0.034025
G1 F X-44.97 Y-0.91 Z28.41 U90.75 V-86.8 E0.034025
G1 F X-44.8 Y-0.91 Z28.39 U90.77 V-86.65 E0.034025
G1 F X-44.62 Y-0.92 Z28.38 U90.79 V-86.5 E0.034025
G1 F X-44.45 Y-0.92 Z28.37 U90.82 V-86.35 E0.034025
G1 F X-44.28 Y-0.93 Z28.35 U90.84 V-86.2 E0.034025
G1 F X-44.11 Y-0.94 Z28.34 U90.86 V-86.04 E0.034025
G1 F X-43.94 Y-0.94 Z28.33 U90.88 V-85.88 E0.034025
G1 F X-43.77 Y-0.95 Z28.32 U90.9 V-85.72 E0.034025
G1 F X-43.6 Y-0.95 Z28.3 U90.92 V-85.56 E0.034025
G1 F X-43.43 Y-0.96 Z28.29 U90.94 V-85.4 E0.034025
G1 F X-43.27 Y-0.97 Z28.28 U90.96 V-85.23 E0.034025
G1 F X-43.1 Y-0.97 Z28.26 U90.98 V-85.06 E0.034025
G1 F X-42.93 Y-0.98 Z28.25 U91 V-84.89 E0.034025
G1 F X-42.77 Y-0.99 Z28.24 U91.02 V-84.72 E0.034025
G1 F X-42.6 Y-0.99 Z28.23 U91.04 V-84.55 E0.034025
G1 F X-42.43 Y-1 Z28.21 U91.06 V-84.37 E0.034025
G1 F X-42.27 Y-1.01 Z28.2 U91.08 V-84.2 E0.034025
G1 F X-42.11 Y-1.02 Z28.19 U91.1 V-84.02 E0.034025
G1 F X-41.94 Y-1.02 Z28.18 U91.12 V-83.84 E0.034025
G1 F X-41.78 Y-1.03 Z28.16 U91.14 V-83.66 E0.034025
G1 F X-41.62 Y-1.04 Z28.15 U91.17 V-83.47 E0.034025
G1 F X-41.46 Y-1.05 Z28.14 U91.19 V-83.29 E0.034025
G1 F X-41.3 Y-1.05 Z28.13 U91.21 V-83.1 E0.034025
G1 F X-41.14 Y-1.06 Z28.12 U91.23 V-82.92 E0.034025
G1 F X-40.98 Y-1.07 Z28.1 U91.25 V-82.73 E0.034025
G1 F X-40.82 Y-1.08 Z28.09 U91.28 V-82.54 E0.034025
G1 F X-40.66 Y-1.09 Z28.08 U91.3 V-82.35 E0.034025
G1 F X-40.5 Y-1.09 Z28.07 U91.32 V-82.16 E0.034025
G1 F X-40.34 Y-1.1 Z28.05 U91.34 V-81.96 E0.034025
G1 F X-40.18 Y-1.11 Z28.04 U91.37 V-81.77 E0.034025
G1 F X-40.03 Y-1.12 Z28.03 U91.39 V-81.57 E0.034025
G1 F X-39.87 Y-1.13 Z28.02 U91.41 V-81.38 E0.034025
G1 F X-39.72 Y-1.14 Z28 U91.44 V-81.18 E0.034025
G1 F X-39.56 Y-1.15 Z27.99 U91.46 V-80.98 E0.034025
G1 F X-39.41 Y-1.16 Z27.98 U91.48 V-80.78 E0.034025
G1 F X-39.25 Y-1.17 Z27.97 U91.51 V-80.58 E0.034025
G1 F X-39.1 Y-1.18 Z27.95 U91.53 V-80.38 E0.034025
G1 F X-38.95 Y-1.19 Z27.94 U91.56 V-80.17 E0.034025
G1 F X-38.79 Y-1.2 Z27.93 U91.58 V-79.97 E0.034025
G1 F X-38.64 Y-1.21 Z27.92 U91.61 V-79.77 E0.034025
G1 F X-38.49 Y-1.22 Z27.9 U91.63 V-79.56 E0.034025
G1 F X-38.34 Y-1.23 Z27.89 U91.66 V-79.36 E0.034025
G1 F X-38.19 Y-1.24 Z27.88 U91.68 V-79.15 E0.034025
G1 F X-38.04 Y-1.25 Z27.87 U91.71 V-78.94 E0.034025
G1 F X-37.89 Y-1.26 Z27.85 U91.74 V-78.73 E0.034025
G1 F X-37.74 Y-1.27 Z27.84 U91.76 V-78.52 E0.034025
G1 F X-37.59 Y-1.28 Z27.83 U91.79 V-78.31 E0.034025
G1 F X-37.44 Y-1.29 Z27.81 U91.82 V-78.1 E0.034025
G1 F X-37.3 Y-1.3 Z27.8 U91.84 V-77.89 E0.034025
G1 F X-37.15 Y-1.31 Z27.79 U91.87 V-77.68 E0.034025
G1 F X-37 Y-1.32 Z27.78 U91.9 V-77.47 E0.034025
G1 F X-36.85 Y-1.33 Z27.76 U91.92 V-77.25 E0.034025
G1 F X-36.71 Y-1.34 Z27.75 U91.95 V-77.04 E0.034025
G1 F X-36.56 Y-1.36 Z27.74 U91.98 V-76.82 E0.034025
G1 F X-36.41 Y-1.37 Z27.73 U92 V-76.61 E0.034025
G1 F X-36.27 Y-1.38 Z27.72 U92.03 V-76.39 E0.034025
G1 F X-36.12 Y-1.39 Z27.71 U92.06 V-76.17 E0.034025
G1 F X-35.98 Y-1.4 Z27.69 U92.08 V-75.95 E0.034025
G1 F X-35.83 Y-1.41 Z27.68 U92.11 V-75.73 E0.034025
G1 F X-35.68 Y-1.42 Z27.67 U92.13 V-75.51 E0.034025
G1 F X-35.54 Y-1.43 Z27.66 U92.16 V-75.29 E0.034025
G1 F X-35.39 Y-1.44 Z27.65 U92.19 V-75.07 E0.034025
G1 F X-35.25 Y-1.45 Z27.64 U92.21 V-74.85 E0.034025
G1 F X-35.11 Y-1.47 Z27.63 U92.24 V-74.63 E0.034025
G1 F X-34.96 Y-1.48 Z27.62 U92.26 V-74.41 E0.034025
G1 F X-34.82 Y-1.49 Z27.61 U92.29 V-74.18 E0.034025
G1 F X-34.68 Y-1.5 Z27.6 U92.31 V-73.96 E0.034025
G1 F X-34.53 Y-1.51 Z27.59 U92.34 V-73.73 E0.034025
G1 F X-34.39 Y-1.52 Z27.58 U92.37 V-73.51 E0.034025
G1 F X-34.25 Y-1.53 Z27.57 U92.39 V-73.28 E0.034025
G1 F X-34.1 Y-1.54 Z27.57 U92.42 V-73.06 E0.034025
G1 F X-33.96 Y-1.55 Z27.56 U92.44 V-72.83 E0.034025
G1 F X-33.82 Y-1.56 Z27.55 U92.47 V-72.6 E0.034025
G1 F X-33.68 Y-1.58 Z27.54 U92.49 V-72.37 E0.034025
G1 F X-33.53 Y-1.59 Z27.53 U92.52 V-72.15 E0.034025
G1 F X-33.39 Y-1.6 Z27.52 U92.54 V-71.92 E0.034025
G1 F X-33.25 Y-1.61 Z27.51 U92.57 V-71.69 E0.034025
G1 F X-33.11 Y-1.62 Z27.5 U92.59 V-71.46 E0.034025
G1 F X-32.97 Y-1.63 Z27.5 U92.62 V-71.23 E0.034025
G1 F X-32.83 Y-1.64 Z27.49 U92.65 V-71 E0.034025
G1 F X-32.69 Y-1.65 Z27.48 U92.67 V-70.77 E0.034025
G1 F X-32.55 Y-1.66 Z27.47 U92.7 V-70.54 E0.034025
G1 F X-32.4 Y-1.68 Z27.46 U92.72 V-70.31 E0.034025
G1 F X-32.26 Y-1.69 Z27.46 U92.75 V-70.07 E0.034025
G1 F X-32.12 Y-1.7 Z27.45 U92.77 V-69.84 E0.034025
G1 F X-31.98 Y-1.71 Z27.44 U92.8 V-69.61 E0.034025
G1 F X-31.84 Y-1.72 Z27.43 U92.83 V-69.38 E0.034025
G1 F X-31.71 Y-1.73 Z27.43 U92.85 V-69.14 E0.034025
G1 F X-31.57 Y-1.74 Z27.42 U92.88 V-68.91 E0.034025
G1 F X-31.43 Y-1.75 Z27.41 U92.91 V-68.68 E0.034025
G1 F X-31.29 Y-1.76 Z27.4 U92.93 V-68.44 E0.034025
G1 F X-31.15 Y-1.78 Z27.4 U92.96 V-68.21 E0.034025
G1 F X-31.01 Y-1.79 Z27.39 U92.98 V-67.97 E0.034025
G1 F X-30.87 Y-1.8 Z27.39 U93 V-67.74 E0.034025
G1 F X-30.73 Y-1.81 Z27.38 U93.03 V-67.5 E0.034025
G1 F X-30.59 Y-1.82 Z27.38 U93.05 V-67.26 E0.034025
G1 F X-30.45 Y-1.82 Z27.37 U93.07 V-67.02 E0.034025
G1 F X-30.3 Y-1.83 Z27.37 U93.09 V-66.78 E0.034025
G1 F X-30.16 Y-1.84 Z27.37 U93.11 V-66.54 E0.034025
G1 F X-30.02 Y-1.85 Z27.37 U93.13 V-66.3 E0.034025
G1 F X-29.88 Y-1.86 Z27.37 U93.15 V-66.06 E0.034025
G1 F X-29.76 Y-1.86 Z27.36 U93.16 V-65.86 E0.027421
G1 F X-29.69 Y-1.77 Z27.45 U93 V-65.75 E0.006604
G1 F X-29.28 Y-1.26 Z27.9 U92.15 V-65.14 E0.034025
G1 F X-28.85 Y-0.75 Z28.36 U91.28 V-64.52 E0.034025
G1 F X-28.41 Y-0.23 Z28.81 U90.39 V-63.88 E0.034025
G1 F X-27.94 Y0.3 Z29.25 U89.48 V-63.23 E0.034025
G1 F X-27.47 Y0.84 Z29.69 U88.56 V-62.57 E0.034025
G1 F X-26.99 Y1.38 Z30.12 U87.63 V-61.9 E0.034025
G1 F X-26.47 Y1.94 Z30.55 U86.66 V-61.2 E0.035681
G1 F X-26.62 Y1.94 Z30.56 U86.66 V-61.45 E0.032369
G1 F X-26.78 Y1.93 Z30.57 U86.67 V-61.72 E0.034025
G1 F X-26.93 Y1.93 Z30.57 U86.68 V-61.99 E0.034025
G1 F X-27.09 Y1.92 Z30.57 U86.69 V-62.25 E0.034025
G1 F X-27.24 Y1.92 Z30.58 U86.7 V-62.52 E0.034025
G1 F X-27.4 Y1.91 Z30.58 U86.72 V-62.79 E0.034025
G1 F X-27.56 Y1.91 Z30.58 U86.73 V-63.06 E0.034025
G1 F X-27.72 Y1.9 Z30.58 U86.75 V-63.33 E0.034025
G1 F X-27.88 Y1.89 Z30.59 U86.76 V-63.6 E0.034025
G1 F X-28.04 Y1.89 Z30.59 U86.78 V-63.87 E0.034025
G1 F X-28.2 Y1.88 Z30.59 U86.8 V-64.14 E0.034025
G1 F X-28.36 Y1.87 Z30.59 U86.81 V-64.41 E0.034025
G1 F X-28.52 Y1.86 Z30.59 U86.83 V-64.69 E0.034025
G1 F X-28.68 Y1.85 Z30.59 U86.85 V-64.96 E0.034025
G1 F X-28.85 Y1.84 Z30.58 U86.87 V-65.23 E0.034025
G1 F X-29.01 Y1.83 Z30.58 U86.89 V-65.51 E0.034025
G1 F X-29.17 Y1.82 Z30.58 U86.92 V-65.78 E0.034025
G1 F X-29.34 Y1.82 Z30.58 U86.94 V-66.05 E0.034025
G1 F X-29.5 Y1.81 Z30.57 U86.96 V-66.33 E0.034025
G1 F X-29.67 Y1.8 Z30.57 U86.98 V-66.6 E0.034025
G1 F X-29.83 Y1.79 Z30.57 U87.01 V-66.88 E0.034025
G1 F X-30 Y1.77 Z30.56 U87.03 V-67.15 E0.034025
G1 F X-30.16 Y1.76 Z30.56 U87.05 V-67.42 E0.034025
G1 F X-30.33 Y1.75 Z30.56 U87.08 V-67.69 E0.034025
G1 F X-30.49 Y1.74 Z30.55 U87.1 V-67.97 E0.034025
G1 F X-30.66 Y1.73 Z30.55 U87.12 V-68.24 E0.034025
G1 F X-30.83 Y1.72 Z30.54 U87.15 V-68.51 E0.034025
G1 F X-30.99 Y1.71 Z30.54 U87.17 V-68.78 E0.034025
G1 F X-31.16 Y1.7 Z30.53 U87.19 V-69.05 E0.034025
G1 F X-31.33 Y1.69 Z30.53 U87.22 V-69.33 E0.034025
G1 F X-31.49 Y1.68 Z30.52 U87.24 V-69.6 E0.034025
G1 F X-31.66 Y1.67 Z30.52 U87.27 V-69.87 E0.034025
G1 F X-31.83 Y1.66 Z30.51 U87.29 V-70.14 E0.034025
G1 F X-32 Y1.64 Z30.5 U87.32 V-70.41 E0.034025
G1 F X-32.17 Y1.63 Z30.49 U87.35 V-70.68 E0.034025
G1 F X-32.34 Y1.62 Z30.49 U87.38 V-70.96 E0.034025
G1 F X-32.51 Y1.61 Z30.48 U87.41 V-71.23 E0.034025
G1 F X-32.68 Y1.59 Z30.47 U87.44 V-71.5 E0.034025
G1 F X-32.86 Y1.58 Z30.46 U87.47 V-71.77 E0.034025
G1 F X-33.03 Y1.57 Z30.45 U87.5 V-72.04 E0.034025
G1 F X-33.2 Y1.56 Z30.44 U87.53 V-72.31 E0.034025
G1 F X-33.38 Y1.54 Z30.43 U87.56 V-72.58 E0.034025
G1 F X-33.55 Y1.53 Z30.42 U87.59 V-72.85 E0.034025
G1 F X-33.72 Y1.51 Z30.4 U87.62 V-73.12 E0.034025
G1 F X-33.9 Y1.5 Z30.39 U87.66 V-73.38 E0.034025
G1 F X-34.07 Y1.49 Z30.38 U87.69 V-73.65 E0.034025
G1 F X-34.25 Y1.47 Z30.37 U87.72 V-73.92 E0.034025
G1 F X-34.43 Y1.46 Z30.35 U87.75 V-74.18 E0.034025
G1 F X-34.6 Y1.45 Z30.34 U87.79 V-74.45 E0.034025
G1 F X-34.78 Y1.43 Z30.33 U87.82 V-74.71 E0.034025
G1 F X-34.95 Y1.42 Z30.32 U87.85 V-74.98 E0.034025
G1 F X-35.13 Y1.41 Z30.3 U87.88 V-75.24 E0.034025
G1 F X-35.31 Y1.39 Z30.29 U87.91 V-75.5 E0.034025
G1 F X-35.49 Y1.38 Z30.28 U87.95 V-75.76 E0.034025
G1 F X-35.66 Y1.37 Z30.26 U87.98 V-76.02 E0.034025
G1 F X-35.84 Y1.35 Z30.25 U88.01 V-76.28 E0.034025
G1 F X-36.02 Y1.34 Z30.24 U88.04 V-76.53 E0.034025
G1 F X-36.2 Y1.33 Z30.22 U88.07 V-76.79 E0.034025
G1 F X-36.37 Y1.32 Z30.21 U88.1 V-77.04 E0.034025
G1 F X-36.55 Y1.3 Z30.2 U88.13 V-77.3 E0.034025
G1 F X-36.73 Y1.29 Z30.18 U88.16 V-77.55 E0.034025
G1 F X-36.91 Y1.28 Z30.17 U88.19 V-77.8 E0.034025
G1 F X-37.09 Y1.27 Z30.16 U88.22 V-78.04 E0.034025
G1 F X-37.27 Y1.26 Z30.14 U88.24 V-78.29 E0.034025
G1 F X-37.44 Y1.25 Z30.13 U88.27 V-78.54 E0.034025
G1 F X-37.62 Y1.24 Z30.12 U88.3 V-78.78 E0.034025
G1 F X-37.8 Y1.23 Z30.11 U88.32 V-79.02 E0.034025
G1 F X-37.98 Y1.21 Z30.09 U88.35 V-79.26 E0.034025
G1 F X-38.16 Y1.2 Z30.08 U88.38 V-79.5 E0.034025
G1 F X-38.34 Y1.19 Z30.07 U88.41 V-79.74 E0.034025
G1 F X-38.53 Y1.18 Z30.05 U88.43 V-79.98 E0.034025
G1 F X-38.71 Y1.17 Z30.04 U88.46 V-80.22 E0.034025
G1 F X-38.89 Y1.16 Z30.03 U88.49 V-80.45 E0.034025
G1 F X-39.07 Y1.15 Z30.01 U88.51 V-80.68 E0.034025
G1 F X-39.25 Y1.14 Z30 U88.54 V-80.91 E0.034025
G1 F X-39.44 Y1.13 Z29.99 U88.57 V-81.14 E0.034025
G1 F X-39.62 Y1.12 Z29.97 U88.59 V-81.37 E0.034025
G1 F X-39.8 Y1.11 Z29.96 U88.62 V-81.6 E0.034025
G1 F X-39.99 Y1.1 Z29.95 U88.65 V-81.82 E0.034025
G1 F X-40.17 Y1.09 Z29.93 U88.67 V-82.04 E0.034025
G1 F X-40.36 Y1.08 Z29.92 U88.7 V-82.26 E0.034025
G1 F X-40.54 Y1.07 Z29.9 U88.72 V-82.48 E0.034025
G1 F X-40.73 Y1.06 Z29.89 U88.75 V-82.7 E0.034025
G1 F X-40.91 Y1.06 Z29.88 U88.77 V-82.91 E0.034025
G1 F X-41.1 Y1.05 Z29.86 U88.8 V-83.12 E0.034025
G1 F X-41.29 Y1.04 Z29.85 U88.82 V-83.33 E0.034025
G1 F X-41.48 Y1.03 Z29.83 U88.85 V-83.54 E0.034025
G1 F X-41.66 Y1.02 Z29.82 U88.87 V-83.75 E0.034025
G1 F X-41.85 Y1.01 Z29.81 U88.9 V-83.95 E0.034025
G1 F X-42.04 Y1 Z29.79 U88.92 V-84.15 E0.034025
G1 F X-42.23 Y1 Z29.78 U88.95 V-84.35 E0.034025
G1 F X-42.42 Y0.99 Z29.76 U88.97 V-84.55 E0.034025
G1 F X-42.61 Y0.98 Z29.75 U88.99 V-84.74 E0.034025
G1 F X-42.8 Y0.97 Z29.73 U89.02 V-84.94 E0.034025
G1 F X-42.99 Y0.97 Z29.72 U89.04 V-85.13 E0.034025
G1 F X-43.18 Y0.96 Z29.71 U89.06 V-85.31 E0.034025
G1 F X-43.37 Y0.95 Z29.69 U89.09 V-85.5 E0.034025
G1 F X-43.57 Y0.94 Z29.68 U89.11 V-85.68 E0.034025
G1 F X-43.76 Y0.94 Z29.66 U89.13 V-85.86 E0.034025
G1 F X-43.95 Y0.93 Z29.65 U89.15 V-86.03 E0.034025
G1 F X-44.15 Y0.92 Z29.63 U89.18 V-86.21 E0.034025
G1 F X-44.34 Y0.92 Z29.62 U89.2 V-86.38 E0.034025
G1 F X-44.54 Y0.91 Z29.61 U89.22 V-86.54 E0.034025
G1 F X-44.73 Y0.91 Z29.59 U89.24 V-86.71 E0.034025
G1 F X-44.93 Y0.9 Z29.58 U89.26 V-86.87 E0.034025
G1 F X-45.12 Y0.89 Z29.56 U89.28 V-87.03 E0.034025
G1 F X-45.32 Y0.89 Z29.55 U89.3 V-87.18 E0.034025
G1 F X-45.52 Y0.88 Z29.54 U89.32 V-87.33 E0.034025
G1 F X-45.71 Y0.88 Z29.52 U89.35 V-87.48 E0.034025
G1 F X-45.91 Y0.87 Z29.51 U89.37 V-87.62 E0.034025
G1 F X-46.11 Y0.87 Z29.49 U89.39 V-87.77 E0.034025
G1 F X-46.31 Y0.86 Z29.48 U89.41 V-87.9 E0.034025
G1 F X-46.51 Y0.86 Z29.47 U89.43 V-88.04 E0.034025
G1 F X-46.71 Y0.85 Z29.45 U89.45 V-88.17 E0.034025
G1 F X-46.91 Y0.85 Z29.44 U89.47 V-88.29 E0.034025
G1 F X-47.11 Y0.85 Z29.42 U89.49 V-88.42 E0.034025
G1 F X-47.32 Y0.84 Z29.41 U89.51 V-88.53 E0.034025
G1 F X-47.52 Y0.84 Z29.39 U89.53 V-88.65 E0.034025
G1 F X-47.55 Y0.84 Z29.39 U89.53 V-88.67 E0.005516
G1 F X-47.6 Y0.66 Z29.3 U89.63 V-88.69 E0.028509
G1 F X-47.67 Y0.44 Z29.2 U89.75 V-88.72 E0.034025
G1 F X-47.73 Y0.23 Z29.11 U89.87 V-88.75 E0.034025
G1 F X-47.78 Y0.02 Z29.01 U89.99 V-88.77 E0.034025
G1 F X-47.84 Y-0.19 Z28.92 U90.1 V-88.8 E0.034025
G1 F X-47.9 Y-0.41 Z28.82 U90.21 V-88.82 E0.034025
G1 F X-47.95 Y-0.62 Z28.73 U90.32 V-88.85 E0.034025
G1 F X-48 Y-0.83 Z28.64 U90.42 V-88.87 E0.034025
G1 F X-48 Y-0.83 Z48.64 U90.42 V-88.87 E0
G1 F X-47.15 Y22.98 Z14 U90.22 V-149.31 E0
G1 F300 E-1.00 ;Filament Retraction!!
G1 F X-47.19 Y5.82 Z3.73 U90.22 V-149.31 E0
G1 F X-46.99 Y5.82 Z3.72 U90.23 V-149.19 E0.034106
G1 F300 E1.1;Filament (De)-Retraction!!
G1 F X-46.79 Y5.82 Z3.72 U90.24 V-149.06 E0.034106
G1 F X-46.59 Y5.82 Z3.71 U90.24 V-148.93 E0.034106
G1 F X-46.39 Y5.82 Z3.71 U90.25 V-148.8 E0.034106
G1 F X-46.19 Y5.82 Z3.7 U90.26 V-148.66 E0.034106
G1 F X-45.99 Y5.82 Z3.69 U90.27 V-148.52 E0.034106
G1 F X-45.79 Y5.82 Z3.69 U90.27 V-148.37 E0.034106
G1 F X-45.59 Y5.82 Z3.68 U90.28 V-148.22 E0.034106
G1 F X-45.39 Y5.82 Z3.68 U90.29 V-148.07 E0.034106
G1 F X-45.2 Y5.82 Z3.67 U90.3 V-147.91 E0.034106
G1 F X-45 Y5.82 Z3.67 U90.3 V-147.75 E0.034106
G1 F X-44.8 Y5.82 Z3.66 U90.31 V-147.58 E0.034106
G1 F X-44.6 Y5.82 Z3.66 U90.32 V-147.41 E0.034106
G1 F X-44.4 Y5.82 Z3.66 U90.33 V-147.24 E0.034106
G1 F X-44.2 Y5.82 Z3.65 U90.33 V-147.06 E0.034106
G1 F X-44 Y5.82 Z3.65 U90.34 V-146.88 E0.034106
G1 F X-43.81 Y5.82 Z3.64 U90.35 V-146.7 E0.034106
G1 F X-43.61 Y5.82 Z3.64 U90.35 V-146.51 E0.034106
G1 F X-43.41 Y5.82 Z3.64 U90.36 V-146.32 E0.034106
G1 F X-43.21 Y5.82 Z3.63 U90.36 V-146.13 E0.034106
G1 F X-43.01 Y5.82 Z3.63 U90.37 V-145.93 E0.034106
G1 F X-42.81 Y5.82 Z3.63 U90.38 V-145.73 E0.034106
G1 F X-42.62 Y5.82 Z3.62 U90.38 V-145.52 E0.034106
G1 F X-42.42 Y5.82 Z3.62 U90.39 V-145.32 E0.034106
G1 F X-42.22 Y5.82 Z3.62 U90.39 V-145.11 E0.034106
G1 F X-42.02 Y5.82 Z3.62 U90.4 V-144.89 E0.034106
G1 F X-41.82 Y5.82 Z3.61 U90.4 V-144.68 E0.034106
G1 F X-41.63 Y5.82 Z3.61 U90.41 V-144.46 E0.034106
G1 F X-41.43 Y5.82 Z3.61 U90.41 V-144.23 E0.034106
G1 F X-41.23 Y5.82 Z3.61 U90.42 V-144.01 E0.034106
G1 F X-41.03 Y5.82 Z3.6 U90.42 V-143.78 E0.034106
G1 F X-40.83 Y5.82 Z3.6 U90.43 V-143.55 E0.034106
G1 F X-40.64 Y5.82 Z3.6 U90.43 V-143.31 E0.034106
G1 F X-40.44 Y5.82 Z3.6 U90.44 V-143.08 E0.034106
G1 F X-40.24 Y5.82 Z3.59 U90.44 V-142.84 E0.034106
G1 F X-40.04 Y5.82 Z3.59 U90.45 V-142.59 E0.034106
G1 F X-39.85 Y5.82 Z3.59 U90.45 V-142.35 E0.034106
G1 F X-39.65 Y5.82 Z3.59 U90.46 V-142.1 E0.034106
G1 F X-39.45 Y5.82 Z3.59 U90.46 V-141.85 E0.034106
G1 F X-39.25 Y5.82 Z3.59 U90.47 V-141.6 E0.034106
G1 F X-39.06 Y5.82 Z3.58 U90.47 V-141.34 E0.034106
G1 F X-38.86 Y5.82 Z3.58 U90.48 V-141.08 E0.034106
G1 F X-38.66 Y5.82 Z3.58 U90.48 V-140.82 E0.034106
G1 F X-38.46 Y5.82 Z3.58 U90.49 V-140.56 E0.034106
G1 F X-38.27 Y5.82 Z3.58 U90.49 V-140.3 E0.034106
G1 F X-38.07 Y5.82 Z3.58 U90.5 V-140.03 E0.034106
G1 F X-37.87 Y5.82 Z3.57 U90.5 V-139.76 E0.034107
G1 F X-37.68 Y5.82 Z3.57 U90.51 V-139.49 E0.034106
G1 F X-37.48 Y5.82 Z3.57 U90.51 V-139.21 E0.034106
G1 F X-37.28 Y5.82 Z3.57 U90.52 V-138.94 E0.034106
G1 F X-37.08 Y5.82 Z3.57 U90.52 V-138.66 E0.034106
G1 F X-36.89 Y5.82 Z3.57 U90.53 V-138.38 E0.034106
G1 F X-36.69 Y5.82 Z3.57 U90.53 V-138.09 E0.034106
G1 F X-36.49 Y5.82 Z3.57 U90.53 V-137.81 E0.034106
G1 F X-36.3 Y5.82 Z3.57 U90.54 V-137.52 E0.034106
G1 F X-36.1 Y5.82 Z3.56 U90.54 V-137.23 E0.034106
G1 F X-35.9 Y5.82 Z3.56 U90.54 V-136.94 E0.034106
G1 F X-35.71 Y5.82 Z3.56 U90.55 V-136.65 E0.034106
G1 F X-35.51 Y5.82 Z3.56 U90.55 V-136.35 E0.034106
G1 F X-35.31 Y5.82 Z3.57 U90.55 V-136.06 E0.034106
G1 F X-35.12 Y5.82 Z3.57 U90.55 V-135.76 E0.034106
G1 F X-34.92 Y5.82 Z3.57 U90.55 V-135.46 E0.034106
G1 F X-34.72 Y5.82 Z3.57 U90.56 V-135.16 E0.034106
G1 F X-34.53 Y5.82 Z3.57 U90.56 V-134.86 E0.034106
G1 F X-34.33 Y5.82 Z3.57 U90.56 V-134.55 E0.034106
G1 F X-34.13 Y5.82 Z3.57 U90.56 V-134.24 E0.034106
G1 F X-33.94 Y5.82 Z3.57 U90.56 V-133.94 E0.034106
G1 F X-33.74 Y5.82 Z3.57 U90.57 V-133.63 E0.034106
G1 F X-33.54 Y5.82 Z3.57 U90.57 V-133.32 E0.034106
G1 F X-33.35 Y5.82 Z3.57 U90.57 V-133.01 E0.034106
G1 F X-33.15 Y5.82 Z3.57 U90.57 V-132.69 E0.034106
G1 F X-32.96 Y5.82 Z3.57 U90.57 V-132.38 E0.034106
G1 F X-32.76 Y5.82 Z3.57 U90.58 V-132.06 E0.034106
G1 F X-32.56 Y5.82 Z3.57 U90.58 V-131.75 E0.034106
G1 F X-32.37 Y5.82 Z3.57 U90.58 V-131.43 E0.034106
G1 F X-32.17 Y5.82 Z3.58 U90.58 V-131.11 E0.034106
G1 F X-31.98 Y5.82 Z3.58 U90.59 V-130.79 E0.034106
G1 F X-31.78 Y5.82 Z3.58 U90.59 V-130.47 E0.034106
G1 F X-31.58 Y5.82 Z3.58 U90.59 V-130.14 E0.034106
G1 F X-31.39 Y5.82 Z3.58 U90.6 V-129.82 E0.034106
G1 F X-31.19 Y5.82 Z3.58 U90.6 V-129.5 E0.034106
G1 F X-31 Y5.82 Z3.58 U90.6 V-129.17 E0.034106
G1 F X-30.8 Y5.82 Z3.58 U90.61 V-128.84 E0.034106
G1 F X-30.6 Y5.82 Z3.58 U90.61 V-128.52 E0.034106
G1 F X-30.41 Y5.82 Z3.58 U90.61 V-128.19 E0.034106
G1 F X-30.21 Y5.82 Z3.58 U90.61 V-127.86 E0.034106
G1 F X-30.02 Y5.82 Z3.58 U90.62 V-127.53 E0.034106
G1 F X-29.82 Y5.82 Z3.58 U90.62 V-127.2 E0.034106
G1 F X-29.62 Y5.82 Z3.58 U90.62 V-126.87 E0.034106
G1 F X-29.43 Y5.82 Z3.59 U90.62 V-126.53 E0.034106
G1 F X-29.23 Y5.82 Z3.59 U90.62 V-126.2 E0.034106
G1 F X-29.04 Y5.82 Z3.59 U90.62 V-125.87 E0.034106
G1 F X-28.84 Y5.82 Z3.59 U90.62 V-125.53 E0.034106
G1 F X-28.67 Y5.82 Z3.59 U90.62 V-125.24 E0.029643
G1 F X-28.67 Y5.84 Z3.59 U90.57 V-125.24 E0.004464
G1 F X-28.64 Y5.94 Z3.59 U90.23 V-125.22 E0.034106
G1 F X-28.62 Y6.04 Z3.59 U89.88 V-125.2 E0.034106
G1 F X-28.6 Y6.15 Z3.59 U89.54 V-125.18 E0.034106
G1 F X-28.59 Y6.19 Z3.59 U89.39 V-125.17 E0.01471
G1 F X-28.7 Y6.19 Z3.59 U89.39 V-125.36 E0.019396
G1 F X-28.9 Y6.19 Z3.59 U89.39 V-125.7 E0.034106
G1 F X-29.1 Y6.19 Z3.59 U89.39 V-126.03 E0.034106
G1 F X-29.29 Y6.19 Z3.59 U89.39 V-126.36 E0.034106
G1 F X-29.49 Y6.19 Z3.6 U89.39 V-126.69 E0.034106
G1 F X-29.68 Y6.19 Z3.6 U89.4 V-127.03 E0.034106
G1 F X-29.88 Y6.19 Z3.6 U89.4 V-127.36 E0.034106
G1 F X-30.08 Y6.19 Z3.6 U89.4 V-127.69 E0.034106
G1 F X-30.27 Y6.19 Z3.6 U89.4 V-128.02 E0.034106
G1 F X-30.47 Y6.19 Z3.6 U89.4 V-128.35 E0.034106
G1 F X-30.66 Y6.19 Z3.6 U89.4 V-128.67 E0.034106
G1 F X-30.86 Y6.19 Z3.6 U89.4 V-129 E0.034106
G1 F X-31.06 Y6.19 Z3.61 U89.4 V-129.33 E0.034106
G1 F X-31.25 Y6.19 Z3.61 U89.4 V-129.65 E0.034106
G1 F X-31.45 Y6.19 Z3.61 U89.4 V-129.98 E0.034106
G1 F X-31.65 Y6.19 Z3.61 U89.4 V-130.3 E0.034106
G1 F X-31.84 Y6.19 Z3.61 U89.4 V-130.62 E0.034106
G1 F X-32.04 Y6.19 Z3.62 U89.4 V-130.94 E0.034106
G1 F X-32.23 Y6.19 Z3.62 U89.41 V-131.26 E0.034106
G1 F X-32.43 Y6.19 Z3.62 U89.41 V-131.58 E0.034106
G1 F X-32.63 Y6.19 Z3.62 U89.41 V-131.9 E0.034106
G1 F X-32.82 Y6.19 Z3.62 U89.41 V-132.22 E0.034106
G1 F X-33.02 Y6.19 Z3.62 U89.41 V-132.53 E0.034106
G1 F X-33.22 Y6.19 Z3.62 U89.42 V-132.85 E0.034106
G1 F X-33.41 Y6.19 Z3.62 U89.42 V-133.16 E0.034106
G1 F X-33.61 Y6.19 Z3.62 U89.42 V-133.47 E0.034106
G1 F X-33.81 Y6.19 Z3.62 U89.43 V-133.78 E0.034106
G1 F X-34 Y6.19 Z3.62 U89.43 V-134.09 E0.034106
G1 F X-34.2 Y6.19 Z3.62 U89.43 V-134.4 E0.034106
G1 F X-34.4 Y6.19 Z3.62 U89.44 V-134.7 E0.034106
G1 F X-34.59 Y6.19 Z3.62 U89.44 V-135.01 E0.034106
G1 F X-34.79 Y6.19 Z3.62 U89.44 V-135.31 E0.034106
G1 F X-34.99 Y6.19 Z3.62 U89.45 V-135.61 E0.034106
G1 F X-35.18 Y6.19 Z3.62 U89.45 V-135.91 E0.034106
G1 F X-35.38 Y6.19 Z3.62 U89.46 V-136.21 E0.034106
G1 F X-35.58 Y6.19 Z3.62 U89.46 V-136.5 E0.034106
G1 F X-35.78 Y6.19 Z3.62 U89.46 V-136.8 E0.034106
G1 F X-35.97 Y6.19 Z3.62 U89.47 V-137.09 E0.034106
G1 F X-36.17 Y6.19 Z3.61 U89.47 V-137.38 E0.034106
G1 F X-36.37 Y6.19 Z3.61 U89.48 V-137.67 E0.034106
G1 F X-36.56 Y6.19 Z3.61 U89.48 V-137.95 E0.034106
G1 F X-36.76 Y6.19 Z3.61 U89.48 V-138.24 E0.034106
G1 F X-36.96 Y6.19 Z3.61 U89.49 V-138.52 E0.034106
G1 F X-37.16 Y6.19 Z3.61 U89.49 V-138.8 E0.034106
G1 F X-37.35 Y6.19 Z3.61 U89.49 V-139.08 E0.034106
G1 F X-37.55 Y6.19 Z3.61 U89.5 V-139.35 E0.034106
G1 F X-37.75 Y6.19 Z3.61 U89.5 V-139.63 E0.034106
G1 F X-37.95 Y6.19 Z3.61 U89.5 V-139.9 E0.034106
G1 F X-38.14 Y6.19 Z3.61 U89.51 V-140.17 E0.034106
G1 F X-38.34 Y6.19 Z3.61 U89.51 V-140.43 E0.034106
G1 F X-38.54 Y6.19 Z3.61 U89.51 V-140.7 E0.034106
G1 F X-38.74 Y6.19 Z3.61 U89.52 V-140.96 E0.034106
G1 F X-38.94 Y6.19 Z3.61 U89.52 V-141.22 E0.034106
G1 F X-39.13 Y6.19 Z3.6 U89.53 V-141.48 E0.034106
G1 F X-39.33 Y6.19 Z3.6 U89.53 V-141.73 E0.034106
G1 F X-39.53 Y6.19 Z3.6 U89.54 V-141.98 E0.034106
G1 F X-39.73 Y6.19 Z3.6 U89.54 V-142.23 E0.034106
G1 F X-39.93 Y6.2 Z3.6 U89.55 V-142.48 E0.034106
G1 F X-40.12 Y6.2 Z3.59 U89.55 V-142.72 E0.034106
G1 F X-40.32 Y6.2 Z3.59 U89.56 V-142.97 E0.034106
G1 F X-40.52 Y6.2 Z3.59 U89.56 V-143.2 E0.034106
G1 F X-40.72 Y6.2 Z3.59 U89.57 V-143.44 E0.034106
G1 F X-40.92 Y6.2 Z3.59 U89.57 V-143.67 E0.034106
G1 F X-41.12 Y6.2 Z3.58 U89.58 V-143.9 E0.034106
G1 F X-41.31 Y6.2 Z3.58 U89.58 V-144.13 E0.034106
G1 F X-41.51 Y6.2 Z3.58 U89.59 V-144.36 E0.034106
G1 F X-41.71 Y6.2 Z3.57 U89.59 V-144.58 E0.034106
G1 F X-41.91 Y6.2 Z3.57 U89.6 V-144.8 E0.034106
G1 F X-42.11 Y6.2 Z3.57 U89.61 V-145.01 E0.034106
G1 F X-42.31 Y6.2 Z3.56 U89.61 V-145.22 E0.034106
G1 F X-42.51 Y6.2 Z3.56 U89.62 V-145.43 E0.034106
G1 F X-42.7 Y6.2 Z3.56 U89.62 V-145.64 E0.034106
G1 F X-42.9 Y6.2 Z3.55 U89.63 V-145.84 E0.034106
G1 F X-43.1 Y6.2 Z3.55 U89.64 V-146.04 E0.034106
G1 F X-43.3 Y6.2 Z3.55 U89.64 V-146.24 E0.034106
G1 F X-43.5 Y6.2 Z3.54 U89.65 V-146.43 E0.034106
G1 F X-43.7 Y6.2 Z3.54 U89.66 V-146.62 E0.034106
G1 F X-43.9 Y6.2 Z3.54 U89.66 V-146.8 E0.034106
G1 F X-44.1 Y6.2 Z3.53 U89.67 V-146.98 E0.034106
G1 F X-44.3 Y6.2 Z3.53 U89.68 V-147.16 E0.034106
G1 F X-44.5 Y6.2 Z3.52 U89.68 V-147.34 E0.034106
G1 F X-44.7 Y6.2 Z3.52 U89.69 V-147.51 E0.034106
G1 F X-44.9 Y6.2 Z3.52 U89.7 V-147.68 E0.034106
G1 F X-45.1 Y6.2 Z3.51 U89.7 V-147.84 E0.034106
G1 F X-45.3 Y6.2 Z3.51 U89.71 V-148 E0.034106
G1 F X-45.49 Y6.2 Z3.5 U89.72 V-148.16 E0.034106
G1 F X-45.69 Y6.2 Z3.5 U89.72 V-148.31 E0.034106
G1 F X-45.89 Y6.2 Z3.49 U89.73 V-148.46 E0.034106
G1 F X-46.09 Y6.2 Z3.49 U89.74 V-148.6 E0.034106
G1 F X-46.29 Y6.2 Z3.48 U89.74 V-148.74 E0.034106
G1 F X-46.49 Y6.2 Z3.48 U89.75 V-148.88 E0.034106
G1 F X-46.69 Y6.2 Z3.47 U89.76 V-149.01 E0.034106
G1 F X-46.89 Y6.2 Z3.47 U89.76 V-149.14 E0.034106
G1 F X-47.09 Y6.2 Z3.46 U89.77 V-149.26 E0.034106
G1 F X-47.29 Y6.2 Z3.46 U89.78 V-149.38 E0.034107
G1 F X-47.36 Y6.2 Z3.46 U89.78 V-149.42 E0.010852
G1 F X-47.36 Y6.13 Z3.51 U89.86 V-149.42 E0.023254
G1 F X-47.37 Y6.02 Z3.58 U89.98 V-149.42 E0.034106
G1 F X-47.38 Y5.92 Z3.66 U90.09 V-149.43 E0.034106
G1 F X-47.38 Y5.82 Z3.74 U90.21 V-149.43 E0.034106
G1 F X-47.38 Y5.99 Z3.84 U90.21 V-149.43 E0
G1 F X-47.62 Y5.77 Z4.01 U90.44 V-149.56 E0
G1 F300 E-1.00 ;Filament Retraction!!
G1 F X-47.62 Y5.6 Z3.91 U90.44 V-149.56 E0
G1 F X-47.42 Y5.6 Z3.9 U90.45 V-149.45 E0.034109
G1 F300 E1.1;Filament (De)-Retraction!!
G1 F X-47.22 Y5.6 Z3.88 U90.47 V-149.33 E0.034109
G1 F X-47.03 Y5.6 Z3.87 U90.49 V-149.21 E0.034109
G1 F X-46.83 Y5.6 Z3.86 U90.5 V-149.08 E0.034109
G1 F X-46.63 Y5.6 Z3.85 U90.52 V-148.95 E0.034109
G1 F X-46.43 Y5.6 Z3.84 U90.54 V-148.82 E0.034109
G1 F X-46.23 Y5.6 Z3.82 U90.55 V-148.68 E0.034109
G1 F X-46.03 Y5.6 Z3.81 U90.57 V-148.54 E0.034109
G1 F X-45.84 Y5.6 Z3.8 U90.59 V-148.39 E0.034109
G1 F X-45.64 Y5.6 Z3.79 U90.6 V-148.24 E0.034109
G1 F X-45.44 Y5.6 Z3.78 U90.62 V-148.09 E0.034109
G1 F X-45.24 Y5.6 Z3.77 U90.64 V-147.93 E0.034109
G1 F X-45.04 Y5.6 Z3.76 U90.65 V-147.77 E0.034109
G1 F X-44.85 Y5.6 Z3.75 U90.67 V-147.61 E0.034109
G1 F X-44.65 Y5.6 Z3.74 U90.68 V-147.44 E0.034109
G1 F X-44.45 Y5.6 Z3.73 U90.7 V-147.27 E0.034109
G1 F X-44.25 Y5.6 Z3.72 U90.71 V-147.09 E0.034109
G1 F X-44.05 Y5.6 Z3.72 U90.72 V-146.91 E0.034109
G1 F X-43.86 Y5.6 Z3.71 U90.74 V-146.73 E0.034109
G1 F X-43.66 Y5.6 Z3.7 U90.75 V-146.54 E0.034109
G1 F X-43.46 Y5.6 Z3.69 U90.77 V-146.35 E0.034109
G1 F X-43.26 Y5.6 Z3.68 U90.78 V-146.16 E0.034109
G1 F X-43.06 Y5.6 Z3.68 U90.79 V-145.96 E0.034109
G1 F X-42.87 Y5.6 Z3.67 U90.81 V-145.76 E0.034109
G1 F X-42.67 Y5.6 Z3.66 U90.82 V-145.56 E0.034109
G1 F X-42.47 Y5.6 Z3.66 U90.83 V-145.36 E0.034109
G1 F X-42.27 Y5.6 Z3.65 U90.85 V-145.15 E0.034109
G1 F X-42.08 Y5.6 Z3.64 U90.86 V-144.93 E0.034109
G1 F X-41.88 Y5.6 Z3.64 U90.87 V-144.72 E0.034109
G1 F X-41.68 Y5.6 Z3.63 U90.88 V-144.5 E0.034109
G1 F X-41.48 Y5.6 Z3.63 U90.89 V-144.28 E0.034109
G1 F X-41.29 Y5.6 Z3.62 U90.91 V-144.05 E0.034109
G1 F X-41.09 Y5.6 Z3.62 U90.92 V-143.82 E0.034109
G1 F X-40.89 Y5.6 Z3.61 U90.93 V-143.59 E0.034109
G1 F X-40.69 Y5.6 Z3.61 U90.94 V-143.36 E0.034109
G1 F X-40.5 Y5.6 Z3.6 U90.95 V-143.12 E0.034109
G1 F X-40.3 Y5.6 Z3.6 U90.96 V-142.88 E0.034109
G1 F X-40.1 Y5.6 Z3.59 U90.97 V-142.64 E0.034109
G1 F X-39.9 Y5.6 Z3.59 U90.98 V-142.4 E0.034109
G1 F X-39.71 Y5.6 Z3.58 U91 V-142.15 E0.034109
G1 F X-39.51 Y5.6 Z3.58 U91.01 V-141.9 E0.034109
G1 F X-39.31 Y5.6 Z3.58 U91.02 V-141.65 E0.034109
G1 F X-39.12 Y5.6 Z3.57 U91.03 V-141.4 E0.034109
G1 F X-38.92 Y5.6 Z3.57 U91.04 V-141.14 E0.034109
G1 F X-38.72 Y5.6 Z3.57 U91.05 V-140.88 E0.034109
G1 F X-38.53 Y5.6 Z3.56 U91.06 V-140.62 E0.034109
G1 F X-38.33 Y5.6 Z3.56 U91.07 V-140.35 E0.034109
G1 F X-38.13 Y5.6 Z3.56 U91.08 V-140.08 E0.034109
G1 F X-37.94 Y5.6 Z3.55 U91.09 V-139.82 E0.034109
G1 F X-37.74 Y5.6 Z3.55 U91.1 V-139.54 E0.034109
G1 F X-37.54 Y5.6 Z3.55 U91.11 V-139.27 E0.034109
G1 F X-37.35 Y5.6 Z3.54 U91.12 V-138.99 E0.034109
G1 F X-37.15 Y5.6 Z3.54 U91.13 V-138.72 E0.034109
G1 F X-36.95 Y5.6 Z3.54 U91.14 V-138.44 E0.034109
G1 F X-36.76 Y5.6 Z3.54 U91.15 V-138.15 E0.034109
G1 F X-36.56 Y5.6 Z3.54 U91.16 V-137.87 E0.034109
G1 F X-36.36 Y5.6 Z3.54 U91.16 V-137.58 E0.034109
G1 F X-36.17 Y5.6 Z3.53 U91.17 V-137.3 E0.034109
G1 F X-35.97 Y5.6 Z3.53 U91.18 V-137.01 E0.034109
G1 F X-35.77 Y5.6 Z3.53 U91.19 V-136.71 E0.034109
G1 F X-35.58 Y5.6 Z3.53 U91.19 V-136.42 E0.034109
G1 F X-35.38 Y5.6 Z3.53 U91.2 V-136.12 E0.034109
G1 F X-35.18 Y5.6 Z3.53 U91.21 V-135.83 E0.034109
G1 F X-34.99 Y5.6 Z3.53 U91.21 V-135.53 E0.034108
G1 F X-34.79 Y5.6 Z3.53 U91.22 V-135.23 E0.034109
G1 F X-34.6 Y5.6 Z3.54 U91.22 V-134.92 E0.034109
G1 F X-34.4 Y5.6 Z3.54 U91.23 V-134.62 E0.034109
G1 F X-34.2 Y5.6 Z3.54 U91.24 V-134.31 E0.034109
G1 F X-34.01 Y5.6 Z3.54 U91.24 V-134.01 E0.034109
G1 F X-33.81 Y5.6 Z3.54 U91.25 V-133.7 E0.034109
G1 F X-33.61 Y5.6 Z3.54 U91.25 V-133.39 E0.034109
G1 F X-33.42 Y5.6 Z3.54 U91.26 V-133.08 E0.034109
G1 F X-33.22 Y5.6 Z3.54 U91.26 V-132.77 E0.034109
G1 F X-33.03 Y5.6 Z3.54 U91.27 V-132.45 E0.034109
G1 F X-32.83 Y5.6 Z3.55 U91.27 V-132.14 E0.034109
G1 F X-32.63 Y5.6 Z3.55 U91.28 V-131.82 E0.034109
G1 F X-32.44 Y5.6 Z3.55 U91.28 V-131.5 E0.034109
G1 F X-32.24 Y5.6 Z3.55 U91.29 V-131.18 E0.034109
G1 F X-32.05 Y5.6 Z3.55 U91.29 V-130.86 E0.034109
G1 F X-31.85 Y5.6 Z3.55 U91.3 V-130.54 E0.034109
G1 F X-31.66 Y5.6 Z3.55 U91.31 V-130.22 E0.034109
G1 F X-31.46 Y5.6 Z3.56 U91.31 V-129.9 E0.034109
G1 F X-31.26 Y5.6 Z3.56 U91.32 V-129.57 E0.034109
G1 F X-31.07 Y5.6 Z3.56 U91.32 V-129.25 E0.034109
G1 F X-30.87 Y5.6 Z3.56 U91.33 V-128.92 E0.034109
G1 F X-30.68 Y5.6 Z3.56 U91.33 V-128.6 E0.034109
G1 F X-30.48 Y5.6 Z3.56 U91.34 V-128.27 E0.034109
G1 F X-30.29 Y5.6 Z3.57 U91.34 V-127.94 E0.034109
G1 F X-30.09 Y5.6 Z3.57 U91.35 V-127.61 E0.034109
G1 F X-29.89 Y5.6 Z3.57 U91.35 V-127.28 E0.034109
G1 F X-29.7 Y5.6 Z3.58 U91.35 V-126.95 E0.034109
G1 F X-29.5 Y5.6 Z3.58 U91.35 V-126.62 E0.034109
G1 F X-29.31 Y5.6 Z3.58 U91.36 V-126.28 E0.034109
G1 F X-29.11 Y5.6 Z3.59 U91.36 V-125.95 E0.034109
G1 F X-28.92 Y5.6 Z3.59 U91.36 V-125.62 E0.034109
G1 F X-28.72 Y5.6 Z3.59 U91.36 V-125.28 E0.034109
G1 F X-28.52 Y5.6 Z3.6 U91.36 V-124.95 E0.034109
G1 F X-28.33 Y5.6 Z3.6 U91.36 V-124.61 E0.034109
G1 F X-28.3 Y5.6 Z3.6 U91.36 V-124.57 E0.004351
G1 F X-28.28 Y5.69 Z3.6 U91.06 V-124.55 E0.029758
G1 F X-28.26 Y5.79 Z3.6 U90.71 V-124.53 E0.034109
G1 F X-28.23 Y5.9 Z3.6 U90.37 V-124.51 E0.034109
G1 F X-28.21 Y6 Z3.59 U90.02 V-124.49 E0.034109
G1 F X-28.19 Y6.11 Z3.59 U89.67 V-124.47 E0.034109
G1 F X-28.17 Y6.21 Z3.59 U89.32 V-124.45 E0.034109
G1 F X-28.15 Y6.31 Z3.58 U88.98 V-124.43 E0.034109
G1 F X-28.13 Y6.42 Z3.58 U88.64 V-124.41 E0.033308
G1 F X-28.33 Y6.42 Z3.58 U88.64 V-124.75 E0.03491
G1 F X-28.53 Y6.42 Z3.59 U88.64 V-125.09 E0.034109
G1 F X-28.73 Y6.42 Z3.59 U88.65 V-125.42 E0.034109
G1 F X-28.92 Y6.42 Z3.59 U88.65 V-125.76 E0.034109
G1 F X-29.12 Y6.42 Z3.6 U88.65 V-126.09 E0.034109
G1 F X-29.31 Y6.42 Z3.6 U88.66 V-126.42 E0.034109
G1 F X-29.51 Y6.42 Z3.6 U88.66 V-126.75 E0.034109
G1 F X-29.71 Y6.42 Z3.6 U88.66 V-127.09 E0.034109
G1 F X-29.9 Y6.42 Z3.61 U88.67 V-127.42 E0.034109
G1 F X-30.1 Y6.42 Z3.61 U88.67 V-127.75 E0.034109
G1 F X-30.29 Y6.42 Z3.61 U88.67 V-128.08 E0.034109
G1 F X-30.49 Y6.42 Z3.62 U88.67 V-128.41 E0.034109
G1 F X-30.69 Y6.42 Z3.62 U88.68 V-128.73 E0.034109
G1 F X-30.88 Y6.42 Z3.62 U88.68 V-129.06 E0.034109
G1 F X-31.08 Y6.42 Z3.63 U88.68 V-129.39 E0.034109
G1 F X-31.27 Y6.42 Z3.63 U88.68 V-129.71 E0.034109
G1 F X-31.47 Y6.42 Z3.63 U88.69 V-130.04 E0.034109
G1 F X-31.67 Y6.41 Z3.63 U88.69 V-130.36 E0.034109
G1 F X-31.86 Y6.41 Z3.64 U88.69 V-130.68 E0.034109
G1 F X-32.06 Y6.41 Z3.64 U88.7 V-131 E0.034109
G1 F X-32.26 Y6.41 Z3.64 U88.7 V-131.32 E0.034109
G1 F X-32.45 Y6.41 Z3.64 U88.71 V-131.64 E0.034109
G1 F X-32.65 Y6.41 Z3.65 U88.71 V-131.96 E0.034109
G1 F X-32.85 Y6.41 Z3.65 U88.72 V-132.28 E0.034109
G1 F X-33.04 Y6.41 Z3.65 U88.72 V-132.59 E0.034109
G1 F X-33.24 Y6.41 Z3.65 U88.73 V-132.9 E0.034109
G1 F X-33.44 Y6.41 Z3.65 U88.73 V-133.22 E0.034109
G1 F X-33.63 Y6.41 Z3.65 U88.74 V-133.53 E0.034109
G1 F X-33.83 Y6.41 Z3.65 U88.75 V-133.84 E0.034109
G1 F X-34.03 Y6.41 Z3.65 U88.75 V-134.15 E0.034109
G1 F X-34.22 Y6.41 Z3.65 U88.76 V-134.45 E0.034109
G1 F X-34.42 Y6.41 Z3.65 U88.77 V-134.76 E0.034109
G1 F X-34.62 Y6.41 Z3.65 U88.78 V-135.06 E0.034109
G1 F X-34.82 Y6.41 Z3.65 U88.78 V-135.37 E0.034109
G1 F X-35.01 Y6.41 Z3.65 U88.79 V-135.67 E0.034109
G1 F X-35.21 Y6.41 Z3.65 U88.8 V-135.97 E0.034109
G1 F X-35.41 Y6.41 Z3.65 U88.81 V-136.26 E0.034109
G1 F X-35.6 Y6.41 Z3.65 U88.82 V-136.56 E0.034109
G1 F X-35.8 Y6.41 Z3.65 U88.82 V-136.85 E0.034109
G1 F X-36 Y6.41 Z3.64 U88.83 V-137.14 E0.034109
G1 F X-36.2 Y6.41 Z3.64 U88.84 V-137.43 E0.034109
G1 F X-36.39 Y6.41 Z3.64 U88.85 V-137.72 E0.034109
G1 F X-36.59 Y6.41 Z3.64 U88.86 V-138.01 E0.034109
G1 F X-36.79 Y6.41 Z3.64 U88.87 V-138.29 E0.034109
G1 F X-36.99 Y6.41 Z3.64 U88.88 V-138.57 E0.034109
G1 F X-37.18 Y6.41 Z3.64 U88.88 V-138.85 E0.034109
G1 F X-37.38 Y6.41 Z3.64 U88.89 V-139.13 E0.034109
G1 F X-37.58 Y6.41 Z3.63 U88.9 V-139.41 E0.034109
G1 F X-37.78 Y6.41 Z3.63 U88.91 V-139.68 E0.034109
G1 F X-37.98 Y6.41 Z3.63 U88.92 V-139.95 E0.034109
G1 F X-38.17 Y6.41 Z3.63 U88.93 V-140.22 E0.034109
G1 F X-38.37 Y6.41 Z3.63 U88.94 V-140.49 E0.034109
G1 F X-38.57 Y6.41 Z3.62 U88.94 V-140.75 E0.034109
G1 F X-38.77 Y6.41 Z3.62 U88.95 V-141.01 E0.034109
G1 F X-38.97 Y6.41 Z3.62 U88.96 V-141.27 E0.034109
G1 F X-39.16 Y6.41 Z3.61 U88.97 V-141.53 E0.034109
G1 F X-39.36 Y6.41 Z3.61 U88.98 V-141.78 E0.034109
G1 F X-39.56 Y6.41 Z3.61 U89 V-142.04 E0.034109
G1 F X-39.76 Y6.41 Z3.6 U89.01 V-142.29 E0.034109
G1 F X-39.96 Y6.41 Z3.6 U89.02 V-142.53 E0.034109
G1 F X-40.16 Y6.41 Z3.59 U89.03 V-142.78 E0.034109
G1 F X-40.35 Y6.41 Z3.59 U89.04 V-143.02 E0.034109
G1 F X-40.55 Y6.41 Z3.58 U89.05 V-143.26 E0.034109
G1 F X-40.75 Y6.41 Z3.58 U89.06 V-143.49 E0.034109
G1 F X-40.95 Y6.41 Z3.57 U89.08 V-143.72 E0.034109
G1 F X-41.15 Y6.41 Z3.57 U89.09 V-143.95 E0.034109
G1 F X-41.35 Y6.41 Z3.56 U89.1 V-144.18 E0.034109
G1 F X-41.55 Y6.41 Z3.56 U89.11 V-144.41 E0.034109
G1 F X-41.75 Y6.41 Z3.55 U89.13 V-144.63 E0.034109
G1 F X-41.95 Y6.41 Z3.54 U89.14 V-144.84 E0.034109
G1 F X-42.15 Y6.41 Z3.54 U89.15 V-145.06 E0.034109
G1 F X-42.34 Y6.41 Z3.53 U89.16 V-145.27 E0.034109
G1 F X-42.54 Y6.41 Z3.52 U89.18 V-145.48 E0.034109
G1 F X-42.74 Y6.41 Z3.52 U89.19 V-145.69 E0.034109
G1 F X-42.94 Y6.41 Z3.51 U89.2 V-145.89 E0.034109
G1 F X-43.14 Y6.41 Z3.5 U89.22 V-146.09 E0.034109
G1 F X-43.34 Y6.41 Z3.49 U89.23 V-146.28 E0.034109
G1 F X-43.54 Y6.41 Z3.49 U89.25 V-146.47 E0.034109
G1 F X-43.74 Y6.41 Z3.48 U89.26 V-146.66 E0.034109
G1 F X-43.94 Y6.41 Z3.47 U89.28 V-146.85 E0.034109
G1 F X-44.14 Y6.41 Z3.46 U89.29 V-147.03 E0.034109
G1 F X-44.34 Y6.41 Z3.45 U89.3 V-147.21 E0.034109
G1 F X-44.54 Y6.41 Z3.44 U89.32 V-147.38 E0.034109
G1 F X-44.74 Y6.41 Z3.43 U89.33 V-147.55 E0.034109
G1 F X-44.94 Y6.41 Z3.43 U89.35 V-147.72 E0.034109
G1 F X-45.14 Y6.41 Z3.42 U89.36 V-147.88 E0.034109
G1 F X-45.34 Y6.41 Z3.41 U89.38 V-148.04 E0.034109
G1 F X-45.54 Y6.41 Z3.4 U89.39 V-148.2 E0.034109
G1 F X-45.74 Y6.41 Z3.39 U89.41 V-148.35 E0.034109
G1 F X-45.94 Y6.41 Z3.38 U89.42 V-148.49 E0.034109
G1 F X-46.14 Y6.41 Z3.37 U89.44 V-148.64 E0.034109
G1 F X-46.34 Y6.41 Z3.36 U89.45 V-148.78 E0.034109
G1 F X-46.54 Y6.41 Z3.34 U89.47 V-148.91 E0.034109
G1 F X-46.74 Y6.41 Z3.33 U89.49 V-149.04 E0.034109
G1 F X-46.94 Y6.41 Z3.32 U89.5 V-149.17 E0.034109
G1 F X-47.14 Y6.41 Z3.31 U89.52 V-149.29 E0.034109
G1 F X-47.34 Y6.41 Z3.3 U89.54 V-149.41 E0.034109
G1 F X-47.54 Y6.41 Z3.29 U89.55 V-149.53 E0.034109
G1 F X-47.74 Y6.41 Z3.27 U89.57 V-149.64 E0.034109
G1 F X-47.77 Y6.41 Z3.27 U89.57 V-149.65 E0.003758
G1 F X-47.77 Y6.32 Z3.34 U89.67 V-149.65 E0.030351
G1 F X-47.78 Y6.22 Z3.43 U89.78 V-149.65 E0.034109
G1 F X-47.78 Y6.12 Z3.51 U89.88 V-149.66 E0.034109
G1 F X-47.79 Y6.01 Z3.59 U89.99 V-149.66 E0.034109
G1 F X-47.8 Y5.91 Z3.67 U90.1 V-149.66 E0.034109
G1 F X-47.8 Y5.81 Z3.76 U90.21 V-149.66 E0.034109
G1 F X-47.81 Y5.7 Z3.84 U90.31 V-149.66 E0.034109
G1 F X-47.82 Y5.6 Z3.92 U90.42 V-149.67 E0.034109
G1 F X-47.82 Y5.77 Z4.02 U90.42 V-149.67 E0
G1 F X-47.19 Y7.71 Z4.86 U90.22 V-149.32 E0
G1 F300 E-1.00 ;Filament Retraction!!
G1 F X-47.19 Y7.53 Z4.76 U90.22 V-149.32 E0
G1 F X-46.99 Y7.53 Z4.75 U90.23 V-149.19 E0.03402
G1 F300 E1.1;Filament (De)-Retraction!!
G1 F X-46.79 Y7.53 Z4.74 U90.23 V-149.07 E0.03402
G1 F X-46.6 Y7.53 Z4.74 U90.24 V-148.94 E0.03402
G1 F X-46.4 Y7.53 Z4.73 U90.25 V-148.81 E0.03402
G1 F X-46.2 Y7.53 Z4.73 U90.26 V-148.67 E0.03402
G1 F X-46 Y7.53 Z4.72 U90.27 V-148.53 E0.03402
G1 F X-45.8 Y7.53 Z4.72 U90.27 V-148.38 E0.03402
G1 F X-45.61 Y7.54 Z4.71 U90.28 V-148.23 E0.03402
G1 F X-45.41 Y7.54 Z4.71 U90.29 V-148.08 E0.03402
G1 F X-45.21 Y7.54 Z4.7 U90.3 V-147.92 E0.03402
G1 F X-45.01 Y7.54 Z4.7 U90.3 V-147.76 E0.03402
G1 F X-44.82 Y7.54 Z4.69 U90.31 V-147.6 E0.03402
G1 F X-44.62 Y7.54 Z4.69 U90.32 V-147.43 E0.03402
G1 F X-44.42 Y7.54 Z4.68 U90.32 V-147.26 E0.03402
G1 F X-44.23 Y7.54 Z4.68 U90.33 V-147.09 E0.03402
G1 F X-44.03 Y7.54 Z4.68 U90.34 V-146.91 E0.03402
G1 F X-43.83 Y7.54 Z4.67 U90.34 V-146.73 E0.03402
G1 F X-43.63 Y7.54 Z4.67 U90.35 V-146.54 E0.03402
G1 F X-43.44 Y7.54 Z4.66 U90.36 V-146.35 E0.03402
G1 F X-43.24 Y7.54 Z4.66 U90.36 V-146.16 E0.03402
G1 F X-43.04 Y7.54 Z4.66 U90.37 V-145.97 E0.03402
G1 F X-42.85 Y7.54 Z4.65 U90.37 V-145.77 E0.03402
G1 F X-42.65 Y7.54 Z4.65 U90.38 V-145.57 E0.03402
G1 F X-42.45 Y7.54 Z4.65 U90.39 V-145.36 E0.03402
G1 F X-42.26 Y7.54 Z4.65 U90.39 V-145.15 E0.03402
G1 F X-42.06 Y7.54 Z4.64 U90.4 V-144.94 E0.03402
G1 F X-41.86 Y7.54 Z4.64 U90.4 V-144.73 E0.03402
G1 F X-41.67 Y7.54 Z4.64 U90.41 V-144.51 E0.03402
G1 F X-41.47 Y7.54 Z4.64 U90.41 V-144.29 E0.034019
G1 F X-41.28 Y7.54 Z4.63 U90.42 V-144.07 E0.034019
G1 F X-41.08 Y7.54 Z4.63 U90.42 V-143.84 E0.034019
G1 F X-40.88 Y7.54 Z4.63 U90.43 V-143.62 E0.034019
G1 F X-40.69 Y7.54 Z4.63 U90.43 V-143.38 E0.03402
G1 F X-40.49 Y7.54 Z4.62 U90.44 V-143.15 E0.03402
G1 F X-40.3 Y7.54 Z4.62 U90.44 V-142.91 E0.03402
G1 F X-40.1 Y7.54 Z4.62 U90.45 V-142.67 E0.03402
G1 F X-39.9 Y7.54 Z4.62 U90.45 V-142.43 E0.03402
G1 F X-39.71 Y7.54 Z4.62 U90.46 V-142.19 E0.03402
G1 F X-39.51 Y7.54 Z4.61 U90.46 V-141.94 E0.03402
G1 F X-39.32 Y7.54 Z4.61 U90.47 V-141.69 E0.03402
G1 F X-39.12 Y7.54 Z4.61 U90.47 V-141.44 E0.03402
G1 F X-38.93 Y7.54 Z4.61 U90.47 V-141.19 E0.03402
G1 F X-38.73 Y7.54 Z4.61 U90.48 V-140.93 E0.03402
G1 F X-38.54 Y7.54 Z4.61 U90.48 V-140.67 E0.03402
G1 F X-38.34 Y7.54 Z4.6 U90.49 V-140.41 E0.03402
G1 F X-38.15 Y7.54 Z4.6 U90.49 V-140.15 E0.03402
G1 F X-37.95 Y7.54 Z4.6 U90.5 V-139.88 E0.03402
G1 F X-37.76 Y7.54 Z4.6 U90.5 V-139.61 E0.03402
G1 F X-37.56 Y7.54 Z4.6 U90.51 V-139.34 E0.03402
G1 F X-37.37 Y7.54 Z4.6 U90.51 V-139.07 E0.034019
G1 F X-37.17 Y7.54 Z4.6 U90.52 V-138.8 E0.03402
G1 F X-36.98 Y7.54 Z4.59 U90.52 V-138.52 E0.03402
G1 F X-36.79 Y7.54 Z4.59 U90.53 V-138.24 E0.03402
G1 F X-36.59 Y7.54 Z4.59 U90.53 V-137.96 E0.03402
G1 F X-36.4 Y7.54 Z4.59 U90.53 V-137.68 E0.03402
G1 F X-36.2 Y7.54 Z4.59 U90.54 V-137.39 E0.03402
G1 F X-36.01 Y7.54 Z4.59 U90.54 V-137.11 E0.03402
G1 F X-35.81 Y7.54 Z4.59 U90.54 V-136.82 E0.03402
G1 F X-35.62 Y7.54 Z4.59 U90.54 V-136.53 E0.03402
G1 F X-35.43 Y7.54 Z4.59 U90.55 V-136.24 E0.03402
G1 F X-35.23 Y7.54 Z4.59 U90.55 V-135.95 E0.03402
G1 F X-35.04 Y7.54 Z4.59 U90.55 V-135.65 E0.034019
G1 F X-34.84 Y7.54 Z4.59 U90.55 V-135.36 E0.03402
G1 F X-34.65 Y7.54 Z4.59 U90.56 V-135.06 E0.03402
G1 F X-34.46 Y7.54 Z4.59 U90.56 V-134.76 E0.03402
G1 F X-34.26 Y7.54 Z4.59 U90.56 V-134.46 E0.03402
G1 F X-34.07 Y7.54 Z4.6 U90.56 V-134.16 E0.03402
G1 F X-33.87 Y7.54 Z4.6 U90.56 V-133.85 E0.03402
G1 F X-33.68 Y7.54 Z4.6 U90.56 V-133.55 E0.03402
G1 F X-33.49 Y7.54 Z4.6 U90.57 V-133.24 E0.03402
G1 F X-33.29 Y7.54 Z4.6 U90.57 V-132.93 E0.03402
G1 F X-33.1 Y7.54 Z4.6 U90.57 V-132.62 E0.03402
G1 F X-32.91 Y7.54 Z4.6 U90.57 V-132.31 E0.03402
G1 F X-32.71 Y7.54 Z4.6 U90.57 V-132 E0.03402
G1 F X-32.52 Y7.54 Z4.6 U90.58 V-131.69 E0.03402
G1 F X-32.33 Y7.54 Z4.6 U90.58 V-131.38 E0.03402
G1 F X-32.13 Y7.54 Z4.6 U90.58 V-131.06 E0.03402
G1 F X-31.94 Y7.54 Z4.6 U90.59 V-130.75 E0.03402
G1 F X-31.75 Y7.54 Z4.6 U90.59 V-130.43 E0.03402
G1 F X-31.55 Y7.54 Z4.6 U90.59 V-130.11 E0.03402
G1 F X-31.36 Y7.54 Z4.6 U90.59 V-129.79 E0.03402
G1 F X-31.17 Y7.54 Z4.6 U90.6 V-129.47 E0.03402
G1 F X-30.98 Y7.54 Z4.6 U90.6 V-129.15 E0.03402
G1 F X-30.78 Y7.54 Z4.6 U90.6 V-128.83 E0.03402
G1 F X-30.59 Y7.54 Z4.6 U90.61 V-128.51 E0.03402
G1 F X-30.4 Y7.54 Z4.61 U90.61 V-128.19 E0.03402
G1 F X-30.2 Y7.54 Z4.61 U90.61 V-127.86 E0.03402
G1 F X-30.01 Y7.54 Z4.61 U90.61 V-127.54 E0.03402
G1 F X-29.82 Y7.54 Z4.61 U90.61 V-127.21 E0.03402
G1 F X-29.63 Y7.54 Z4.61 U90.61 V-126.89 E0.03402
G1 F X-29.43 Y7.54 Z4.61 U90.62 V-126.56 E0.03402
G1 F X-29.24 Y7.54 Z4.61 U90.62 V-126.23 E0.03402
G1 F X-29.05 Y7.54 Z4.62 U90.62 V-125.91 E0.03402
G1 F X-28.85 Y7.54 Z4.62 U90.62 V-125.58 E0.03402
G1 F X-28.68 Y7.54 Z4.62 U90.62 V-125.28 E0.030576
G1 F X-28.68 Y7.55 Z4.62 U90.58 V-125.28 E0.003444
G1 F X-28.65 Y7.66 Z4.62 U90.23 V-125.23 E0.03402
G1 F X-28.62 Y7.76 Z4.62 U89.88 V-125.19 E0.03402
G1 F X-28.59 Y7.87 Z4.62 U89.52 V-125.15 E0.03402
G1 F X-28.58 Y7.91 Z4.62 U89.39 V-125.13 E0.013029
G1 F X-28.7 Y7.91 Z4.62 U89.39 V-125.34 E0.02099
G1 F X-28.89 Y7.91 Z4.62 U89.39 V-125.67 E0.03402
G1 F X-29.09 Y7.91 Z4.62 U89.39 V-126 E0.03402
G1 F X-29.28 Y7.91 Z4.62 U89.4 V-126.32 E0.034019
G1 F X-29.47 Y7.91 Z4.62 U89.4 V-126.65 E0.03402
G1 F X-29.67 Y7.91 Z4.62 U89.4 V-126.98 E0.03402
G1 F X-29.86 Y7.91 Z4.62 U89.4 V-127.3 E0.03402
G1 F X-30.05 Y7.91 Z4.63 U89.4 V-127.63 E0.03402
G1 F X-30.25 Y7.91 Z4.63 U89.4 V-127.95 E0.03402
G1 F X-30.44 Y7.91 Z4.63 U89.4 V-128.28 E0.03402
G1 F X-30.63 Y7.91 Z4.63 U89.4 V-128.6 E0.03402
G1 F X-30.82 Y7.91 Z4.63 U89.4 V-128.92 E0.03402
G1 F X-31.02 Y7.91 Z4.63 U89.4 V-129.24 E0.03402
G1 F X-31.21 Y7.91 Z4.63 U89.4 V-129.57 E0.03402
G1 F X-31.4 Y7.91 Z4.64 U89.4 V-129.88 E0.034019
G1 F X-31.6 Y7.91 Z4.64 U89.4 V-130.2 E0.03402
G1 F X-31.79 Y7.91 Z4.64 U89.41 V-130.52 E0.03402
G1 F X-31.98 Y7.91 Z4.64 U89.41 V-130.84 E0.03402
G1 F X-32.18 Y7.91 Z4.64 U89.41 V-131.15 E0.03402
G1 F X-32.37 Y7.91 Z4.64 U89.41 V-131.47 E0.03402
G1 F X-32.56 Y7.91 Z4.64 U89.41 V-131.78 E0.03402
G1 F X-32.76 Y7.91 Z4.65 U89.41 V-132.09 E0.03402
G1 F X-32.95 Y7.91 Z4.65 U89.41 V-132.41 E0.03402
G1 F X-33.14 Y7.91 Z4.65 U89.42 V-132.72 E0.03402
G1 F X-33.34 Y7.91 Z4.65 U89.42 V-133.03 E0.03402
G1 F X-33.53 Y7.91 Z4.65 U89.42 V-133.33 E0.03402
G1 F X-33.73 Y7.91 Z4.65 U89.43 V-133.64 E0.03402
G1 F X-33.92 Y7.91 Z4.65 U89.43 V-133.94 E0.03402
G1 F X-34.11 Y7.91 Z4.65 U89.43 V-134.25 E0.03402
G1 F X-34.31 Y7.91 Z4.65 U89.44 V-134.55 E0.03402
G1 F X-34.5 Y7.91 Z4.65 U89.44 V-134.85 E0.03402
G1 F X-34.7 Y7.91 Z4.65 U89.44 V-135.15 E0.03402
G1 F X-34.89 Y7.91 Z4.65 U89.45 V-135.45 E0.03402
G1 F X-35.09 Y7.91 Z4.64 U89.45 V-135.74 E0.03402
G1 F X-35.28 Y7.91 Z4.64 U89.46 V-136.04 E0.03402
G1 F X-35.47 Y7.91 Z4.64 U89.46 V-136.33 E0.03402
G1 F X-35.67 Y7.91 Z4.64 U89.46 V-136.62 E0.03402
G1 F X-35.86 Y7.91 Z4.64 U89.47 V-136.91 E0.03402
G1 F X-36.06 Y7.91 Z4.64 U89.47 V-137.2 E0.03402
G1 F X-36.25 Y7.91 Z4.64 U89.47 V-137.49 E0.03402
G1 F X-36.45 Y7.91 Z4.64 U89.48 V-137.77 E0.03402
G1 F X-36.64 Y7.91 Z4.64 U89.48 V-138.05 E0.03402
G1 F X-36.84 Y7.91 Z4.64 U89.49 V-138.33 E0.03402
G1 F X-37.03 Y7.91 Z4.64 U89.49 V-138.61 E0.03402
G1 F X-37.23 Y7.91 Z4.64 U89.49 V-138.89 E0.03402
G1 F X-37.42 Y7.91 Z4.64 U89.5 V-139.16 E0.034019
G1 F X-37.62 Y7.91 Z4.64 U89.5 V-139.43 E0.03402
G1 F X-37.81 Y7.91 Z4.64 U89.5 V-139.7 E0.03402
G1 F X-38.01 Y7.91 Z4.64 U89.5 V-139.97 E0.03402
G1 F X-38.2 Y7.91 Z4.64 U89.51 V-140.24 E0.03402
G1 F X-38.4 Y7.91 Z4.63 U89.51 V-140.5 E0.03402
G1 F X-38.6 Y7.91 Z4.63 U89.52 V-140.76 E0.03402
G1 F X-38.79 Y7.91 Z4.63 U89.52 V-141.02 E0.03402
G1 F X-38.99 Y7.91 Z4.63 U89.52 V-141.28 E0.03402
G1 F X-39.18 Y7.91 Z4.63 U89.53 V-141.53 E0.03402
G1 F X-39.38 Y7.91 Z4.63 U89.53 V-141.78 E0.03402
G1 F X-39.58 Y7.91 Z4.63 U89.54 V-142.03 E0.03402
G1 F X-39.77 Y7.91 Z4.62 U89.54 V-142.28 E0.03402
G1 F X-39.97 Y7.91 Z4.62 U89.55 V-142.52 E0.03402
G1 F X-40.16 Y7.91 Z4.62 U89.55 V-142.76 E0.03402
G1 F X-40.36 Y7.91 Z4.62 U89.56 V-143 E0.03402
G1 F X-40.56 Y7.91 Z4.62 U89.56 V-143.24 E0.03402
G1 F X-40.75 Y7.91 Z4.61 U89.57 V-143.47 E0.03402
G1 F X-40.95 Y7.91 Z4.61 U89.57 V-143.7 E0.03402
G1 F X-41.15 Y7.91 Z4.61 U89.58 V-143.93 E0.03402
G1 F X-41.34 Y7.91 Z4.61 U89.58 V-144.16 E0.03402
G1 F X-41.54 Y7.91 Z4.6 U89.59 V-144.38 E0.03402
G1 F X-41.74 Y7.91 Z4.6 U89.6 V-144.6 E0.03402
G1 F X-41.94 Y7.91 Z4.6 U89.6 V-144.82 E0.03402
G1 F X-42.13 Y7.91 Z4.59 U89.61 V-145.03 E0.03402
G1 F X-42.33 Y7.91 Z4.59 U89.61 V-145.24 E0.03402
G1 F X-42.53 Y7.91 Z4.59 U89.62 V-145.45 E0.03402
G1 F X-42.73 Y7.91 Z4.58 U89.63 V-145.65 E0.03402
G1 F X-42.92 Y7.91 Z4.58 U89.63 V-145.85 E0.03402
G1 F X-43.12 Y7.91 Z4.58 U89.64 V-146.05 E0.03402
G1 F X-43.32 Y7.91 Z4.57 U89.64 V-146.25 E0.034019
G1 F X-43.52 Y7.91 Z4.57 U89.65 V-146.44 E0.034019
G1 F X-43.71 Y7.91 Z4.57 U89.66 V-146.62 E0.034019
G1 F X-43.91 Y7.91 Z4.56 U89.66 V-146.81 E0.034019
G1 F X-44.11 Y7.91 Z4.56 U89.67 V-146.99 E0.034019
G1 F X-44.31 Y7.91 Z4.55 U89.68 V-147.17 E0.034019
G1 F X-44.51 Y7.91 Z4.55 U89.68 V-147.34 E0.03402
G1 F X-44.7 Y7.91 Z4.55 U89.69 V-147.51 E0.03402
G1 F X-44.9 Y7.91 Z4.54 U89.7 V-147.68 E0.03402
G1 F X-45.1 Y7.91 Z4.54 U89.7 V-147.84 E0.03402
G1 F X-45.3 Y7.91 Z4.53 U89.71 V-148 E0.03402
G1 F X-45.5 Y7.91 Z4.53 U89.72 V-148.16 E0.03402
G1 F X-45.7 Y7.91 Z4.52 U89.72 V-148.31 E0.03402
G1 F X-45.9 Y7.91 Z4.52 U89.73 V-148.45 E0.03402
G1 F X-46.09 Y7.91 Z4.52 U89.74 V-148.6 E0.03402
G1 F X-46.29 Y7.91 Z4.51 U89.74 V-148.74 E0.03402
G1 F X-46.49 Y7.91 Z4.51 U89.75 V-148.87 E0.03402
G1 F X-46.69 Y7.91 Z4.5 U89.76 V-149.01 E0.03402
G1 F X-46.89 Y7.91 Z4.5 U89.76 V-149.13 E0.03402
G1 F X-47.09 Y7.91 Z4.49 U89.77 V-149.26 E0.03402
G1 F X-47.29 Y7.91 Z4.49 U89.78 V-149.38 E0.03402
G1 F X-47.35 Y7.91 Z4.48 U89.78 V-149.42 E0.010859
G1 F X-47.36 Y7.84 Z4.53 U89.86 V-149.42 E0.023161
G1 F X-47.37 Y7.74 Z4.61 U89.98 V-149.42 E0.03402
G1 F X-47.38 Y7.64 Z4.69 U90.09 V-149.43 E0.03402
G1 F X-47.39 Y7.53 Z4.76 U90.21 V-149.43 E0.03402
G1 F X-47.39 Y7.71 Z4.86 U90.21 V-149.43 E0
G1 F X-47.63 Y7.49 Z5.04 U90.44 V-149.57 E0
G1 F300 E-1.00 ;Filament Retraction!!
G1 F X-47.63 Y7.32 Z4.94 U90.44 V-149.57 E0
G1 F X-47.43 Y7.32 Z4.92 U90.45 V-149.45 E0.034049
G1 F300 E1.1;Filament (De)-Retraction!!
G1 F X-47.23 Y7.32 Z4.91 U90.47 V-149.34 E0.034049
G1 F X-47.04 Y7.32 Z4.9 U90.49 V-149.22 E0.034049
G1 F X-46.84 Y7.32 Z4.89 U90.5 V-149.09 E0.034049
G1 F X-46.64 Y7.32 Z4.88 U90.52 V-148.97 E0.034049
G1 F X-46.45 Y7.32 Z4.86 U90.54 V-148.83 E0.034049
G1 F X-46.25 Y7.32 Z4.85 U90.55 V-148.7 E0.034049
G1 F X-46.05 Y7.32 Z4.84 U90.57 V-148.56 E0.034049
G1 F X-45.85 Y7.32 Z4.83 U90.59 V-148.41 E0.034049
G1 F X-45.66 Y7.32 Z4.82 U90.6 V-148.27 E0.034049
G1 F X-45.46 Y7.32 Z4.81 U90.62 V-148.11 E0.034049
G1 F X-45.26 Y7.32 Z4.8 U90.63 V-147.96 E0.034049
G1 F X-45.07 Y7.32 Z4.79 U90.65 V-147.8 E0.034049
G1 F X-44.87 Y7.32 Z4.78 U90.67 V-147.64 E0.034049
G1 F X-44.67 Y7.32 Z4.77 U90.68 V-147.47 E0.034049
G1 F X-44.48 Y7.32 Z4.76 U90.7 V-147.3 E0.034049
G1 F X-44.28 Y7.32 Z4.75 U90.71 V-147.13 E0.034049
G1 F X-44.08 Y7.32 Z4.74 U90.72 V-146.95 E0.034049
G1 F X-43.89 Y7.32 Z4.74 U90.74 V-146.77 E0.034049
G1 F X-43.69 Y7.32 Z4.73 U90.75 V-146.59 E0.034049
G1 F X-43.49 Y7.32 Z4.72 U90.77 V-146.4 E0.034049
G1 F X-43.3 Y7.32 Z4.71 U90.78 V-146.21 E0.034049
G1 F X-43.1 Y7.32 Z4.71 U90.79 V-146.01 E0.034049
G1 F X-42.9 Y7.32 Z4.7 U90.81 V-145.82 E0.034049
G1 F X-42.71 Y7.31 Z4.69 U90.82 V-145.62 E0.034049
G1 F X-42.51 Y7.31 Z4.68 U90.83 V-145.41 E0.034049
G1 F X-42.32 Y7.31 Z4.68 U90.85 V-145.21 E0.034049
G1 F X-42.12 Y7.31 Z4.67 U90.86 V-145 E0.034049
G1 F X-41.92 Y7.31 Z4.67 U90.87 V-144.78 E0.034049
G1 F X-41.73 Y7.31 Z4.66 U90.88 V-144.57 E0.034049
G1 F X-41.53 Y7.31 Z4.65 U90.9 V-144.35 E0.034049
G1 F X-41.34 Y7.31 Z4.65 U90.91 V-144.13 E0.034049
G1 F X-41.14 Y7.31 Z4.64 U90.92 V-143.9 E0.034049
G1 F X-40.95 Y7.31 Z4.64 U90.93 V-143.68 E0.034049
G1 F X-40.75 Y7.31 Z4.63 U90.94 V-143.45 E0.034049
G1 F X-40.56 Y7.31 Z4.63 U90.95 V-143.21 E0.034049
G1 F X-40.36 Y7.31 Z4.63 U90.97 V-142.98 E0.034049
G1 F X-40.16 Y7.31 Z4.62 U90.98 V-142.74 E0.034049
G1 F X-39.97 Y7.31 Z4.62 U90.99 V-142.5 E0.034049
G1 F X-39.77 Y7.31 Z4.61 U91 V-142.26 E0.034049
G1 F X-39.58 Y7.31 Z4.61 U91.01 V-142.01 E0.034049
G1 F X-39.38 Y7.31 Z4.6 U91.02 V-141.76 E0.034049
G1 F X-39.19 Y7.31 Z4.6 U91.03 V-141.51 E0.034049
G1 F X-38.99 Y7.31 Z4.6 U91.04 V-141.26 E0.034049
G1 F X-38.8 Y7.31 Z4.59 U91.05 V-141 E0.03405
G1 F X-38.61 Y7.31 Z4.59 U91.06 V-140.75 E0.034049
G1 F X-38.41 Y7.31 Z4.59 U91.07 V-140.49 E0.034049
G1 F X-38.22 Y7.31 Z4.58 U91.08 V-140.22 E0.034049
G1 F X-38.02 Y7.31 Z4.58 U91.1 V-139.96 E0.034049
G1 F X-37.83 Y7.31 Z4.58 U91.11 V-139.69 E0.034049
G1 F X-37.63 Y7.31 Z4.58 U91.12 V-139.42 E0.034049
G1 F X-37.44 Y7.31 Z4.57 U91.13 V-139.15 E0.034049
G1 F X-37.24 Y7.31 Z4.57 U91.14 V-138.88 E0.034049
G1 F X-37.05 Y7.31 Z4.57 U91.15 V-138.6 E0.034049
G1 F X-36.86 Y7.31 Z4.57 U91.16 V-138.33 E0.034049
G1 F X-36.66 Y7.31 Z4.56 U91.16 V-138.05 E0.034049
G1 F X-36.47 Y7.31 Z4.56 U91.17 V-137.77 E0.034049
G1 F X-36.27 Y7.31 Z4.56 U91.18 V-137.48 E0.034049
G1 F X-36.08 Y7.31 Z4.56 U91.19 V-137.2 E0.034049
G1 F X-35.89 Y7.31 Z4.56 U91.2 V-136.91 E0.034049
G1 F X-35.69 Y7.31 Z4.56 U91.2 V-136.62 E0.034049
G1 F X-35.5 Y7.31 Z4.56 U91.21 V-136.33 E0.034049
G1 F X-35.3 Y7.31 Z4.56 U91.22 V-136.04 E0.034049
G1 F X-35.11 Y7.31 Z4.56 U91.22 V-135.74 E0.034049
G1 F X-34.92 Y7.31 Z4.56 U91.23 V-135.45 E0.034049
G1 F X-34.72 Y7.31 Z4.56 U91.24 V-135.15 E0.034049
G1 F X-34.53 Y7.31 Z4.56 U91.24 V-134.85 E0.034049
G1 F X-34.34 Y7.31 Z4.56 U91.25 V-134.55 E0.034049
G1 F X-34.14 Y7.31 Z4.56 U91.25 V-134.25 E0.034049
G1 F X-33.95 Y7.31 Z4.56 U91.26 V-133.95 E0.034049
G1 F X-33.76 Y7.31 Z4.57 U91.27 V-133.64 E0.034049
G1 F X-33.56 Y7.31 Z4.57 U91.27 V-133.34 E0.034049
G1 F X-33.37 Y7.31 Z4.57 U91.28 V-133.03 E0.034049
G1 F X-33.18 Y7.31 Z4.57 U91.28 V-132.72 E0.034049
G1 F X-32.98 Y7.31 Z4.57 U91.29 V-132.41 E0.034049
G1 F X-32.79 Y7.31 Z4.57 U91.29 V-132.1 E0.034049
G1 F X-32.6 Y7.31 Z4.57 U91.3 V-131.79 E0.034049
G1 F X-32.4 Y7.31 Z4.58 U91.3 V-131.48 E0.034049
G1 F X-32.21 Y7.31 Z4.58 U91.31 V-131.16 E0.034049
G1 F X-32.02 Y7.31 Z4.58 U91.32 V-130.85 E0.034049
G1 F X-31.82 Y7.31 Z4.58 U91.32 V-130.53 E0.034049
G1 F X-31.63 Y7.31 Z4.58 U91.33 V-130.22 E0.034049
G1 F X-31.44 Y7.31 Z4.58 U91.33 V-129.9 E0.034049
G1 F X-31.25 Y7.31 Z4.58 U91.34 V-129.58 E0.034049
G1 F X-31.05 Y7.31 Z4.58 U91.34 V-129.26 E0.034049
G1 F X-30.86 Y7.31 Z4.59 U91.35 V-128.94 E0.034049
G1 F X-30.67 Y7.31 Z4.59 U91.36 V-128.62 E0.034049
G1 F X-30.47 Y7.31 Z4.59 U91.36 V-128.29 E0.034049
G1 F X-30.28 Y7.31 Z4.59 U91.36 V-127.97 E0.034049
G1 F X-30.09 Y7.31 Z4.6 U91.37 V-127.65 E0.034049
G1 F X-29.9 Y7.31 Z4.6 U91.37 V-127.32 E0.034049
G1 F X-29.7 Y7.31 Z4.6 U91.37 V-126.99 E0.034049
G1 F X-29.51 Y7.31 Z4.61 U91.38 V-126.67 E0.034049
G1 F X-29.32 Y7.31 Z4.61 U91.38 V-126.34 E0.034049
G1 F X-29.13 Y7.31 Z4.61 U91.38 V-126.01 E0.034049
G1 F X-28.93 Y7.31 Z4.62 U91.38 V-125.68 E0.034049
G1 F X-28.74 Y7.31 Z4.62 U91.38 V-125.36 E0.034049
G1 F X-28.55 Y7.31 Z4.63 U91.38 V-125.03 E0.034049
G1 F X-28.35 Y7.31 Z4.63 U91.38 V-124.7 E0.034049
G1 F X-28.33 Y7.31 Z4.63 U91.38 V-124.65 E0.004307
G1 F X-28.3 Y7.4 Z4.63 U91.08 V-124.62 E0.029742
G1 F X-28.27 Y7.51 Z4.63 U90.72 V-124.58 E0.034049
G1 F X-28.24 Y7.61 Z4.62 U90.37 V-124.53 E0.034049
G1 F X-28.21 Y7.72 Z4.62 U90.02 V-124.49 E0.034049
G1 F X-28.18 Y7.83 Z4.62 U89.66 V-124.45 E0.034049
G1 F X-28.16 Y7.93 Z4.61 U89.31 V-124.41 E0.034049
G1 F X-28.13 Y8.04 Z4.61 U88.95 V-124.36 E0.034049
G1 F X-28.11 Y8.14 Z4.61 U88.61 V-124.32 E0.032688
G1 F X-28.31 Y8.14 Z4.61 U88.62 V-124.67 E0.035411
G1 F X-28.5 Y8.14 Z4.61 U88.62 V-125 E0.034049
G1 F X-28.69 Y8.14 Z4.62 U88.62 V-125.33 E0.034049
G1 F X-28.89 Y8.14 Z4.62 U88.63 V-125.66 E0.034049
G1 F X-29.08 Y8.14 Z4.62 U88.63 V-125.99 E0.034049
G1 F X-29.27 Y8.14 Z4.62 U88.63 V-126.31 E0.034049
G1 F X-29.47 Y8.14 Z4.63 U88.64 V-126.64 E0.034049
G1 F X-29.66 Y8.14 Z4.63 U88.64 V-126.97 E0.034049
G1 F X-29.85 Y8.14 Z4.63 U88.64 V-127.3 E0.034049
G1 F X-30.05 Y8.14 Z4.64 U88.65 V-127.62 E0.034049
G1 F X-30.24 Y8.14 Z4.64 U88.65 V-127.95 E0.034049
G1 F X-30.43 Y8.14 Z4.64 U88.65 V-128.27 E0.034049
G1 F X-30.63 Y8.14 Z4.65 U88.66 V-128.6 E0.034049
G1 F X-30.82 Y8.14 Z4.65 U88.66 V-128.92 E0.034049
G1 F X-31.01 Y8.14 Z4.65 U88.66 V-129.24 E0.034049
G1 F X-31.21 Y8.14 Z4.66 U88.66 V-129.56 E0.034049
G1 F X-31.4 Y8.14 Z4.66 U88.67 V-129.88 E0.034049
G1 F X-31.59 Y8.14 Z4.66 U88.67 V-130.2 E0.034049
G1 F X-31.79 Y8.14 Z4.66 U88.67 V-130.52 E0.034049
G1 F X-31.98 Y8.14 Z4.67 U88.68 V-130.84 E0.034049
G1 F X-32.17 Y8.14 Z4.67 U88.68 V-131.15 E0.034049
G1 F X-32.37 Y8.14 Z4.67 U88.69 V-131.47 E0.034049
G1 F X-32.56 Y8.14 Z4.67 U88.69 V-131.78 E0.034049
G1 F X-32.76 Y8.14 Z4.67 U88.7 V-132.1 E0.034049
G1 F X-32.95 Y8.14 Z4.68 U88.7 V-132.41 E0.034049
G1 F X-33.14 Y8.14 Z4.68 U88.71 V-132.72 E0.034049
G1 F X-33.34 Y8.14 Z4.68 U88.71 V-133.03 E0.034049
G1 F X-33.53 Y8.14 Z4.68 U88.72 V-133.34 E0.034049
G1 F X-33.73 Y8.14 Z4.68 U88.73 V-133.64 E0.034049
G1 F X-33.92 Y8.14 Z4.68 U88.73 V-133.95 E0.034049
G1 F X-34.12 Y8.14 Z4.68 U88.74 V-134.25 E0.034049
G1 F X-34.31 Y8.14 Z4.68 U88.75 V-134.56 E0.034049
G1 F X-34.51 Y8.14 Z4.68 U88.76 V-134.86 E0.034049
G1 F X-34.7 Y8.14 Z4.68 U88.76 V-135.16 E0.034049
G1 F X-34.9 Y8.14 Z4.68 U88.77 V-135.46 E0.034049
G1 F X-35.09 Y8.14 Z4.68 U88.78 V-135.75 E0.034049
G1 F X-35.29 Y8.14 Z4.68 U88.79 V-136.05 E0.034049
G1 F X-35.48 Y8.14 Z4.68 U88.8 V-136.34 E0.034049
G1 F X-35.68 Y8.14 Z4.67 U88.8 V-136.64 E0.034049
G1 F X-35.87 Y8.14 Z4.67 U88.81 V-136.93 E0.034049
G1 F X-36.07 Y8.14 Z4.67 U88.82 V-137.21 E0.034049
G1 F X-36.26 Y8.14 Z4.67 U88.83 V-137.5 E0.034049
G1 F X-36.46 Y8.14 Z4.67 U88.84 V-137.79 E0.034049
G1 F X-36.65 Y8.14 Z4.67 U88.85 V-138.07 E0.034049
G1 F X-36.85 Y8.14 Z4.67 U88.86 V-138.35 E0.034049
G1 F X-37.04 Y8.14 Z4.67 U88.86 V-138.63 E0.034049
G1 F X-37.24 Y8.14 Z4.66 U88.87 V-138.91 E0.034049
G1 F X-37.43 Y8.14 Z4.66 U88.88 V-139.18 E0.034049
G1 F X-37.63 Y8.14 Z4.66 U88.89 V-139.45 E0.034049
G1 F X-37.83 Y8.13 Z4.66 U88.9 V-139.72 E0.034049
G1 F X-38.02 Y8.13 Z4.66 U88.91 V-139.99 E0.034049
G1 F X-38.22 Y8.13 Z4.66 U88.92 V-140.26 E0.034049
G1 F X-38.41 Y8.13 Z4.65 U88.93 V-140.52 E0.034049
G1 F X-38.61 Y8.13 Z4.65 U88.94 V-140.78 E0.034049
G1 F X-38.81 Y8.13 Z4.65 U88.95 V-141.04 E0.034049
G1 F X-39 Y8.13 Z4.64 U88.96 V-141.3 E0.034049
G1 F X-39.2 Y8.13 Z4.64 U88.97 V-141.55 E0.034049
G1 F X-39.4 Y8.13 Z4.64 U88.98 V-141.81 E0.034049
G1 F X-39.59 Y8.13 Z4.63 U88.99 V-142.06 E0.034049
G1 F X-39.79 Y8.13 Z4.63 U89 V-142.3 E0.034049
G1 F X-39.99 Y8.13 Z4.62 U89.01 V-142.55 E0.034049
G1 F X-40.18 Y8.13 Z4.62 U89.02 V-142.79 E0.034049
G1 F X-40.38 Y8.13 Z4.62 U89.03 V-143.03 E0.034049
G1 F X-40.58 Y8.13 Z4.61 U89.04 V-143.27 E0.034049
G1 F X-40.78 Y8.13 Z4.61 U89.06 V-143.5 E0.034049
G1 F X-40.97 Y8.13 Z4.6 U89.07 V-143.73 E0.034049
G1 F X-41.17 Y8.13 Z4.59 U89.08 V-143.96 E0.034049
G1 F X-41.37 Y8.13 Z4.59 U89.09 V-144.19 E0.034049
G1 F X-41.57 Y8.13 Z4.58 U89.11 V-144.41 E0.034049
G1 F X-41.76 Y8.13 Z4.58 U89.12 V-144.63 E0.034049
G1 F X-41.96 Y8.13 Z4.57 U89.13 V-144.85 E0.034049
G1 F X-42.16 Y8.13 Z4.56 U89.15 V-145.06 E0.034049
G1 F X-42.36 Y8.13 Z4.56 U89.16 V-145.27 E0.034049
G1 F X-42.56 Y8.13 Z4.55 U89.17 V-145.48 E0.034049
G1 F X-42.75 Y8.13 Z4.54 U89.19 V-145.68 E0.034049
G1 F X-42.95 Y8.13 Z4.54 U89.2 V-145.88 E0.034049
G1 F X-43.15 Y8.13 Z4.53 U89.21 V-146.08 E0.034049
G1 F X-43.35 Y8.13 Z4.52 U89.23 V-146.28 E0.034049
G1 F X-43.55 Y8.13 Z4.51 U89.24 V-146.47 E0.034049
G1 F X-43.75 Y8.13 Z4.5 U89.26 V-146.66 E0.034049
G1 F X-43.95 Y8.13 Z4.5 U89.27 V-146.84 E0.034049
G1 F X-44.15 Y8.13 Z4.49 U89.29 V-147.02 E0.034049
G1 F X-44.34 Y8.13 Z4.48 U89.3 V-147.2 E0.034049
G1 F X-44.54 Y8.13 Z4.47 U89.32 V-147.37 E0.034049
G1 F X-44.74 Y8.13 Z4.46 U89.33 V-147.54 E0.034049
G1 F X-44.94 Y8.13 Z4.45 U89.35 V-147.71 E0.034049
G1 F X-45.14 Y8.13 Z4.44 U89.36 V-147.87 E0.034049
G1 F X-45.34 Y8.13 Z4.43 U89.38 V-148.03 E0.034049
G1 F X-45.54 Y8.13 Z4.42 U89.39 V-148.19 E0.034049
G1 F X-45.74 Y8.13 Z4.41 U89.41 V-148.34 E0.034049
G1 F X-45.94 Y8.13 Z4.4 U89.42 V-148.49 E0.034049
G1 F X-46.14 Y8.13 Z4.39 U89.44 V-148.63 E0.034049
G1 F X-46.34 Y8.13 Z4.38 U89.45 V-148.77 E0.03405
G1 F X-46.54 Y8.13 Z4.37 U89.47 V-148.9 E0.034049
G1 F X-46.74 Y8.13 Z4.36 U89.48 V-149.04 E0.034049
G1 F X-46.94 Y8.13 Z4.35 U89.5 V-149.16 E0.034049
G1 F X-47.14 Y8.13 Z4.34 U89.52 V-149.29 E0.034049
G1 F X-47.34 Y8.13 Z4.32 U89.53 V-149.41 E0.034049
G1 F X-47.54 Y8.13 Z4.31 U89.55 V-149.52 E0.034049
G1 F X-47.74 Y8.13 Z4.3 U89.57 V-149.63 E0.034049
G1 F X-47.76 Y8.13 Z4.3 U89.57 V-149.64 E0.003383
G1 F X-47.77 Y8.04 Z4.37 U89.67 V-149.65 E0.030667
G1 F X-47.77 Y7.93 Z4.45 U89.78 V-149.65 E0.034049
G1 F X-47.78 Y7.83 Z4.54 U89.88 V-149.65 E0.034049
G1 F X-47.79 Y7.73 Z4.62 U89.99 V-149.66 E0.034049
G1 F X-47.8 Y7.63 Z4.7 U90.1 V-149.66 E0.034049
G1 F X-47.81 Y7.52 Z4.78 U90.21 V-149.67 E0.034049
G1 F X-47.82 Y7.42 Z4.87 U90.31 V-149.67 E0.034049
G1 F X-47.83 Y7.32 Z4.95 U90.42 V-149.67 E0.034049
G1 F X-47.83 Y7.49 Z5.05 U90.42 V-149.67 E0
G1 F X-47.64 Y9.2 Z6.07 U90.44 V-149.58 E0
G1 F300 E-1.00 ;Filament Retraction!!
G1 F X-47.64 Y9.03 Z5.97 U90.44 V-149.58 E0
G1 F X-47.44 Y9.03 Z5.95 U90.45 V-149.46 E0.034051
G1 F300 E1.1;Filament (De)-Retraction!!
G1 F X-47.24 Y9.03 Z5.94 U90.47 V-149.35 E0.034051
G1 F X-47.05 Y9.03 Z5.93 U90.49 V-149.23 E0.034051
G1 F X-46.85 Y9.03 Z5.92 U90.5 V-149.11 E0.034051
G1 F X-46.65 Y9.03 Z5.9 U90.52 V-148.98 E0.034051
G1 F X-46.46 Y9.03 Z5.89 U90.54 V-148.85 E0.034051
G1 F X-46.26 Y9.03 Z5.88 U90.55 V-148.71 E0.034051
G1 F X-46.07 Y9.03 Z5.87 U90.57 V-148.58 E0.034051
G1 F X-45.87 Y9.03 Z5.86 U90.59 V-148.43 E0.034051
G1 F X-45.67 Y9.03 Z5.85 U90.6 V-148.29 E0.034051
G1 F X-45.48 Y9.03 Z5.84 U90.62 V-148.14 E0.034051
G1 F X-45.28 Y9.03 Z5.83 U90.64 V-147.98 E0.034051
G1 F X-45.09 Y9.03 Z5.82 U90.65 V-147.83 E0.034051
G1 F X-44.89 Y9.03 Z5.81 U90.67 V-147.66 E0.034051
G1 F X-44.69 Y9.03 Z5.8 U90.68 V-147.5 E0.034051
G1 F X-44.5 Y9.03 Z5.79 U90.7 V-147.33 E0.034051
G1 F X-44.3 Y9.03 Z5.78 U90.71 V-147.16 E0.034051
G1 F X-44.11 Y9.03 Z5.77 U90.73 V-146.98 E0.034051
G1 F X-43.91 Y9.03 Z5.77 U90.74 V-146.81 E0.034051
G1 F X-43.72 Y9.03 Z5.76 U90.76 V-146.62 E0.034051
G1 F X-43.52 Y9.03 Z5.75 U90.77 V-146.44 E0.034051
G1 F X-43.33 Y9.03 Z5.74 U90.78 V-146.25 E0.034051
G1 F X-43.13 Y9.03 Z5.73 U90.8 V-146.06 E0.034051
G1 F X-42.94 Y9.03 Z5.73 U90.81 V-145.86 E0.034051
G1 F X-42.74 Y9.03 Z5.72 U90.82 V-145.67 E0.034051
G1 F X-42.55 Y9.03 Z5.71 U90.84 V-145.47 E0.034051
G1 F X-42.35 Y9.03 Z5.71 U90.85 V-145.26 E0.034051
G1 F X-42.16 Y9.03 Z5.7 U90.86 V-145.05 E0.034051
G1 F X-41.96 Y9.03 Z5.7 U90.88 V-144.84 E0.034051
G1 F X-41.77 Y9.03 Z5.69 U90.89 V-144.63 E0.034051
G1 F X-41.58 Y9.03 Z5.68 U90.9 V-144.42 E0.034051
G1 F X-41.38 Y9.03 Z5.68 U90.91 V-144.2 E0.034051
G1 F X-41.19 Y9.03 Z5.67 U90.93 V-143.98 E0.034051
G1 F X-41 Y9.03 Z5.67 U90.94 V-143.75 E0.034051
G1 F X-40.8 Y9.03 Z5.66 U90.95 V-143.53 E0.034051
G1 F X-40.61 Y9.03 Z5.66 U90.96 V-143.3 E0.034051
G1 F X-40.41 Y9.03 Z5.65 U90.97 V-143.06 E0.034051
G1 F X-40.22 Y9.02 Z5.65 U90.98 V-142.83 E0.034051
G1 F X-40.03 Y9.02 Z5.65 U91 V-142.59 E0.034051
G1 F X-39.83 Y9.02 Z5.64 U91.01 V-142.35 E0.034051
G1 F X-39.64 Y9.02 Z5.64 U91.02 V-142.11 E0.034051
G1 F X-39.45 Y9.02 Z5.63 U91.03 V-141.87 E0.034051
G1 F X-39.26 Y9.02 Z5.63 U91.04 V-141.62 E0.034051
G1 F X-39.06 Y9.02 Z5.63 U91.05 V-141.37 E0.034051
G1 F X-38.87 Y9.02 Z5.62 U91.06 V-141.12 E0.034051
G1 F X-38.68 Y9.02 Z5.62 U91.07 V-140.87 E0.034051
G1 F X-38.49 Y9.02 Z5.62 U91.08 V-140.61 E0.034051
G1 F X-38.29 Y9.02 Z5.61 U91.09 V-140.35 E0.034051
G1 F X-38.1 Y9.02 Z5.61 U91.11 V-140.09 E0.034051
G1 F X-37.91 Y9.02 Z5.61 U91.12 V-139.83 E0.034051
G1 F X-37.72 Y9.02 Z5.6 U91.13 V-139.57 E0.034051
G1 F X-37.53 Y9.02 Z5.6 U91.14 V-139.3 E0.034051
G1 F X-37.33 Y9.02 Z5.6 U91.15 V-139.03 E0.034051
G1 F X-37.14 Y9.02 Z5.6 U91.16 V-138.76 E0.034051
G1 F X-36.95 Y9.02 Z5.59 U91.17 V-138.49 E0.034051
G1 F X-36.76 Y9.02 Z5.59 U91.18 V-138.21 E0.034051
G1 F X-36.57 Y9.02 Z5.59 U91.19 V-137.94 E0.034051
G1 F X-36.38 Y9.02 Z5.59 U91.2 V-137.66 E0.034051
G1 F X-36.18 Y9.02 Z5.59 U91.2 V-137.38 E0.034051
G1 F X-35.99 Y9.02 Z5.59 U91.21 V-137.1 E0.034051
G1 F X-35.8 Y9.02 Z5.59 U91.22 V-136.81 E0.034051
G1 F X-35.61 Y9.02 Z5.59 U91.23 V-136.53 E0.034051
G1 F X-35.42 Y9.02 Z5.59 U91.24 V-136.24 E0.034051
G1 F X-35.23 Y9.02 Z5.59 U91.24 V-135.95 E0.034051
G1 F X-35.04 Y9.02 Z5.59 U91.25 V-135.66 E0.034051
G1 F X-34.85 Y9.02 Z5.59 U91.26 V-135.37 E0.034051
G1 F X-34.65 Y9.02 Z5.59 U91.26 V-135.08 E0.034051
G1 F X-34.46 Y9.02 Z5.59 U91.27 V-134.78 E0.034051
G1 F X-34.27 Y9.02 Z5.59 U91.27 V-134.49 E0.034051
G1 F X-34.08 Y9.02 Z5.59 U91.28 V-134.19 E0.034051
G1 F X-33.89 Y9.02 Z5.59 U91.29 V-133.89 E0.034051
G1 F X-33.7 Y9.02 Z5.59 U91.29 V-133.59 E0.034051
G1 F X-33.51 Y9.02 Z5.59 U91.3 V-133.29 E0.034051
G1 F X-33.32 Y9.02 Z5.59 U91.3 V-132.99 E0.034051
G1 F X-33.13 Y9.02 Z5.6 U91.31 V-132.69 E0.034051
G1 F X-32.94 Y9.02 Z5.6 U91.31 V-132.38 E0.034051
G1 F X-32.75 Y9.02 Z5.6 U91.32 V-132.07 E0.034051
G1 F X-32.56 Y9.02 Z5.6 U91.33 V-131.77 E0.034051
G1 F X-32.37 Y9.02 Z5.6 U91.33 V-131.46 E0.034051
G1 F X-32.18 Y9.02 Z5.6 U91.34 V-131.15 E0.034051
G1 F X-31.99 Y9.02 Z5.6 U91.34 V-130.84 E0.034051
G1 F X-31.8 Y9.02 Z5.61 U91.35 V-130.53 E0.034051
G1 F X-31.61 Y9.02 Z5.61 U91.36 V-130.22 E0.034051
G1 F X-31.42 Y9.02 Z5.61 U91.36 V-129.9 E0.034051
G1 F X-31.23 Y9.02 Z5.61 U91.37 V-129.59 E0.034051
G1 F X-31.04 Y9.02 Z5.61 U91.37 V-129.28 E0.034051
G1 F X-30.85 Y9.01 Z5.61 U91.38 V-128.96 E0.034051
G1 F X-30.66 Y9.01 Z5.61 U91.39 V-128.64 E0.034051
G1 F X-30.47 Y9.01 Z5.62 U91.39 V-128.33 E0.034051
G1 F X-30.28 Y9.01 Z5.62 U91.39 V-128.01 E0.034051
G1 F X-30.09 Y9.01 Z5.62 U91.4 V-127.69 E0.034051
G1 F X-29.9 Y9.01 Z5.63 U91.4 V-127.37 E0.034051
G1 F X-29.71 Y9.01 Z5.63 U91.4 V-127.05 E0.034051
G1 F X-29.52 Y9.01 Z5.63 U91.41 V-126.73 E0.034051
G1 F X-29.33 Y9.01 Z5.64 U91.41 V-126.41 E0.034051
G1 F X-29.14 Y9.01 Z5.64 U91.41 V-126.08 E0.034051
G1 F X-28.95 Y9.01 Z5.64 U91.41 V-125.76 E0.034051
G1 F X-28.76 Y9.01 Z5.65 U91.41 V-125.44 E0.034051
G1 F X-28.57 Y9.01 Z5.65 U91.42 V-125.11 E0.034051
G1 F X-28.39 Y9.01 Z5.66 U91.42 V-124.79 E0.034051
G1 F X-28.36 Y9.01 Z5.66 U91.42 V-124.74 E0.004824
G1 F X-28.32 Y9.11 Z5.65 U91.11 V-124.69 E0.029228
G1 F X-28.29 Y9.22 Z5.65 U90.74 V-124.62 E0.034051
G1 F X-28.25 Y9.33 Z5.65 U90.38 V-124.56 E0.034051
G1 F X-28.21 Y9.44 Z5.65 U90.01 V-124.49 E0.034051
G1 F X-28.18 Y9.54 Z5.64 U89.65 V-124.43 E0.034051
G1 F X-28.14 Y9.65 Z5.64 U89.29 V-124.36 E0.034051
G1 F X-28.11 Y9.76 Z5.64 U88.92 V-124.3 E0.034051
G1 F X-28.08 Y9.86 Z5.63 U88.58 V-124.24 E0.03197
G1 F X-28.09 Y9.86 Z5.63 U88.58 V-124.25 E0.002081
G1 F X-28.28 Y9.86 Z5.64 U88.58 V-124.58 E0.034051
G1 F X-28.47 Y9.86 Z5.64 U88.59 V-124.91 E0.034051
G1 F X-28.66 Y9.86 Z5.64 U88.59 V-125.23 E0.034051
G1 F X-28.85 Y9.86 Z5.65 U88.59 V-125.56 E0.034051
G1 F X-29.04 Y9.86 Z5.65 U88.6 V-125.88 E0.034051
G1 F X-29.23 Y9.86 Z5.65 U88.6 V-126.2 E0.034051
G1 F X-29.42 Y9.86 Z5.65 U88.6 V-126.53 E0.034051
G1 F X-29.61 Y9.86 Z5.66 U88.61 V-126.85 E0.034051
G1 F X-29.8 Y9.86 Z5.66 U88.61 V-127.17 E0.034051
G1 F X-29.99 Y9.86 Z5.66 U88.61 V-127.49 E0.034051
G1 F X-30.18 Y9.86 Z5.67 U88.62 V-127.81 E0.034051
G1 F X-30.37 Y9.86 Z5.67 U88.62 V-128.13 E0.034051
G1 F X-30.56 Y9.86 Z5.67 U88.62 V-128.45 E0.034051
G1 F X-30.75 Y9.86 Z5.68 U88.63 V-128.77 E0.034051
G1 F X-30.94 Y9.86 Z5.68 U88.63 V-129.09 E0.034051
G1 F X-31.14 Y9.86 Z5.68 U88.63 V-129.4 E0.034051
G1 F X-31.33 Y9.86 Z5.68 U88.64 V-129.72 E0.034051
G1 F X-31.52 Y9.86 Z5.69 U88.64 V-130.04 E0.034051
G1 F X-31.71 Y9.86 Z5.69 U88.64 V-130.35 E0.034051
G1 F X-31.9 Y9.86 Z5.69 U88.65 V-130.66 E0.034051
G1 F X-32.09 Y9.86 Z5.7 U88.65 V-130.98 E0.034051
G1 F X-32.28 Y9.86 Z5.7 U88.65 V-131.29 E0.034051
G1 F X-32.47 Y9.86 Z5.7 U88.66 V-131.6 E0.034051
G1 F X-32.66 Y9.86 Z5.7 U88.66 V-131.91 E0.034051
G1 F X-32.85 Y9.86 Z5.7 U88.67 V-132.22 E0.034051
G1 F X-33.05 Y9.86 Z5.7 U88.68 V-132.52 E0.034051
G1 F X-33.24 Y9.86 Z5.7 U88.68 V-132.83 E0.034051
G1 F X-33.43 Y9.86 Z5.71 U88.69 V-133.14 E0.034051
G1 F X-33.62 Y9.86 Z5.71 U88.7 V-133.44 E0.034051
G1 F X-33.81 Y9.86 Z5.71 U88.7 V-133.74 E0.034051
G1 F X-34 Y9.86 Z5.71 U88.71 V-134.04 E0.034051
G1 F X-34.2 Y9.86 Z5.71 U88.72 V-134.34 E0.034051
G1 F X-34.39 Y9.86 Z5.71 U88.73 V-134.64 E0.034051
G1 F X-34.58 Y9.86 Z5.71 U88.73 V-134.94 E0.034051
G1 F X-34.77 Y9.86 Z5.71 U88.74 V-135.24 E0.034051
G1 F X-34.97 Y9.86 Z5.71 U88.75 V-135.53 E0.034051
G1 F X-35.16 Y9.86 Z5.71 U88.76 V-135.82 E0.034051
G1 F X-35.35 Y9.86 Z5.7 U88.77 V-136.12 E0.034051
G1 F X-35.54 Y9.86 Z5.7 U88.78 V-136.41 E0.034051
G1 F X-35.74 Y9.86 Z5.7 U88.79 V-136.7 E0.034051
G1 F X-35.93 Y9.86 Z5.7 U88.79 V-136.98 E0.034051
G1 F X-36.12 Y9.86 Z5.7 U88.8 V-137.27 E0.034051
G1 F X-36.32 Y9.86 Z5.7 U88.81 V-137.55 E0.034051
G1 F X-36.51 Y9.86 Z5.7 U88.82 V-137.83 E0.034051
G1 F X-36.7 Y9.86 Z5.7 U88.83 V-138.11 E0.034051
G1 F X-36.9 Y9.86 Z5.69 U88.84 V-138.39 E0.034051
G1 F X-37.09 Y9.86 Z5.69 U88.85 V-138.67 E0.034051
G1 F X-37.28 Y9.86 Z5.69 U88.86 V-138.94 E0.034051
G1 F X-37.48 Y9.86 Z5.69 U88.86 V-139.21 E0.034051
G1 F X-37.67 Y9.86 Z5.69 U88.87 V-139.48 E0.034051
G1 F X-37.86 Y9.86 Z5.69 U88.88 V-139.75 E0.034051
G1 F X-38.06 Y9.86 Z5.68 U88.89 V-140.02 E0.034051
G1 F X-38.25 Y9.86 Z5.68 U88.9 V-140.28 E0.034051
G1 F X-38.45 Y9.86 Z5.68 U88.91 V-140.54 E0.034051
G1 F X-38.64 Y9.86 Z5.68 U88.92 V-140.8 E0.034051
G1 F X-38.84 Y9.86 Z5.67 U88.93 V-141.06 E0.034051
G1 F X-39.03 Y9.86 Z5.67 U88.94 V-141.31 E0.034051
G1 F X-39.23 Y9.86 Z5.67 U88.95 V-141.56 E0.034051
G1 F X-39.42 Y9.86 Z5.66 U88.96 V-141.82 E0.034051
G1 F X-39.62 Y9.86 Z5.66 U88.97 V-142.06 E0.034051
G1 F X-39.81 Y9.86 Z5.66 U88.99 V-142.31 E0.034051
G1 F X-40.01 Y9.86 Z5.65 U89 V-142.55 E0.034051
G1 F X-40.2 Y9.85 Z5.65 U89.01 V-142.79 E0.034051
G1 F X-40.4 Y9.85 Z5.64 U89.02 V-143.03 E0.034051
G1 F X-40.59 Y9.85 Z5.64 U89.03 V-143.27 E0.034051
G1 F X-40.79 Y9.85 Z5.63 U89.05 V-143.5 E0.034051
G1 F X-40.99 Y9.85 Z5.63 U89.06 V-143.73 E0.034051
G1 F X-41.18 Y9.85 Z5.62 U89.07 V-143.96 E0.034051
G1 F X-41.38 Y9.85 Z5.62 U89.08 V-144.18 E0.034051
G1 F X-41.58 Y9.85 Z5.61 U89.1 V-144.4 E0.034051
G1 F X-41.77 Y9.85 Z5.6 U89.11 V-144.62 E0.034051
G1 F X-41.97 Y9.85 Z5.6 U89.12 V-144.84 E0.034051
G1 F X-42.17 Y9.85 Z5.59 U89.14 V-145.05 E0.034051
G1 F X-42.36 Y9.85 Z5.58 U89.15 V-145.26 E0.034051
G1 F X-42.56 Y9.85 Z5.58 U89.16 V-145.47 E0.034051
G1 F X-42.76 Y9.85 Z5.57 U89.18 V-145.67 E0.034051
G1 F X-42.95 Y9.85 Z5.56 U89.19 V-145.87 E0.034051
G1 F X-43.15 Y9.85 Z5.55 U89.21 V-146.07 E0.034051
G1 F X-43.35 Y9.85 Z5.55 U89.22 V-146.26 E0.034051
G1 F X-43.55 Y9.85 Z5.54 U89.24 V-146.46 E0.034051
G1 F X-43.75 Y9.85 Z5.53 U89.25 V-146.64 E0.034051
G1 F X-43.94 Y9.85 Z5.52 U89.27 V-146.83 E0.034051
G1 F X-44.14 Y9.85 Z5.51 U89.28 V-147.01 E0.034051
G1 F X-44.34 Y9.85 Z5.51 U89.29 V-147.19 E0.034051
G1 F X-44.54 Y9.85 Z5.5 U89.31 V-147.36 E0.034051
G1 F X-44.74 Y9.85 Z5.49 U89.32 V-147.53 E0.034051
G1 F X-44.94 Y9.85 Z5.48 U89.34 V-147.7 E0.034051
G1 F X-45.14 Y9.85 Z5.47 U89.36 V-147.86 E0.034051
G1 F X-45.33 Y9.85 Z5.46 U89.37 V-148.02 E0.034051
G1 F X-45.53 Y9.85 Z5.45 U89.39 V-148.17 E0.034051
G1 F X-45.73 Y9.85 Z5.44 U89.4 V-148.33 E0.034051
G1 F X-45.93 Y9.85 Z5.43 U89.42 V-148.47 E0.034051
G1 F X-46.13 Y9.85 Z5.42 U89.43 V-148.62 E0.034051
G1 F X-46.33 Y9.85 Z5.41 U89.45 V-148.76 E0.034051
G1 F X-46.53 Y9.85 Z5.4 U89.47 V-148.89 E0.034051
G1 F X-46.73 Y9.85 Z5.39 U89.48 V-149.03 E0.034051
G1 F X-46.93 Y9.85 Z5.38 U89.5 V-149.15 E0.034051
G1 F X-47.13 Y9.85 Z5.36 U89.51 V-149.28 E0.034051
G1 F X-47.33 Y9.85 Z5.35 U89.53 V-149.4 E0.034051
G1 F X-47.53 Y9.85 Z5.34 U89.55 V-149.51 E0.034051
G1 F X-47.73 Y9.85 Z5.33 U89.57 V-149.62 E0.034051
G1 F X-47.75 Y9.85 Z5.33 U89.57 V-149.63 E0.003521
G1 F X-47.76 Y9.76 Z5.4 U89.67 V-149.64 E0.03053
G1 F X-47.77 Y9.65 Z5.48 U89.77 V-149.65 E0.034051
G1 F X-47.78 Y9.55 Z5.56 U89.88 V-149.65 E0.034051
G1 F X-47.79 Y9.45 Z5.64 U89.99 V-149.66 E0.034051
G1 F X-47.8 Y9.34 Z5.73 U90.1 V-149.66 E0.034051
G1 F X-47.81 Y9.24 Z5.81 U90.21 V-149.67 E0.034051
G1 F X-47.82 Y9.14 Z5.89 U90.31 V-149.68 E0.034051
G1 F X-47.83 Y9.03 Z5.98 U90.42 V-149.68 E0.034051
G1 F X-47.83 Y9.2 Z6.08 U90.42 V-149.68 E0
G1 F X-47.2 Y12.86 Z7.94 U90.22 V-149.33 E0
G1 F300 E-1.00 ;Filament Retraction!!
G1 F X-47.2 Y12.68 Z7.84 U90.22 V-149.33 E0
G1 F X-47.01 Y12.68 Z7.83 U90.23 V-149.21 E0.034114
G1 F300 E1.1;Filament (De)-Retraction!!
G1 F300 E-1.00 ;Filament Retraction!!
G1 F X-46.81 Y12.68 Z7.82 U90.23 V-149.09 E0.034114
G1 F X-46.61 Y12.68 Z7.82 U90.24 V-148.96 E0.034114
G1 F300 E1.1;Filament (De)-Retraction!!
G1 F X-46.42 Y12.68 Z7.81 U90.25 V-148.83 E0.034114
G1 F X-46.22 Y12.68 Z7.81 U90.26 V-148.69 E0.034114
G1 F X-46.02 Y12.68 Z7.8 U90.26 V-148.55 E0.034114
G1 F X-45.83 Y12.68 Z7.8 U90.27 V-148.41 E0.034114
G1 F X-45.63 Y12.68 Z7.79 U90.28 V-148.27 E0.034114
G1 F X-45.44 Y12.68 Z7.79 U90.29 V-148.12 E0.034114
G1 F X-45.24 Y12.68 Z7.78 U90.29 V-147.96 E0.034114
G1 F X-45.05 Y12.68 Z7.78 U90.3 V-147.8 E0.034114
G1 F X-44.85 Y12.68 Z7.77 U90.31 V-147.64 E0.034114
G1 F X-44.66 Y12.68 Z7.77 U90.32 V-147.48 E0.034114
G1 F X-44.46 Y12.68 Z7.76 U90.32 V-147.31 E0.034114
G1 F X-44.27 Y12.68 Z7.76 U90.33 V-147.14 E0.034114
G1 F X-44.08 Y12.68 Z7.76 U90.34 V-146.97 E0.034114
G1 F X-43.88 Y12.68 Z7.75 U90.34 V-146.79 E0.034114
G1 F X-43.69 Y12.68 Z7.75 U90.35 V-146.61 E0.034114
G1 F X-43.5 Y12.68 Z7.75 U90.35 V-146.43 E0.034114
G1 F X-43.3 Y12.68 Z7.74 U90.36 V-146.24 E0.034114
G1 F X-43.11 Y12.68 Z7.74 U90.37 V-146.05 E0.034114
G1 F X-42.92 Y12.68 Z7.74 U90.37 V-145.86 E0.034114
G1 F X-42.72 Y12.69 Z7.73 U90.38 V-145.66 E0.034114
G1 F X-42.53 Y12.69 Z7.73 U90.38 V-145.46 E0.034114
G1 F X-42.34 Y12.69 Z7.73 U90.39 V-145.26 E0.034114
G1 F X-42.15 Y12.69 Z7.72 U90.39 V-145.06 E0.034114
G1 F X-41.95 Y12.69 Z7.72 U90.4 V-144.85 E0.034114
G1 F X-41.76 Y12.69 Z7.72 U90.4 V-144.64 E0.034114
G1 F X-41.57 Y12.69 Z7.72 U90.41 V-144.43 E0.034114
G1 F X-41.38 Y12.69 Z7.71 U90.41 V-144.21 E0.034114
G1 F X-41.19 Y12.69 Z7.71 U90.42 V-143.99 E0.034114
G1 F X-41 Y12.69 Z7.71 U90.42 V-143.77 E0.034114
G1 F X-40.81 Y12.69 Z7.71 U90.43 V-143.55 E0.034114
G1 F X-40.61 Y12.69 Z7.71 U90.43 V-143.32 E0.034114
G1 F X-40.42 Y12.69 Z7.7 U90.44 V-143.1 E0.034114
G1 F X-40.23 Y12.69 Z7.7 U90.44 V-142.87 E0.034114
G1 F X-40.04 Y12.69 Z7.7 U90.45 V-142.63 E0.034114
G1 F X-39.85 Y12.69 Z7.7 U90.45 V-142.4 E0.034114
G1 F X-39.66 Y12.69 Z7.7 U90.45 V-142.16 E0.034114
G1 F X-39.47 Y12.69 Z7.69 U90.46 V-141.92 E0.034114
G1 F X-39.29 Y12.69 Z7.69 U90.46 V-141.68 E0.034114
G1 F X-39.1 Y12.69 Z7.69 U90.47 V-141.44 E0.034114
G1 F X-38.91 Y12.69 Z7.69 U90.47 V-141.19 E0.034114
G1 F X-38.72 Y12.69 Z7.69 U90.48 V-140.94 E0.034114
G1 F X-38.53 Y12.69 Z7.69 U90.48 V-140.69 E0.034114
G1 F X-38.34 Y12.69 Z7.69 U90.49 V-140.44 E0.034114
G1 F X-38.15 Y12.69 Z7.68 U90.49 V-140.19 E0.034114
G1 F X-37.97 Y12.69 Z7.68 U90.5 V-139.93 E0.034114
G1 F X-37.78 Y12.69 Z7.68 U90.5 V-139.67 E0.034114
G1 F X-37.59 Y12.69 Z7.68 U90.5 V-139.41 E0.034114
G1 F X-37.4 Y12.69 Z7.68 U90.51 V-139.15 E0.034114
G1 F X-37.21 Y12.69 Z7.68 U90.51 V-138.89 E0.034114
G1 F X-37.03 Y12.69 Z7.67 U90.52 V-138.63 E0.034114
G1 F X-36.84 Y12.69 Z7.67 U90.52 V-138.36 E0.034114
G1 F X-36.65 Y12.69 Z7.67 U90.53 V-138.09 E0.034114
G1 F X-36.47 Y12.69 Z7.67 U90.53 V-137.82 E0.034114
G1 F X-36.28 Y12.69 Z7.67 U90.53 V-137.55 E0.034114
G1 F X-36.09 Y12.69 Z7.67 U90.54 V-137.28 E0.034114
G1 F X-35.91 Y12.69 Z7.67 U90.54 V-137 E0.034114
G1 F X-35.72 Y12.69 Z7.67 U90.54 V-136.72 E0.034114
G1 F X-35.53 Y12.69 Z7.67 U90.54 V-136.45 E0.034114
G1 F X-35.35 Y12.69 Z7.67 U90.55 V-136.17 E0.034114
G1 F X-35.16 Y12.69 Z7.67 U90.55 V-135.89 E0.034114
G1 F X-34.98 Y12.69 Z7.67 U90.55 V-135.6 E0.034114
G1 F X-34.79 Y12.69 Z7.67 U90.55 V-135.32 E0.034114
G1 F X-34.61 Y12.69 Z7.67 U90.55 V-135.03 E0.034114
G1 F X-34.42 Y12.69 Z7.67 U90.56 V-134.75 E0.034114
G1 F X-34.23 Y12.69 Z7.68 U90.56 V-134.46 E0.034114
G1 F X-34.05 Y12.69 Z7.68 U90.56 V-134.17 E0.034114
G1 F X-33.86 Y12.69 Z7.68 U90.56 V-133.88 E0.034114
G1 F X-33.68 Y12.69 Z7.68 U90.56 V-133.59 E0.034114
G1 F X-33.49 Y12.69 Z7.68 U90.56 V-133.3 E0.034114
G1 F X-33.31 Y12.69 Z7.68 U90.57 V-133.01 E0.034114
G1 F X-33.13 Y12.69 Z7.68 U90.57 V-132.71 E0.034114
G1 F X-32.94 Y12.69 Z7.68 U90.57 V-132.42 E0.034114
G1 F X-32.76 Y12.69 Z7.68 U90.57 V-132.12 E0.034114
G1 F X-32.57 Y12.69 Z7.68 U90.57 V-131.82 E0.034114
G1 F X-32.39 Y12.69 Z7.68 U90.58 V-131.53 E0.034114
G1 F X-32.2 Y12.69 Z7.68 U90.58 V-131.23 E0.034114
G1 F X-32.02 Y12.69 Z7.68 U90.58 V-130.93 E0.034114
G1 F X-31.84 Y12.69 Z7.68 U90.58 V-130.63 E0.034114
G1 F X-31.65 Y12.69 Z7.68 U90.59 V-130.33 E0.034114
G1 F X-31.47 Y12.69 Z7.68 U90.59 V-130.02 E0.034114
G1 F X-31.29 Y12.69 Z7.68 U90.59 V-129.72 E0.034114
G1 F X-31.1 Y12.69 Z7.68 U90.6 V-129.42 E0.034114
G1 F X-30.92 Y12.69 Z7.68 U90.6 V-129.11 E0.034114
G1 F X-30.74 Y12.69 Z7.68 U90.6 V-128.81 E0.034114
G1 F X-30.55 Y12.69 Z7.68 U90.61 V-128.5 E0.034114
G1 F X-30.37 Y12.69 Z7.69 U90.61 V-128.2 E0.034114
G1 F X-30.19 Y12.69 Z7.69 U90.61 V-127.89 E0.034114
G1 F X-30.01 Y12.69 Z7.69 U90.61 V-127.58 E0.034114
G1 F X-29.82 Y12.69 Z7.69 U90.61 V-127.27 E0.034114
G1 F X-29.64 Y12.69 Z7.69 U90.61 V-126.96 E0.034114
G1 F X-29.46 Y12.69 Z7.69 U90.61 V-126.65 E0.034114
G1 F X-29.27 Y12.69 Z7.69 U90.61 V-126.34 E0.034114
G1 F X-29.09 Y12.69 Z7.7 U90.61 V-126.03 E0.034114
G1 F X-28.91 Y12.69 Z7.7 U90.61 V-125.72 E0.034114
G1 F X-28.72 Y12.69 Z7.7 U90.61 V-125.41 E0.034114
G1 F X-28.71 Y12.69 Z7.7 U90.61 V-125.39 E0.002018
G1 F X-28.66 Y12.8 Z7.7 U90.24 V-125.28 E0.032096
G1 F X-28.61 Y12.92 Z7.7 U89.85 V-125.16 E0.034114
G1 F X-28.56 Y13.04 Z7.7 U89.45 V-125.04 E0.034114
G1 F X-28.55 Y13.06 Z7.7 U89.39 V-125.03 E0.005341
G1 F X-28.7 Y13.06 Z7.7 U89.39 V-125.29 E0.028772
G1 F X-28.89 Y13.06 Z7.7 U89.39 V-125.6 E0.034114
G1 F X-29.07 Y13.06 Z7.7 U89.4 V-125.91 E0.034114
G1 F X-29.25 Y13.06 Z7.7 U89.4 V-126.23 E0.034114
G1 F X-29.44 Y13.06 Z7.7 U89.4 V-126.54 E0.034114
G1 F X-29.62 Y13.06 Z7.7 U89.4 V-126.85 E0.034114
G1 F X-29.8 Y13.06 Z7.7 U89.4 V-127.16 E0.034114
G1 F X-29.99 Y13.06 Z7.7 U89.4 V-127.47 E0.034114
G1 F X-30.17 Y13.06 Z7.71 U89.41 V-127.77 E0.034114
G1 F X-30.35 Y13.06 Z7.71 U89.41 V-128.08 E0.034114
G1 F X-30.54 Y13.06 Z7.71 U89.41 V-128.39 E0.034114
G1 F X-30.72 Y13.06 Z7.71 U89.41 V-128.7 E0.034114
G1 F X-30.9 Y13.06 Z7.71 U89.41 V-129 E0.034114
G1 F X-31.09 Y13.06 Z7.71 U89.41 V-129.31 E0.034114
G1 F X-31.27 Y13.06 Z7.72 U89.41 V-129.61 E0.034114
G1 F X-31.45 Y13.06 Z7.72 U89.41 V-129.92 E0.034114
G1 F X-31.64 Y13.06 Z7.72 U89.41 V-130.22 E0.034114
G1 F X-31.82 Y13.06 Z7.72 U89.41 V-130.52 E0.034114
G1 F X-32 Y13.06 Z7.72 U89.41 V-130.82 E0.034114
G1 F X-32.19 Y13.06 Z7.72 U89.41 V-131.12 E0.034114
G1 F X-32.37 Y13.06 Z7.72 U89.41 V-131.42 E0.034114
G1 F X-32.56 Y13.06 Z7.72 U89.41 V-131.72 E0.034114
G1 F X-32.74 Y13.06 Z7.73 U89.42 V-132.02 E0.034114
G1 F X-32.93 Y13.06 Z7.73 U89.42 V-132.32 E0.034114
G1 F X-33.11 Y13.06 Z7.73 U89.42 V-132.61 E0.034114
G1 F X-33.3 Y13.06 Z7.73 U89.42 V-132.91 E0.034114
G1 F X-33.48 Y13.06 Z7.73 U89.42 V-133.2 E0.034114
G1 F X-33.67 Y13.06 Z7.73 U89.43 V-133.5 E0.034114
G1 F X-33.85 Y13.06 Z7.73 U89.43 V-133.79 E0.034114
G1 F X-34.04 Y13.06 Z7.73 U89.43 V-134.08 E0.034114
G1 F X-34.22 Y13.06 Z7.73 U89.44 V-134.37 E0.034114
G1 F X-34.41 Y13.06 Z7.73 U89.44 V-134.66 E0.034114
G1 F X-34.59 Y13.06 Z7.73 U89.44 V-134.95 E0.034114
G1 F X-34.78 Y13.06 Z7.73 U89.45 V-135.23 E0.034114
G1 F X-34.97 Y13.06 Z7.73 U89.45 V-135.52 E0.034114
G1 F X-35.15 Y13.06 Z7.72 U89.46 V-135.8 E0.034114
G1 F X-35.34 Y13.06 Z7.72 U89.46 V-136.09 E0.034114
G1 F X-35.53 Y13.06 Z7.72 U89.46 V-136.37 E0.034114
G1 F X-35.71 Y13.06 Z7.72 U89.47 V-136.65 E0.034114
G1 F X-35.9 Y13.06 Z7.72 U89.47 V-136.93 E0.034114
G1 F X-36.09 Y13.06 Z7.72 U89.47 V-137.2 E0.034114
G1 F X-36.27 Y13.06 Z7.72 U89.48 V-137.48 E0.034114
G1 F X-36.46 Y13.06 Z7.72 U89.48 V-137.75 E0.034114
G1 F X-36.65 Y13.06 Z7.72 U89.48 V-138.02 E0.034114
G1 F X-36.84 Y13.06 Z7.72 U89.49 V-138.29 E0.034114
G1 F X-37.02 Y13.06 Z7.72 U89.49 V-138.56 E0.034114
G1 F X-37.21 Y13.06 Z7.72 U89.49 V-138.83 E0.034114
G1 F X-37.4 Y13.06 Z7.72 U89.5 V-139.09 E0.034114
G1 F X-37.59 Y13.06 Z7.72 U89.5 V-139.36 E0.034114
G1 F X-37.78 Y13.06 Z7.72 U89.5 V-139.62 E0.034114
G1 F X-37.97 Y13.06 Z7.72 U89.51 V-139.88 E0.034114
G1 F X-38.15 Y13.06 Z7.72 U89.51 V-140.14 E0.034114
G1 F X-38.34 Y13.06 Z7.72 U89.51 V-140.39 E0.034114
G1 F X-38.53 Y13.06 Z7.71 U89.52 V-140.64 E0.034114
G1 F X-38.72 Y13.06 Z7.71 U89.52 V-140.9 E0.034114
G1 F X-38.91 Y13.06 Z7.71 U89.52 V-141.15 E0.034114
G1 F X-39.1 Y13.06 Z7.71 U89.53 V-141.39 E0.034114
G1 F X-39.29 Y13.06 Z7.71 U89.53 V-141.64 E0.034114
G1 F X-39.48 Y13.06 Z7.71 U89.54 V-141.88 E0.034114
G1 F X-39.67 Y13.06 Z7.71 U89.54 V-142.12 E0.034114
G1 F X-39.86 Y13.06 Z7.7 U89.55 V-142.36 E0.034114
G1 F X-40.05 Y13.06 Z7.7 U89.55 V-142.6 E0.034114
G1 F X-40.24 Y13.06 Z7.7 U89.55 V-142.84 E0.034114
G1 F X-40.44 Y13.06 Z7.7 U89.56 V-143.07 E0.034114
G1 F X-40.63 Y13.06 Z7.7 U89.57 V-143.3 E0.034114
G1 F X-40.82 Y13.06 Z7.69 U89.57 V-143.53 E0.034114
G1 F X-41.01 Y13.06 Z7.69 U89.58 V-143.75 E0.034114
G1 F X-41.2 Y13.06 Z7.69 U89.58 V-143.97 E0.034114
G1 F X-41.4 Y13.06 Z7.69 U89.59 V-144.19 E0.034114
G1 F X-41.59 Y13.06 Z7.68 U89.59 V-144.41 E0.034114
G1 F X-41.78 Y13.06 Z7.68 U89.6 V-144.63 E0.034114
G1 F X-41.97 Y13.06 Z7.68 U89.6 V-144.84 E0.034114
G1 F X-42.17 Y13.06 Z7.67 U89.61 V-145.05 E0.034114
G1 F X-42.36 Y13.06 Z7.67 U89.62 V-145.25 E0.034114
G1 F X-42.55 Y13.06 Z7.67 U89.62 V-145.46 E0.034114
G1 F X-42.75 Y13.06 Z7.66 U89.63 V-145.66 E0.034114
G1 F X-42.94 Y13.06 Z7.66 U89.63 V-145.86 E0.034114
G1 F X-43.14 Y13.06 Z7.66 U89.64 V-146.05 E0.034114
G1 F X-43.33 Y13.06 Z7.65 U89.65 V-146.24 E0.034114
G1 F X-43.53 Y13.06 Z7.65 U89.65 V-146.43 E0.034114
G1 F X-43.72 Y13.06 Z7.65 U89.66 V-146.62 E0.034114
G1 F X-43.92 Y13.06 Z7.64 U89.66 V-146.8 E0.034114
G1 F X-44.11 Y13.06 Z7.64 U89.67 V-146.98 E0.034114
G1 F X-44.31 Y13.06 Z7.63 U89.68 V-147.15 E0.034114
G1 F X-44.5 Y13.06 Z7.63 U89.68 V-147.33 E0.034114
G1 F X-44.7 Y13.06 Z7.63 U89.69 V-147.49 E0.034114
G1 F X-44.9 Y13.06 Z7.62 U89.7 V-147.66 E0.034114
G1 F X-45.09 Y13.06 Z7.62 U89.7 V-147.82 E0.034114
G1 F X-45.29 Y13.06 Z7.61 U89.71 V-147.98 E0.034114
G1 F X-45.49 Y13.06 Z7.61 U89.72 V-148.13 E0.034114
G1 F X-45.68 Y13.06 Z7.61 U89.72 V-148.29 E0.034114
G1 F X-45.88 Y13.06 Z7.6 U89.73 V-148.43 E0.034114
G1 F X-46.08 Y13.06 Z7.6 U89.74 V-148.58 E0.034114
G1 F X-46.28 Y13.06 Z7.59 U89.74 V-148.72 E0.034114
G1 F X-46.47 Y13.06 Z7.59 U89.75 V-148.85 E0.034114
G1 F X-46.67 Y13.06 Z7.58 U89.76 V-148.99 E0.034114
G1 F X-46.87 Y13.06 Z7.58 U89.76 V-149.11 E0.034114
G1 F X-47.07 Y13.06 Z7.57 U89.77 V-149.24 E0.034114
G1 F X-47.27 Y13.06 Z7.57 U89.78 V-149.36 E0.034114
G1 F X-47.34 Y13.06 Z7.56 U89.78 V-149.4 E0.012819
G1 F X-47.35 Y13 Z7.61 U89.86 V-149.41 E0.021295
G1 F X-47.37 Y12.89 Z7.69 U89.97 V-149.42 E0.034114
G1 F X-47.38 Y12.79 Z7.76 U90.09 V-149.43 E0.034114
G1 F X-47.4 Y12.68 Z7.84 U90.21 V-149.45 E0.034114
G1 F X-47.4 Y12.86 Z7.95 U90.21 V-149.45 E0
G1 F X-47.65 Y12.63 Z8.13 U90.44 V-149.59 E0
G1 F X-47.65 Y12.46 Z8.02 U90.44 V-149.59 E0
G1 F X-47.46 Y12.46 Z8.01 U90.45 V-149.48 E0.034069
G1 F300 E-1.00 ;Filament Retraction!!
G1 F X-47.26 Y12.46 Z8 U90.47 V-149.37 E0.034069
G1 F X-47.07 Y12.46 Z7.99 U90.49 V-149.25 E0.034069
G1 F300 E1.1;Filament (De)-Retraction!!
G1 F X-46.87 Y12.46 Z7.97 U90.5 V-149.13 E0.034069
G1 F X-46.68 Y12.46 Z7.96 U90.52 V-149.01 E0.034069
G1 F X-46.48 Y12.46 Z7.95 U90.54 V-148.88 E0.034069
G1 F X-46.29 Y12.46 Z7.94 U90.56 V-148.75 E0.034069
G1 F X-46.1 Y12.46 Z7.93 U90.57 V-148.61 E0.034069
G1 F X-45.9 Y12.46 Z7.92 U90.59 V-148.47 E0.034069
G1 F X-45.71 Y12.46 Z7.91 U90.61 V-148.33 E0.034069
G1 F X-45.51 Y12.46 Z7.9 U90.62 V-148.18 E0.034069
G1 F X-45.32 Y12.46 Z7.89 U90.64 V-148.03 E0.034069
G1 F X-45.13 Y12.46 Z7.88 U90.66 V-147.88 E0.034069
G1 F X-44.93 Y12.46 Z7.87 U90.67 V-147.72 E0.034069
G1 F X-44.74 Y12.46 Z7.86 U90.69 V-147.56 E0.034069
G1 F X-44.55 Y12.46 Z7.85 U90.7 V-147.4 E0.034069
G1 F X-44.36 Y12.45 Z7.84 U90.72 V-147.23 E0.034069
G1 F X-44.16 Y12.45 Z7.83 U90.73 V-147.06 E0.034069
G1 F X-43.97 Y12.45 Z7.82 U90.75 V-146.88 E0.034069
G1 F X-43.78 Y12.45 Z7.82 U90.76 V-146.71 E0.034069
G1 F X-43.59 Y12.45 Z7.81 U90.78 V-146.53 E0.034069
G1 F X-43.4 Y12.45 Z7.8 U90.79 V-146.34 E0.034069
G1 F X-43.2 Y12.45 Z7.79 U90.81 V-146.16 E0.034069
G1 F X-43.01 Y12.45 Z7.79 U90.82 V-145.97 E0.034069
G1 F X-42.82 Y12.45 Z7.78 U90.84 V-145.78 E0.034069
G1 F X-42.63 Y12.45 Z7.77 U90.85 V-145.58 E0.034069
G1 F X-42.44 Y12.45 Z7.77 U90.86 V-145.38 E0.034069
G1 F X-42.25 Y12.45 Z7.76 U90.88 V-145.18 E0.034069
G1 F X-42.06 Y12.45 Z7.75 U90.89 V-144.98 E0.034069
G1 F X-41.87 Y12.45 Z7.75 U90.9 V-144.77 E0.034069
G1 F X-41.68 Y12.45 Z7.74 U90.92 V-144.56 E0.034069
G1 F X-41.49 Y12.45 Z7.74 U90.93 V-144.35 E0.034069
G1 F X-41.3 Y12.45 Z7.73 U90.94 V-144.14 E0.034069
G1 F X-41.11 Y12.44 Z7.73 U90.96 V-143.92 E0.034069
G1 F X-40.92 Y12.44 Z7.72 U90.97 V-143.7 E0.034069
G1 F X-40.73 Y12.44 Z7.72 U90.98 V-143.48 E0.034069
G1 F X-40.54 Y12.44 Z7.71 U91 V-143.26 E0.034069
G1 F X-40.35 Y12.44 Z7.71 U91.01 V-143.03 E0.034069
G1 F X-40.16 Y12.44 Z7.7 U91.02 V-142.8 E0.034069
G1 F X-39.97 Y12.44 Z7.7 U91.03 V-142.57 E0.034069
G1 F X-39.79 Y12.44 Z7.69 U91.04 V-142.34 E0.034069
G1 F X-39.6 Y12.44 Z7.69 U91.06 V-142.1 E0.034069
G1 F X-39.41 Y12.44 Z7.69 U91.07 V-141.86 E0.034069
G1 F X-39.22 Y12.44 Z7.68 U91.08 V-141.62 E0.034069
G1 F X-39.04 Y12.44 Z7.68 U91.09 V-141.38 E0.034069
G1 F X-38.85 Y12.44 Z7.68 U91.1 V-141.14 E0.034069
G1 F X-38.66 Y12.44 Z7.67 U91.12 V-140.89 E0.034069
G1 F X-38.47 Y12.44 Z7.67 U91.13 V-140.65 E0.034069
G1 F X-38.29 Y12.44 Z7.67 U91.14 V-140.4 E0.034069
G1 F X-38.1 Y12.44 Z7.66 U91.15 V-140.14 E0.034069
G1 F X-37.91 Y12.44 Z7.66 U91.16 V-139.89 E0.034069
G1 F X-37.73 Y12.43 Z7.66 U91.18 V-139.63 E0.034069
G1 F X-37.54 Y12.43 Z7.65 U91.19 V-139.38 E0.034069
G1 F X-37.36 Y12.43 Z7.65 U91.2 V-139.12 E0.034069
G1 F X-37.17 Y12.43 Z7.65 U91.21 V-138.86 E0.034069
G1 F X-36.98 Y12.43 Z7.65 U91.22 V-138.6 E0.034069
G1 F X-36.8 Y12.43 Z7.64 U91.23 V-138.33 E0.034069
G1 F X-36.61 Y12.43 Z7.64 U91.24 V-138.06 E0.034069
G1 F X-36.43 Y12.43 Z7.64 U91.25 V-137.8 E0.034069
G1 F X-36.24 Y12.43 Z7.64 U91.26 V-137.53 E0.034069
G1 F X-36.06 Y12.43 Z7.64 U91.27 V-137.26 E0.034069
G1 F X-35.87 Y12.43 Z7.64 U91.28 V-136.98 E0.034069
G1 F X-35.69 Y12.43 Z7.64 U91.29 V-136.71 E0.034069
G1 F X-35.5 Y12.43 Z7.64 U91.3 V-136.43 E0.034069
G1 F X-35.32 Y12.43 Z7.64 U91.31 V-136.16 E0.034069
G1 F X-35.13 Y12.43 Z7.64 U91.31 V-135.88 E0.034069
G1 F X-34.95 Y12.43 Z7.64 U91.32 V-135.6 E0.034069
G1 F X-34.76 Y12.43 Z7.64 U91.33 V-135.32 E0.034069
G1 F X-34.58 Y12.43 Z7.64 U91.34 V-135.03 E0.034069
G1 F X-34.4 Y12.43 Z7.64 U91.34 V-134.75 E0.034069
G1 F X-34.21 Y12.42 Z7.64 U91.35 V-134.46 E0.034069
G1 F X-34.03 Y12.42 Z7.64 U91.36 V-134.18 E0.034069
G1 F X-33.84 Y12.42 Z7.64 U91.36 V-133.89 E0.034069
G1 F X-33.66 Y12.42 Z7.64 U91.37 V-133.6 E0.034069
G1 F X-33.48 Y12.42 Z7.64 U91.38 V-133.31 E0.034069
G1 F X-33.29 Y12.42 Z7.65 U91.38 V-133.02 E0.034069
G1 F X-33.11 Y12.42 Z7.65 U91.39 V-132.73 E0.034069
G1 F X-32.93 Y12.42 Z7.65 U91.4 V-132.43 E0.034069
G1 F X-32.74 Y12.42 Z7.65 U91.4 V-132.14 E0.034069
G1 F X-32.56 Y12.42 Z7.65 U91.41 V-131.85 E0.034069
G1 F X-32.38 Y12.42 Z7.65 U91.42 V-131.55 E0.034069
G1 F X-32.19 Y12.42 Z7.65 U91.42 V-131.25 E0.034069
G1 F X-32.01 Y12.42 Z7.66 U91.43 V-130.95 E0.034069
G1 F X-31.83 Y12.42 Z7.66 U91.44 V-130.66 E0.034069
G1 F X-31.65 Y12.42 Z7.66 U91.44 V-130.36 E0.034069
G1 F X-31.46 Y12.42 Z7.66 U91.45 V-130.06 E0.034069
G1 F X-31.28 Y12.42 Z7.66 U91.46 V-129.76 E0.034069
G1 F X-31.1 Y12.42 Z7.66 U91.47 V-129.45 E0.034069
G1 F X-30.92 Y12.42 Z7.66 U91.47 V-129.15 E0.034069
G1 F X-30.73 Y12.42 Z7.67 U91.48 V-128.85 E0.034069
G1 F X-30.55 Y12.42 Z7.67 U91.48 V-128.54 E0.034069
G1 F X-30.37 Y12.42 Z7.67 U91.49 V-128.24 E0.034069
G1 F X-30.19 Y12.42 Z7.67 U91.49 V-127.93 E0.034069
G1 F X-30.01 Y12.42 Z7.68 U91.5 V-127.63 E0.034069
G1 F X-29.82 Y12.42 Z7.68 U91.5 V-127.32 E0.034069
G1 F X-29.64 Y12.41 Z7.68 U91.51 V-127.01 E0.034069
G1 F X-29.46 Y12.41 Z7.69 U91.51 V-126.71 E0.034069
G1 F X-29.28 Y12.41 Z7.69 U91.51 V-126.4 E0.034069
G1 F X-29.09 Y12.41 Z7.69 U91.51 V-126.09 E0.034069
G1 F X-28.91 Y12.41 Z7.7 U91.52 V-125.78 E0.034069
G1 F X-28.73 Y12.41 Z7.7 U91.52 V-125.47 E0.034069
G1 F X-28.55 Y12.41 Z7.71 U91.52 V-125.16 E0.034069
G1 F X-28.42 Y12.41 Z7.71 U91.52 V-124.94 E0.023159
G1 F X-28.41 Y12.45 Z7.71 U91.39 V-124.91 E0.01091
G1 F X-28.35 Y12.57 Z7.71 U91 V-124.79 E0.034069
G1 F X-28.29 Y12.69 Z7.7 U90.61 V-124.67 E0.034069
G1 F X-28.24 Y12.81 Z7.7 U90.21 V-124.55 E0.034069
G1 F X-28.19 Y12.93 Z7.7 U89.81 V-124.43 E0.034069
G1 F X-28.13 Y13.05 Z7.69 U89.42 V-124.32 E0.034069
G1 F X-28.08 Y13.16 Z7.69 U89.02 V-124.2 E0.034069
G1 F X-28.03 Y13.28 Z7.69 U88.63 V-124.08 E0.034069
G1 F X-28.02 Y13.33 Z7.68 U88.47 V-124.03 E0.013026
G1 F X-28.13 Y13.33 Z7.69 U88.48 V-124.23 E0.021043
G1 F X-28.31 Y13.33 Z7.69 U88.48 V-124.54 E0.034069
G1 F X-28.49 Y13.33 Z7.69 U88.48 V-124.85 E0.034069
G1 F X-28.68 Y13.33 Z7.7 U88.49 V-125.17 E0.034069
G1 F X-28.86 Y13.33 Z7.7 U88.49 V-125.48 E0.034069
G1 F X-29.04 Y13.33 Z7.7 U88.49 V-125.79 E0.034069
G1 F X-29.23 Y13.33 Z7.71 U88.5 V-126.1 E0.034069
G1 F X-29.41 Y13.33 Z7.71 U88.5 V-126.42 E0.034069
G1 F X-29.59 Y13.32 Z7.71 U88.51 V-126.73 E0.034069
G1 F X-29.78 Y13.32 Z7.71 U88.51 V-127.04 E0.034069
G1 F X-29.96 Y13.32 Z7.72 U88.51 V-127.35 E0.034069
G1 F X-30.14 Y13.32 Z7.72 U88.52 V-127.66 E0.034069
G1 F X-30.33 Y13.32 Z7.72 U88.52 V-127.97 E0.034069
G1 F X-30.51 Y13.32 Z7.73 U88.53 V-128.27 E0.034069
G1 F X-30.69 Y13.32 Z7.73 U88.53 V-128.58 E0.034069
G1 F X-30.88 Y13.32 Z7.73 U88.53 V-128.89 E0.034069
G1 F X-31.06 Y13.32 Z7.74 U88.54 V-129.19 E0.034069
G1 F X-31.24 Y13.32 Z7.74 U88.54 V-129.5 E0.034069
G1 F X-31.43 Y13.32 Z7.74 U88.54 V-129.8 E0.034069
G1 F X-31.61 Y13.32 Z7.75 U88.55 V-130.11 E0.034069
G1 F X-31.8 Y13.32 Z7.75 U88.55 V-130.41 E0.034069
G1 F X-31.98 Y13.32 Z7.75 U88.56 V-130.71 E0.034069
G1 F X-32.16 Y13.32 Z7.75 U88.56 V-131.02 E0.034069
G1 F X-32.35 Y13.32 Z7.76 U88.57 V-131.32 E0.034069
G1 F X-32.53 Y13.32 Z7.76 U88.57 V-131.62 E0.034069
G1 F X-32.72 Y13.32 Z7.76 U88.58 V-131.92 E0.034069
G1 F X-32.9 Y13.32 Z7.76 U88.59 V-132.22 E0.034069
G1 F X-33.09 Y13.32 Z7.76 U88.59 V-132.51 E0.034069
G1 F X-33.27 Y13.32 Z7.76 U88.6 V-132.81 E0.034069
G1 F X-33.46 Y13.32 Z7.76 U88.61 V-133.11 E0.034069
G1 F X-33.65 Y13.32 Z7.76 U88.62 V-133.4 E0.034069
G1 F X-33.83 Y13.32 Z7.76 U88.62 V-133.7 E0.034069
G1 F X-34.02 Y13.32 Z7.77 U88.63 V-133.99 E0.034069
G1 F X-34.2 Y13.32 Z7.77 U88.64 V-134.28 E0.034069
G1 F X-34.39 Y13.32 Z7.77 U88.65 V-134.57 E0.034069
G1 F X-34.58 Y13.32 Z7.76 U88.66 V-134.86 E0.034069
G1 F X-34.76 Y13.32 Z7.76 U88.67 V-135.15 E0.034069
G1 F X-34.95 Y13.32 Z7.76 U88.68 V-135.44 E0.034069
G1 F X-35.14 Y13.32 Z7.76 U88.69 V-135.72 E0.034069
G1 F X-35.32 Y13.31 Z7.76 U88.7 V-136.01 E0.034069
G1 F X-35.51 Y13.31 Z7.76 U88.71 V-136.29 E0.034069
G1 F X-35.7 Y13.31 Z7.76 U88.72 V-136.57 E0.034069
G1 F X-35.89 Y13.31 Z7.76 U88.73 V-136.85 E0.034069
G1 F X-36.07 Y13.31 Z7.76 U88.74 V-137.13 E0.034069
G1 F X-36.26 Y13.31 Z7.76 U88.75 V-137.41 E0.034069
G1 F X-36.45 Y13.31 Z7.76 U88.76 V-137.68 E0.034069
G1 F X-36.64 Y13.31 Z7.75 U88.77 V-137.96 E0.034069
G1 F X-36.83 Y13.31 Z7.75 U88.78 V-138.23 E0.034069
G1 F X-37.02 Y13.31 Z7.75 U88.79 V-138.5 E0.034069
G1 F X-37.2 Y13.31 Z7.75 U88.8 V-138.77 E0.034069
G1 F X-37.39 Y13.31 Z7.75 U88.81 V-139.04 E0.034069
G1 F X-37.58 Y13.31 Z7.75 U88.82 V-139.3 E0.034069
G1 F X-37.77 Y13.31 Z7.74 U88.83 V-139.57 E0.034069
G1 F X-37.96 Y13.31 Z7.74 U88.84 V-139.83 E0.034069
G1 F X-38.15 Y13.31 Z7.74 U88.85 V-140.09 E0.034069
G1 F X-38.34 Y13.31 Z7.74 U88.86 V-140.34 E0.034069
G1 F X-38.53 Y13.31 Z7.73 U88.87 V-140.6 E0.034069
G1 F X-38.72 Y13.31 Z7.73 U88.88 V-140.85 E0.034069
G1 F X-38.91 Y13.3 Z7.73 U88.89 V-141.11 E0.034069
G1 F X-39.1 Y13.3 Z7.73 U88.9 V-141.36 E0.034069
G1 F X-39.29 Y13.3 Z7.72 U88.91 V-141.6 E0.034069
G1 F X-39.48 Y13.3 Z7.72 U88.93 V-141.85 E0.034069
G1 F X-39.68 Y13.3 Z7.71 U88.94 V-142.09 E0.034069
G1 F X-39.87 Y13.3 Z7.71 U88.95 V-142.33 E0.034069
G1 F X-40.06 Y13.3 Z7.71 U88.96 V-142.57 E0.034069
G1 F X-40.25 Y13.3 Z7.7 U88.98 V-142.81 E0.034069
G1 F X-40.44 Y13.3 Z7.7 U88.99 V-143.04 E0.034069
G1 F X-40.64 Y13.3 Z7.69 U89 V-143.27 E0.034069
G1 F X-40.83 Y13.3 Z7.69 U89.02 V-143.5 E0.034069
G1 F X-41.02 Y13.3 Z7.68 U89.03 V-143.73 E0.034069
G1 F X-41.21 Y13.3 Z7.67 U89.04 V-143.96 E0.034069
G1 F X-41.41 Y13.3 Z7.67 U89.06 V-144.18 E0.034069
G1 F X-41.6 Y13.3 Z7.66 U89.07 V-144.4 E0.034069
G1 F X-41.8 Y13.3 Z7.66 U89.09 V-144.61 E0.034069
G1 F X-41.99 Y13.3 Z7.65 U89.1 V-144.83 E0.034069
G1 F X-42.18 Y13.3 Z7.64 U89.11 V-145.04 E0.034069
G1 F X-42.38 Y13.29 Z7.64 U89.13 V-145.25 E0.034069
G1 F X-42.57 Y13.29 Z7.63 U89.14 V-145.45 E0.034069
G1 F X-42.77 Y13.29 Z7.62 U89.16 V-145.65 E0.034069
G1 F X-42.96 Y13.29 Z7.61 U89.17 V-145.85 E0.034069
G1 F X-43.16 Y13.29 Z7.61 U89.19 V-146.05 E0.034069
G1 F X-43.35 Y13.29 Z7.6 U89.2 V-146.24 E0.034069
G1 F X-43.55 Y13.29 Z7.59 U89.22 V-146.43 E0.034069
G1 F X-43.75 Y13.29 Z7.58 U89.23 V-146.62 E0.034069
G1 F X-43.94 Y13.29 Z7.57 U89.25 V-146.8 E0.034069
G1 F X-44.14 Y13.29 Z7.57 U89.27 V-146.98 E0.034069
G1 F X-44.34 Y13.29 Z7.56 U89.28 V-147.16 E0.034069
G1 F X-44.53 Y13.29 Z7.55 U89.3 V-147.33 E0.034069
G1 F X-44.73 Y13.29 Z7.54 U89.31 V-147.5 E0.034069
G1 F X-44.93 Y13.29 Z7.53 U89.33 V-147.67 E0.034069
G1 F X-45.13 Y13.29 Z7.52 U89.34 V-147.83 E0.034069
G1 F X-45.32 Y13.29 Z7.51 U89.36 V-147.99 E0.034069
G1 F X-45.52 Y13.29 Z7.5 U89.38 V-148.15 E0.034069
G1 F X-45.72 Y13.29 Z7.49 U89.39 V-148.3 E0.034069
G1 F X-45.92 Y13.29 Z7.48 U89.41 V-148.45 E0.034069
G1 F X-46.12 Y13.29 Z7.47 U89.42 V-148.59 E0.034069
G1 F X-46.31 Y13.29 Z7.46 U89.44 V-148.73 E0.034069
G1 F X-46.51 Y13.29 Z7.45 U89.46 V-148.87 E0.034069
G1 F X-46.71 Y13.28 Z7.44 U89.47 V-149 E0.034069
G1 F X-46.91 Y13.28 Z7.43 U89.49 V-149.13 E0.034069
G1 F X-47.11 Y13.28 Z7.42 U89.51 V-149.26 E0.034069
G1 F X-47.31 Y13.28 Z7.41 U89.52 V-149.38 E0.034069
G1 F X-47.51 Y13.28 Z7.39 U89.54 V-149.49 E0.034069
G1 F X-47.71 Y13.28 Z7.38 U89.56 V-149.6 E0.034069
G1 F X-47.73 Y13.28 Z7.38 U89.56 V-149.62 E0.003987
G1 F X-47.75 Y13.19 Z7.45 U89.66 V-149.63 E0.030082
G1 F X-47.76 Y13.09 Z7.53 U89.77 V-149.64 E0.034069
G1 F X-47.77 Y12.98 Z7.61 U89.88 V-149.65 E0.034069
G1 F X-47.79 Y12.88 Z7.7 U89.99 V-149.66 E0.034069
G1 F X-47.8 Y12.78 Z7.78 U90.1 V-149.67 E0.034069
G1 F X-47.82 Y12.67 Z7.87 U90.21 V-149.68 E0.034069
G1 F X-47.83 Y12.57 Z7.95 U90.31 V-149.69 E0.034069
G1 F X-47.85 Y12.46 Z8.04 U90.42 V-149.7 E0.034069
G1 F X-47.85 Y12.63 Z8.14 U90.42 V-149.7 E0
G1 F X-47.21 Y14.57 Z8.97 U90.22 V-149.34 E0
G1 F X-47.21 Y14.4 Z8.86 U90.22 V-149.34 E0
G1 F X-47.01 Y14.4 Z8.86 U90.23 V-149.22 E0.034085
G1 F300 E-1.00 ;Filament Retraction!!
G1 F X-46.82 Y14.4 Z8.85 U90.23 V-149.09 E0.034085
G1 F X-46.62 Y14.4 Z8.85 U90.24 V-148.97 E0.034085
G1 F300 E1.1;Filament (De)-Retraction!!
G1 F X-46.43 Y14.4 Z8.84 U90.25 V-148.84 E0.034085
G1 F X-46.23 Y14.4 Z8.84 U90.26 V-148.7 E0.034085
G1 F X-46.04 Y14.4 Z8.83 U90.26 V-148.57 E0.034085
G1 F X-45.84 Y14.4 Z8.82 U90.27 V-148.42 E0.034085
G1 F X-45.65 Y14.4 Z8.82 U90.28 V-148.28 E0.034085
G1 F X-45.45 Y14.4 Z8.81 U90.29 V-148.13 E0.034085
G1 F X-45.26 Y14.4 Z8.81 U90.29 V-147.98 E0.034085
G1 F X-45.07 Y14.4 Z8.8 U90.3 V-147.82 E0.034085
G1 F X-44.87 Y14.4 Z8.8 U90.31 V-147.66 E0.034085
G1 F X-44.68 Y14.4 Z8.8 U90.31 V-147.5 E0.034085
G1 F X-44.49 Y14.4 Z8.79 U90.32 V-147.34 E0.034085
G1 F X-44.29 Y14.4 Z8.79 U90.33 V-147.17 E0.034085
G1 F X-44.1 Y14.4 Z8.78 U90.33 V-147 E0.034085
G1 F X-43.91 Y14.4 Z8.78 U90.34 V-146.82 E0.034085
G1 F X-43.72 Y14.4 Z8.78 U90.35 V-146.64 E0.034085
G1 F X-43.53 Y14.4 Z8.77 U90.35 V-146.46 E0.034085
G1 F X-43.33 Y14.4 Z8.77 U90.36 V-146.28 E0.034085
G1 F X-43.14 Y14.4 Z8.77 U90.36 V-146.09 E0.034085
G1 F X-42.95 Y14.4 Z8.76 U90.37 V-145.9 E0.034085
G1 F X-42.76 Y14.4 Z8.76 U90.38 V-145.71 E0.034085
G1 F X-42.57 Y14.4 Z8.76 U90.38 V-145.51 E0.034085
G1 F X-42.38 Y14.4 Z8.75 U90.39 V-145.31 E0.034085
G1 F X-42.19 Y14.4 Z8.75 U90.39 V-145.11 E0.034085
G1 F X-42 Y14.4 Z8.75 U90.4 V-144.91 E0.034085
G1 F X-41.81 Y14.4 Z8.75 U90.4 V-144.7 E0.034085
G1 F X-41.62 Y14.4 Z8.74 U90.41 V-144.49 E0.034085
G1 F X-41.43 Y14.4 Z8.74 U90.41 V-144.28 E0.034085
G1 F X-41.24 Y14.4 Z8.74 U90.42 V-144.06 E0.034085
G1 F X-41.05 Y14.4 Z8.74 U90.42 V-143.85 E0.034085
G1 F X-40.87 Y14.4 Z8.74 U90.43 V-143.63 E0.034085
G1 F X-40.68 Y14.4 Z8.73 U90.43 V-143.41 E0.034085
G1 F X-40.49 Y14.4 Z8.73 U90.43 V-143.18 E0.034085
G1 F X-40.3 Y14.4 Z8.73 U90.44 V-142.96 E0.034085
G1 F X-40.11 Y14.4 Z8.73 U90.44 V-142.73 E0.034085
G1 F X-39.93 Y14.4 Z8.73 U90.45 V-142.5 E0.034085
G1 F X-39.74 Y14.4 Z8.72 U90.45 V-142.27 E0.034085
G1 F X-39.55 Y14.4 Z8.72 U90.46 V-142.03 E0.034085
G1 F X-39.37 Y14.4 Z8.72 U90.46 V-141.79 E0.034085
G1 F X-39.18 Y14.4 Z8.72 U90.47 V-141.55 E0.034085
G1 F X-38.99 Y14.4 Z8.72 U90.47 V-141.31 E0.034085
G1 F X-38.81 Y14.4 Z8.72 U90.48 V-141.07 E0.034085
G1 F X-38.62 Y14.4 Z8.71 U90.48 V-140.83 E0.034085
G1 F X-38.44 Y14.4 Z8.71 U90.48 V-140.58 E0.034085
G1 F X-38.25 Y14.4 Z8.71 U90.49 V-140.33 E0.034085
G1 F X-38.07 Y14.4 Z8.71 U90.49 V-140.08 E0.034085
G1 F X-37.88 Y14.4 Z8.71 U90.5 V-139.83 E0.034085
G1 F X-37.7 Y14.4 Z8.71 U90.5 V-139.58 E0.034085
G1 F X-37.51 Y14.4 Z8.71 U90.51 V-139.32 E0.034085
G1 F X-37.33 Y14.4 Z8.7 U90.51 V-139.06 E0.034085
G1 F X-37.14 Y14.4 Z8.7 U90.52 V-138.8 E0.034085
G1 F X-36.96 Y14.4 Z8.7 U90.52 V-138.54 E0.034085
G1 F X-36.78 Y14.4 Z8.7 U90.52 V-138.28 E0.034085
G1 F X-36.59 Y14.4 Z8.7 U90.53 V-138.02 E0.034085
G1 F X-36.41 Y14.4 Z8.7 U90.53 V-137.75 E0.034085
G1 F X-36.23 Y14.4 Z8.7 U90.54 V-137.48 E0.034085
G1 F X-36.04 Y14.4 Z8.7 U90.54 V-137.22 E0.034085
G1 F X-35.86 Y14.4 Z8.7 U90.54 V-136.95 E0.034085
G1 F X-35.68 Y14.4 Z8.7 U90.54 V-136.67 E0.034085
G1 F X-35.5 Y14.4 Z8.7 U90.55 V-136.4 E0.034085
G1 F X-35.31 Y14.4 Z8.7 U90.55 V-136.13 E0.034085
G1 F X-35.13 Y14.4 Z8.7 U90.55 V-135.85 E0.034085
G1 F X-34.95 Y14.4 Z8.7 U90.55 V-135.58 E0.034085
G1 F X-34.77 Y14.4 Z8.7 U90.55 V-135.3 E0.034085
G1 F X-34.59 Y14.4 Z8.7 U90.56 V-135.02 E0.034085
G1 F X-34.4 Y14.4 Z8.7 U90.56 V-134.74 E0.034085
G1 F X-34.22 Y14.4 Z8.7 U90.56 V-134.46 E0.034085
G1 F X-34.04 Y14.4 Z8.7 U90.56 V-134.17 E0.034085
G1 F X-33.86 Y14.4 Z8.7 U90.56 V-133.89 E0.034085
G1 F X-33.68 Y14.4 Z8.7 U90.56 V-133.6 E0.034085
G1 F X-33.5 Y14.41 Z8.7 U90.57 V-133.32 E0.034085
G1 F X-33.32 Y14.41 Z8.71 U90.57 V-133.03 E0.034085
G1 F X-33.14 Y14.41 Z8.71 U90.57 V-132.74 E0.034085
G1 F X-32.96 Y14.41 Z8.71 U90.57 V-132.46 E0.034085
G1 F X-32.78 Y14.41 Z8.71 U90.57 V-132.17 E0.034085
G1 F X-32.59 Y14.41 Z8.71 U90.57 V-131.88 E0.034085
G1 F X-32.41 Y14.41 Z8.71 U90.58 V-131.58 E0.034085
G1 F X-32.24 Y14.41 Z8.71 U90.58 V-131.29 E0.034085
G1 F X-32.06 Y14.41 Z8.71 U90.58 V-131 E0.034085
G1 F X-31.88 Y14.41 Z8.71 U90.58 V-130.71 E0.034085
G1 F X-31.7 Y14.41 Z8.71 U90.59 V-130.41 E0.034085
G1 F X-31.52 Y14.4 Z8.71 U90.59 V-130.12 E0.034085
G1 F X-31.34 Y14.4 Z8.71 U90.59 V-129.82 E0.034085
G1 F X-31.16 Y14.4 Z8.71 U90.6 V-129.53 E0.034085
G1 F X-30.98 Y14.4 Z8.71 U90.6 V-129.23 E0.034085
G1 F X-30.8 Y14.4 Z8.71 U90.6 V-128.93 E0.034085
G1 F X-30.62 Y14.4 Z8.71 U90.61 V-128.63 E0.034085
G1 F X-30.44 Y14.4 Z8.71 U90.61 V-128.33 E0.034085
G1 F X-30.26 Y14.4 Z8.71 U90.61 V-128.03 E0.034085
G1 F X-30.09 Y14.4 Z8.71 U90.61 V-127.73 E0.034085
G1 F X-29.91 Y14.4 Z8.71 U90.61 V-127.43 E0.034085
G1 F X-29.73 Y14.4 Z8.72 U90.62 V-127.13 E0.034085
G1 F X-29.55 Y14.4 Z8.72 U90.62 V-126.83 E0.034085
G1 F X-29.37 Y14.4 Z8.72 U90.62 V-126.53 E0.034085
G1 F X-29.19 Y14.4 Z8.72 U90.62 V-126.22 E0.034085
G1 F X-29.01 Y14.4 Z8.72 U90.62 V-125.92 E0.034085
G1 F X-28.83 Y14.4 Z8.72 U90.62 V-125.61 E0.034085
G1 F X-28.73 Y14.4 Z8.73 U90.62 V-125.43 E0.02093
G1 F X-28.7 Y14.45 Z8.73 U90.46 V-125.37 E0.013156
G1 F X-28.64 Y14.58 Z8.72 U90.04 V-125.22 E0.034085
G1 F X-28.57 Y14.7 Z8.72 U89.62 V-125.07 E0.034085
G1 F X-28.54 Y14.77 Z8.72 U89.39 V-124.99 E0.018844
G1 F X-28.62 Y14.77 Z8.72 U89.39 V-125.13 E0.015241
G1 F X-28.8 Y14.77 Z8.72 U89.39 V-125.43 E0.034085
G1 F X-28.98 Y14.77 Z8.73 U89.39 V-125.74 E0.034085
G1 F X-29.15 Y14.77 Z8.73 U89.4 V-126.04 E0.034085
G1 F X-29.33 Y14.77 Z8.73 U89.4 V-126.34 E0.034085
G1 F X-29.51 Y14.77 Z8.73 U89.4 V-126.65 E0.034085
G1 F X-29.69 Y14.77 Z8.73 U89.4 V-126.95 E0.034085
G1 F X-29.87 Y14.77 Z8.73 U89.4 V-127.25 E0.034085
G1 F X-30.05 Y14.77 Z8.73 U89.4 V-127.56 E0.034085
G1 F X-30.23 Y14.77 Z8.73 U89.4 V-127.86 E0.034085
G1 F X-30.41 Y14.77 Z8.73 U89.41 V-128.16 E0.034085
G1 F X-30.59 Y14.77 Z8.74 U89.41 V-128.46 E0.034085
G1 F X-30.77 Y14.77 Z8.74 U89.41 V-128.76 E0.034085
G1 F X-30.94 Y14.77 Z8.74 U89.41 V-129.06 E0.034085
G1 F X-31.12 Y14.77 Z8.74 U89.41 V-129.35 E0.034085
G1 F X-31.3 Y14.77 Z8.74 U89.41 V-129.65 E0.034085
G1 F X-31.48 Y14.77 Z8.74 U89.41 V-129.95 E0.034085
G1 F X-31.66 Y14.77 Z8.75 U89.41 V-130.24 E0.034085
G1 F X-31.84 Y14.77 Z8.75 U89.41 V-130.54 E0.034085
G1 F X-32.02 Y14.77 Z8.75 U89.41 V-130.83 E0.034085
G1 F X-32.2 Y14.77 Z8.75 U89.41 V-131.13 E0.034085
G1 F X-32.38 Y14.77 Z8.75 U89.41 V-131.42 E0.034085
G1 F X-32.56 Y14.77 Z8.75 U89.41 V-131.71 E0.034085
G1 F X-32.74 Y14.77 Z8.75 U89.41 V-132.01 E0.034085
G1 F X-32.92 Y14.77 Z8.75 U89.42 V-132.3 E0.034085
G1 F X-33.1 Y14.77 Z8.75 U89.42 V-132.59 E0.034085
G1 F X-33.29 Y14.77 Z8.75 U89.42 V-132.88 E0.034085
G1 F X-33.47 Y14.77 Z8.75 U89.42 V-133.17 E0.034085
G1 F X-33.65 Y14.77 Z8.75 U89.43 V-133.45 E0.034085
G1 F X-33.83 Y14.77 Z8.75 U89.43 V-133.74 E0.034085
G1 F X-34.01 Y14.77 Z8.75 U89.43 V-134.03 E0.034085
G1 F X-34.19 Y14.77 Z8.75 U89.44 V-134.31 E0.034085
G1 F X-34.37 Y14.77 Z8.75 U89.44 V-134.59 E0.034085
G1 F X-34.56 Y14.77 Z8.75 U89.44 V-134.88 E0.034085
G1 F X-34.74 Y14.77 Z8.75 U89.45 V-135.16 E0.034085
G1 F X-34.92 Y14.77 Z8.75 U89.45 V-135.44 E0.034085
G1 F X-35.1 Y14.77 Z8.75 U89.45 V-135.72 E0.034085
G1 F X-35.29 Y14.77 Z8.75 U89.46 V-135.99 E0.034085
G1 F X-35.47 Y14.77 Z8.75 U89.46 V-136.27 E0.034085
G1 F X-35.65 Y14.77 Z8.75 U89.46 V-136.54 E0.034085
G1 F X-35.84 Y14.77 Z8.75 U89.47 V-136.82 E0.034085
G1 F X-36.02 Y14.77 Z8.75 U89.47 V-137.09 E0.034085
G1 F X-36.2 Y14.77 Z8.75 U89.48 V-137.36 E0.034085
G1 F X-36.39 Y14.77 Z8.75 U89.48 V-137.63 E0.034085
G1 F X-36.57 Y14.77 Z8.75 U89.48 V-137.9 E0.034085
G1 F X-36.76 Y14.77 Z8.75 U89.49 V-138.16 E0.034085
G1 F X-36.94 Y14.77 Z8.75 U89.49 V-138.43 E0.034085
G1 F X-37.12 Y14.77 Z8.75 U89.49 V-138.69 E0.034085
G1 F X-37.31 Y14.78 Z8.75 U89.5 V-138.95 E0.034085
G1 F X-37.49 Y14.78 Z8.74 U89.5 V-139.21 E0.034085
G1 F X-37.68 Y14.78 Z8.74 U89.5 V-139.47 E0.034085
G1 F X-37.86 Y14.78 Z8.74 U89.5 V-139.73 E0.034085
G1 F X-38.05 Y14.78 Z8.74 U89.51 V-139.98 E0.034085
G1 F X-38.24 Y14.78 Z8.74 U89.51 V-140.23 E0.034085
G1 F X-38.42 Y14.78 Z8.74 U89.51 V-140.49 E0.034085
G1 F X-38.61 Y14.78 Z8.74 U89.52 V-140.73 E0.034085
G1 F X-38.79 Y14.78 Z8.74 U89.52 V-140.98 E0.034085
G1 F X-38.98 Y14.78 Z8.74 U89.52 V-141.23 E0.034085
G1 F X-39.17 Y14.78 Z8.74 U89.53 V-141.47 E0.034085
G1 F X-39.36 Y14.78 Z8.74 U89.53 V-141.71 E0.034085
G1 F X-39.54 Y14.78 Z8.73 U89.54 V-141.95 E0.034085
G1 F X-39.73 Y14.78 Z8.73 U89.54 V-142.19 E0.034085
G1 F X-39.92 Y14.78 Z8.73 U89.55 V-142.42 E0.034085
G1 F X-40.11 Y14.78 Z8.73 U89.55 V-142.66 E0.034085
G1 F X-40.3 Y14.78 Z8.73 U89.56 V-142.89 E0.034085
G1 F X-40.49 Y14.78 Z8.72 U89.56 V-143.12 E0.034085
G1 F X-40.67 Y14.78 Z8.72 U89.57 V-143.34 E0.034085
G1 F X-40.86 Y14.78 Z8.72 U89.57 V-143.57 E0.034085
G1 F X-41.05 Y14.78 Z8.72 U89.58 V-143.79 E0.034085
G1 F X-41.24 Y14.78 Z8.71 U89.58 V-144.01 E0.034085
G1 F X-41.43 Y14.78 Z8.71 U89.59 V-144.23 E0.034085
G1 F X-41.62 Y14.78 Z8.71 U89.59 V-144.44 E0.034085
G1 F X-41.81 Y14.78 Z8.71 U89.6 V-144.65 E0.034085
G1 F X-42.01 Y14.78 Z8.7 U89.6 V-144.86 E0.034085
G1 F X-42.2 Y14.78 Z8.7 U89.61 V-145.07 E0.034085
G1 F X-42.39 Y14.78 Z8.7 U89.62 V-145.27 E0.034085
G1 F X-42.58 Y14.78 Z8.69 U89.62 V-145.48 E0.034085
G1 F X-42.77 Y14.78 Z8.69 U89.63 V-145.67 E0.034085
G1 F X-42.96 Y14.78 Z8.69 U89.63 V-145.87 E0.034085
G1 F X-43.16 Y14.78 Z8.68 U89.64 V-146.06 E0.034085
G1 F X-43.35 Y14.78 Z8.68 U89.65 V-146.25 E0.034085
G1 F X-43.54 Y14.78 Z8.68 U89.65 V-146.44 E0.034085
G1 F X-43.74 Y14.78 Z8.67 U89.66 V-146.62 E0.034085
G1 F X-43.93 Y14.78 Z8.67 U89.66 V-146.8 E0.034085
G1 F X-44.12 Y14.78 Z8.67 U89.67 V-146.98 E0.034085
G1 F X-44.32 Y14.78 Z8.66 U89.68 V-147.16 E0.034085
G1 F X-44.51 Y14.78 Z8.66 U89.68 V-147.33 E0.034085
G1 F X-44.71 Y14.78 Z8.65 U89.69 V-147.49 E0.034085
G1 F X-44.9 Y14.78 Z8.65 U89.7 V-147.66 E0.034085
G1 F X-45.1 Y14.78 Z8.64 U89.7 V-147.82 E0.034085
G1 F X-45.29 Y14.78 Z8.64 U89.71 V-147.98 E0.034085
G1 F X-45.49 Y14.78 Z8.64 U89.72 V-148.13 E0.034085
G1 F X-45.68 Y14.78 Z8.63 U89.72 V-148.28 E0.034085
G1 F X-45.88 Y14.78 Z8.63 U89.73 V-148.43 E0.034085
G1 F X-46.08 Y14.78 Z8.62 U89.74 V-148.57 E0.034085
G1 F X-46.27 Y14.78 Z8.62 U89.74 V-148.71 E0.034085
G1 F X-46.47 Y14.78 Z8.61 U89.75 V-148.85 E0.034085
G1 F X-46.67 Y14.78 Z8.61 U89.76 V-148.98 E0.034085
G1 F X-46.86 Y14.78 Z8.6 U89.76 V-149.11 E0.034085
G1 F X-47.06 Y14.78 Z8.6 U89.77 V-149.23 E0.034085
G1 F X-47.26 Y14.78 Z8.59 U89.78 V-149.35 E0.034085
G1 F X-47.34 Y14.78 Z8.59 U89.78 V-149.4 E0.013405
G1 F X-47.35 Y14.72 Z8.64 U89.85 V-149.41 E0.02068
G1 F X-47.37 Y14.61 Z8.71 U89.97 V-149.42 E0.034085
G1 F X-47.38 Y14.51 Z8.79 U90.09 V-149.44 E0.034085
G1 F X-47.4 Y14.4 Z8.87 U90.21 V-149.45 E0.034085
G1 F X-47.4 Y14.57 Z8.97 U90.21 V-149.45 E0
G1 F X-47.66 Y14.35 Z9.15 U90.44 V-149.6 E0
G1 F X-47.66 Y14.18 Z9.05 U90.44 V-149.6 E0
G1 F X-47.47 Y14.18 Z9.04 U90.45 V-149.49 E0.03408
G1 F300 E-1.00 ;Filament Retraction!!
G1 F X-47.27 Y14.18 Z9.03 U90.47 V-149.38 E0.03408
G1 F X-47.08 Y14.18 Z9.02 U90.49 V-149.27 E0.03408
G1 F300 E1.1;Filament (De)-Retraction!!
G1 F X-46.89 Y14.18 Z9 U90.51 V-149.15 E0.03408
G1 F X-46.69 Y14.17 Z8.99 U90.52 V-149.02 E0.03408
G1 F X-46.5 Y14.17 Z8.98 U90.54 V-148.9 E0.03408
G1 F X-46.31 Y14.17 Z8.97 U90.56 V-148.76 E0.03408
G1 F X-46.11 Y14.17 Z8.96 U90.57 V-148.63 E0.03408
G1 F X-45.92 Y14.17 Z8.95 U90.59 V-148.49 E0.03408
G1 F X-45.73 Y14.17 Z8.94 U90.61 V-148.35 E0.03408
G1 F X-45.54 Y14.17 Z8.93 U90.63 V-148.21 E0.03408
G1 F X-45.34 Y14.17 Z8.92 U90.64 V-148.06 E0.03408
G1 F X-45.15 Y14.17 Z8.91 U90.66 V-147.9 E0.03408
G1 F X-44.96 Y14.17 Z8.9 U90.67 V-147.75 E0.03408
G1 F X-44.77 Y14.17 Z8.89 U90.69 V-147.59 E0.03408
G1 F X-44.58 Y14.17 Z8.88 U90.71 V-147.43 E0.03408
G1 F X-44.39 Y14.17 Z8.87 U90.72 V-147.26 E0.03408
G1 F X-44.19 Y14.17 Z8.86 U90.74 V-147.1 E0.03408
G1 F X-44 Y14.17 Z8.85 U90.75 V-146.93 E0.03408
G1 F X-43.81 Y14.16 Z8.85 U90.77 V-146.75 E0.03408
G1 F X-43.62 Y14.16 Z8.84 U90.79 V-146.57 E0.03408
G1 F X-43.43 Y14.16 Z8.83 U90.8 V-146.39 E0.03408
G1 F X-43.24 Y14.16 Z8.82 U90.82 V-146.21 E0.03408
G1 F X-43.05 Y14.16 Z8.82 U90.83 V-146.02 E0.03408
G1 F X-42.87 Y14.16 Z8.81 U90.84 V-145.84 E0.03408
G1 F X-42.68 Y14.16 Z8.8 U90.86 V-145.64 E0.03408
G1 F X-42.49 Y14.16 Z8.8 U90.87 V-145.45 E0.03408
G1 F X-42.3 Y14.16 Z8.79 U90.89 V-145.25 E0.03408
G1 F X-42.11 Y14.16 Z8.78 U90.9 V-145.05 E0.03408
G1 F X-41.92 Y14.16 Z8.78 U90.92 V-144.85 E0.03408
G1 F X-41.74 Y14.16 Z8.77 U90.93 V-144.64 E0.03408
G1 F X-41.55 Y14.15 Z8.77 U90.94 V-144.44 E0.03408
G1 F X-41.36 Y14.15 Z8.76 U90.96 V-144.23 E0.03408
G1 F X-41.17 Y14.15 Z8.76 U90.97 V-144.01 E0.03408
G1 F X-40.99 Y14.15 Z8.75 U90.98 V-143.8 E0.03408
G1 F X-40.8 Y14.15 Z8.75 U91 V-143.58 E0.03408
G1 F X-40.61 Y14.15 Z8.74 U91.01 V-143.36 E0.03408
G1 F X-40.43 Y14.15 Z8.74 U91.02 V-143.14 E0.03408
G1 F X-40.24 Y14.15 Z8.73 U91.04 V-142.92 E0.03408
G1 F X-40.06 Y14.15 Z8.73 U91.05 V-142.69 E0.03408
G1 F X-39.87 Y14.15 Z8.72 U91.06 V-142.46 E0.03408
G1 F X-39.68 Y14.15 Z8.72 U91.08 V-142.23 E0.03408
G1 F X-39.5 Y14.15 Z8.72 U91.09 V-142 E0.03408
G1 F X-39.31 Y14.14 Z8.71 U91.1 V-141.77 E0.03408
G1 F X-39.13 Y14.14 Z8.71 U91.11 V-141.53 E0.03408
G1 F X-38.95 Y14.14 Z8.7 U91.13 V-141.29 E0.03408
G1 F X-38.76 Y14.14 Z8.7 U91.14 V-141.05 E0.03408
G1 F X-38.58 Y14.14 Z8.7 U91.15 V-140.81 E0.03408
G1 F X-38.39 Y14.14 Z8.69 U91.16 V-140.57 E0.03408
G1 F X-38.21 Y14.14 Z8.69 U91.18 V-140.32 E0.03408
G1 F X-38.03 Y14.14 Z8.69 U91.19 V-140.07 E0.03408
G1 F X-37.84 Y14.14 Z8.68 U91.2 V-139.82 E0.03408
G1 F X-37.66 Y14.14 Z8.68 U91.21 V-139.57 E0.03408
G1 F X-37.48 Y14.14 Z8.68 U91.23 V-139.32 E0.03408
G1 F X-37.3 Y14.14 Z8.68 U91.24 V-139.06 E0.03408
G1 F X-37.11 Y14.13 Z8.67 U91.25 V-138.81 E0.03408
G1 F X-36.93 Y14.13 Z8.67 U91.26 V-138.55 E0.03408
G1 F X-36.75 Y14.13 Z8.67 U91.28 V-138.29 E0.03408
G1 F X-36.57 Y14.13 Z8.67 U91.29 V-138.03 E0.03408
G1 F X-36.38 Y14.13 Z8.67 U91.3 V-137.77 E0.03408
G1 F X-36.2 Y14.13 Z8.66 U91.31 V-137.5 E0.03408
G1 F X-36.02 Y14.13 Z8.66 U91.32 V-137.24 E0.03408
G1 F X-35.84 Y14.13 Z8.66 U91.33 V-136.97 E0.03408
G1 F X-35.66 Y14.13 Z8.66 U91.34 V-136.7 E0.03408
G1 F X-35.48 Y14.13 Z8.66 U91.35 V-136.43 E0.03408
G1 F X-35.3 Y14.13 Z8.66 U91.35 V-136.16 E0.03408
G1 F X-35.12 Y14.13 Z8.66 U91.36 V-135.89 E0.03408
G1 F X-34.94 Y14.13 Z8.66 U91.37 V-135.61 E0.03408
G1 F X-34.75 Y14.12 Z8.66 U91.38 V-135.34 E0.03408
G1 F X-34.57 Y14.12 Z8.66 U91.39 V-135.06 E0.03408
G1 F X-34.39 Y14.12 Z8.66 U91.4 V-134.78 E0.03408
G1 F X-34.21 Y14.12 Z8.66 U91.4 V-134.51 E0.03408
G1 F X-34.03 Y14.12 Z8.67 U91.41 V-134.23 E0.03408
G1 F X-33.85 Y14.12 Z8.67 U91.42 V-133.94 E0.03408
G1 F X-33.67 Y14.12 Z8.67 U91.43 V-133.66 E0.03408
G1 F X-33.49 Y14.12 Z8.67 U91.43 V-133.38 E0.03408
G1 F X-33.31 Y14.12 Z8.67 U91.44 V-133.1 E0.03408
G1 F X-33.14 Y14.12 Z8.67 U91.45 V-132.81 E0.03408
G1 F X-32.96 Y14.12 Z8.67 U91.46 V-132.52 E0.03408
G1 F X-32.78 Y14.12 Z8.67 U91.46 V-132.24 E0.03408
G1 F X-32.6 Y14.12 Z8.68 U91.47 V-131.95 E0.03408
G1 F X-32.42 Y14.12 Z8.68 U91.48 V-131.66 E0.03408
G1 F X-32.24 Y14.12 Z8.68 U91.49 V-131.37 E0.03408
G1 F X-32.06 Y14.12 Z8.68 U91.49 V-131.08 E0.03408
G1 F X-31.88 Y14.11 Z8.68 U91.5 V-130.79 E0.03408
G1 F X-31.7 Y14.11 Z8.68 U91.51 V-130.5 E0.03408
G1 F X-31.53 Y14.11 Z8.68 U91.52 V-130.2 E0.03408
G1 F X-31.35 Y14.11 Z8.69 U91.52 V-129.91 E0.03408
G1 F X-31.17 Y14.11 Z8.69 U91.53 V-129.62 E0.03408
G1 F X-30.99 Y14.11 Z8.69 U91.54 V-129.32 E0.03408
G1 F X-30.81 Y14.11 Z8.69 U91.55 V-129.03 E0.03408
G1 F X-30.64 Y14.11 Z8.69 U91.55 V-128.73 E0.03408
G1 F X-30.46 Y14.11 Z8.69 U91.56 V-128.43 E0.03408
G1 F X-30.28 Y14.11 Z8.7 U91.56 V-128.14 E0.03408
G1 F X-30.1 Y14.11 Z8.7 U91.57 V-127.84 E0.03408
G1 F X-29.92 Y14.11 Z8.7 U91.57 V-127.54 E0.03408
G1 F X-29.75 Y14.11 Z8.71 U91.58 V-127.24 E0.03408
G1 F X-29.57 Y14.11 Z8.71 U91.58 V-126.94 E0.03408
G1 F X-29.39 Y14.11 Z8.71 U91.59 V-126.64 E0.03408
G1 F X-29.21 Y14.11 Z8.72 U91.59 V-126.33 E0.03408
G1 F X-29.03 Y14.11 Z8.72 U91.59 V-126.03 E0.03408
G1 F X-28.86 Y14.11 Z8.73 U91.59 V-125.73 E0.03408
G1 F X-28.68 Y14.11 Z8.73 U91.6 V-125.43 E0.03408
G1 F X-28.5 Y14.11 Z8.73 U91.6 V-125.12 E0.03408
G1 F X-28.46 Y14.11 Z8.73 U91.6 V-125.06 E0.006846
G1 F X-28.41 Y14.21 Z8.73 U91.27 V-124.94 E0.027234
G1 F X-28.34 Y14.33 Z8.73 U90.85 V-124.79 E0.03408
G1 F X-28.28 Y14.46 Z8.73 U90.43 V-124.64 E0.03408
G1 F X-28.21 Y14.59 Z8.73 U90.01 V-124.49 E0.03408
G1 F X-28.15 Y14.71 Z8.72 U89.59 V-124.34 E0.03408
G1 F X-28.09 Y14.84 Z8.72 U89.17 V-124.19 E0.03408
G1 F X-28.03 Y14.96 Z8.71 U88.75 V-124.04 E0.03408
G1 F X-27.98 Y15.07 Z8.71 U88.39 V-123.91 E0.028866
G1 F X-28 Y15.07 Z8.71 U88.39 V-123.96 E0.005214
G1 F X-28.18 Y15.07 Z8.71 U88.4 V-124.27 E0.03408
G1 F X-28.36 Y15.07 Z8.72 U88.4 V-124.57 E0.03408
G1 F X-28.54 Y15.07 Z8.72 U88.4 V-124.88 E0.03408
G1 F X-28.72 Y15.06 Z8.72 U88.41 V-125.19 E0.03408
G1 F X-28.9 Y15.06 Z8.73 U88.41 V-125.49 E0.03408
G1 F X-29.08 Y15.06 Z8.73 U88.42 V-125.8 E0.03408
G1 F X-29.26 Y15.06 Z8.73 U88.42 V-126.1 E0.03408
G1 F X-29.44 Y15.06 Z8.74 U88.43 V-126.41 E0.03408
G1 F X-29.61 Y15.06 Z8.74 U88.43 V-126.71 E0.03408
G1 F X-29.79 Y15.06 Z8.74 U88.44 V-127.02 E0.03408
G1 F X-29.97 Y15.06 Z8.75 U88.44 V-127.32 E0.03408
G1 F X-30.15 Y15.06 Z8.75 U88.44 V-127.62 E0.03408
G1 F X-30.33 Y15.06 Z8.75 U88.45 V-127.93 E0.03408
G1 F X-30.51 Y15.06 Z8.76 U88.45 V-128.23 E0.03408
G1 F X-30.69 Y15.06 Z8.76 U88.46 V-128.53 E0.03408
G1 F X-30.87 Y15.06 Z8.76 U88.46 V-128.83 E0.03408
G1 F X-31.05 Y15.06 Z8.76 U88.47 V-129.13 E0.03408
G1 F X-31.23 Y15.06 Z8.77 U88.47 V-129.43 E0.03408
G1 F X-31.41 Y15.06 Z8.77 U88.47 V-129.73 E0.03408
G1 F X-31.59 Y15.06 Z8.77 U88.48 V-130.03 E0.03408
G1 F X-31.77 Y15.06 Z8.78 U88.48 V-130.33 E0.03408
G1 F X-31.95 Y15.06 Z8.78 U88.49 V-130.62 E0.03408
G1 F X-32.13 Y15.06 Z8.78 U88.49 V-130.92 E0.03408
G1 F X-32.31 Y15.06 Z8.78 U88.5 V-131.21 E0.03408
G1 F X-32.5 Y15.06 Z8.79 U88.51 V-131.51 E0.03408
G1 F X-32.68 Y15.06 Z8.79 U88.51 V-131.8 E0.03408
G1 F X-32.86 Y15.06 Z8.79 U88.52 V-132.1 E0.03408
G1 F X-33.04 Y15.06 Z8.79 U88.53 V-132.39 E0.03408
G1 F X-33.22 Y15.06 Z8.79 U88.54 V-132.68 E0.03408
G1 F X-33.4 Y15.05 Z8.79 U88.54 V-132.97 E0.03408
G1 F X-33.59 Y15.05 Z8.79 U88.55 V-133.26 E0.03408
G1 F X-33.77 Y15.05 Z8.79 U88.56 V-133.55 E0.03408
G1 F X-33.95 Y15.05 Z8.79 U88.57 V-133.84 E0.03408
G1 F X-34.13 Y15.05 Z8.79 U88.58 V-134.13 E0.03408
G1 F X-34.32 Y15.05 Z8.79 U88.59 V-134.42 E0.03408
G1 F X-34.5 Y15.05 Z8.79 U88.6 V-134.7 E0.03408
G1 F X-34.68 Y15.05 Z8.79 U88.61 V-134.99 E0.03408
G1 F X-34.87 Y15.05 Z8.79 U88.62 V-135.27 E0.03408
G1 F X-35.05 Y15.05 Z8.79 U88.63 V-135.55 E0.03408
G1 F X-35.24 Y15.05 Z8.79 U88.64 V-135.83 E0.03408
G1 F X-35.42 Y15.05 Z8.79 U88.65 V-136.11 E0.03408
G1 F X-35.6 Y15.05 Z8.79 U88.66 V-136.39 E0.03408
G1 F X-35.79 Y15.05 Z8.79 U88.67 V-136.67 E0.03408
G1 F X-35.97 Y15.04 Z8.79 U88.68 V-136.94 E0.03408
G1 F X-36.16 Y15.04 Z8.79 U88.69 V-137.22 E0.03408
G1 F X-36.34 Y15.04 Z8.79 U88.7 V-137.49 E0.03408
G1 F X-36.53 Y15.04 Z8.78 U88.72 V-137.76 E0.03408
G1 F X-36.71 Y15.04 Z8.78 U88.73 V-138.03 E0.03408
G1 F X-36.9 Y15.04 Z8.78 U88.74 V-138.3 E0.03408
G1 F X-37.09 Y15.04 Z8.78 U88.75 V-138.57 E0.03408
G1 F X-37.27 Y15.04 Z8.78 U88.76 V-138.83 E0.03408
G1 F X-37.46 Y15.04 Z8.78 U88.77 V-139.09 E0.03408
G1 F X-37.64 Y15.04 Z8.77 U88.78 V-139.36 E0.03408
G1 F X-37.83 Y15.04 Z8.77 U88.79 V-139.62 E0.03408
G1 F X-38.02 Y15.04 Z8.77 U88.8 V-139.87 E0.03408
G1 F X-38.2 Y15.04 Z8.77 U88.81 V-140.13 E0.03408
G1 F X-38.39 Y15.04 Z8.77 U88.83 V-140.38 E0.03408
G1 F X-38.58 Y15.03 Z8.76 U88.84 V-140.64 E0.03408
G1 F X-38.77 Y15.03 Z8.76 U88.85 V-140.89 E0.03408
G1 F X-38.96 Y15.03 Z8.76 U88.86 V-141.14 E0.03408
G1 F X-39.14 Y15.03 Z8.75 U88.87 V-141.38 E0.03408
G1 F X-39.33 Y15.03 Z8.75 U88.89 V-141.63 E0.03408
G1 F X-39.52 Y15.03 Z8.74 U88.9 V-141.87 E0.03408
G1 F X-39.71 Y15.03 Z8.74 U88.91 V-142.11 E0.03408
G1 F X-39.9 Y15.03 Z8.74 U88.93 V-142.35 E0.03408
G1 F X-40.09 Y15.03 Z8.73 U88.94 V-142.59 E0.03408
G1 F X-40.28 Y15.03 Z8.73 U88.95 V-142.82 E0.03408
G1 F X-40.47 Y15.03 Z8.72 U88.97 V-143.05 E0.03408
G1 F X-40.66 Y15.03 Z8.72 U88.98 V-143.28 E0.03408
G1 F X-40.85 Y15.03 Z8.71 U89 V-143.51 E0.03408
G1 F X-41.04 Y15.02 Z8.71 U89.01 V-143.74 E0.03408
G1 F X-41.24 Y15.02 Z8.7 U89.02 V-143.96 E0.03408
G1 F X-41.43 Y15.02 Z8.69 U89.04 V-144.18 E0.03408
G1 F X-41.62 Y15.02 Z8.69 U89.05 V-144.4 E0.03408
G1 F X-41.81 Y15.02 Z8.68 U89.07 V-144.61 E0.03408
G1 F X-42 Y15.02 Z8.68 U89.08 V-144.82 E0.03408
G1 F X-42.2 Y15.02 Z8.67 U89.1 V-145.03 E0.03408
G1 F X-42.39 Y15.02 Z8.66 U89.11 V-145.24 E0.03408
G1 F X-42.58 Y15.02 Z8.66 U89.13 V-145.44 E0.03408
G1 F X-42.78 Y15.02 Z8.65 U89.14 V-145.65 E0.03408
G1 F X-42.97 Y15.02 Z8.64 U89.16 V-145.84 E0.03408
G1 F X-43.17 Y15.02 Z8.63 U89.18 V-146.04 E0.03408
G1 F X-43.36 Y15.01 Z8.63 U89.19 V-146.23 E0.03408
G1 F X-43.55 Y15.01 Z8.62 U89.21 V-146.42 E0.03408
G1 F X-43.75 Y15.01 Z8.61 U89.22 V-146.61 E0.03408
G1 F X-43.94 Y15.01 Z8.6 U89.24 V-146.79 E0.03408
G1 F X-44.14 Y15.01 Z8.59 U89.26 V-146.97 E0.03408
G1 F X-44.34 Y15.01 Z8.58 U89.27 V-147.15 E0.03408
G1 F X-44.53 Y15.01 Z8.57 U89.29 V-147.32 E0.03408
G1 F X-44.73 Y15.01 Z8.57 U89.3 V-147.49 E0.03408
G1 F X-44.92 Y15.01 Z8.56 U89.32 V-147.66 E0.03408
G1 F X-45.12 Y15.01 Z8.55 U89.34 V-147.82 E0.03408
G1 F X-45.32 Y15.01 Z8.54 U89.35 V-147.98 E0.03408
G1 F X-45.52 Y15.01 Z8.53 U89.37 V-148.13 E0.03408
G1 F X-45.71 Y15.01 Z8.52 U89.39 V-148.29 E0.03408
G1 F X-45.91 Y15.01 Z8.51 U89.4 V-148.44 E0.03408
G1 F X-46.11 Y15.01 Z8.5 U89.42 V-148.58 E0.03408
G1 F X-46.31 Y15.01 Z8.49 U89.44 V-148.72 E0.03408
G1 F X-46.51 Y15 Z8.48 U89.45 V-148.86 E0.03408
G1 F X-46.7 Y15 Z8.47 U89.47 V-148.99 E0.03408
G1 F X-46.9 Y15 Z8.45 U89.49 V-149.12 E0.03408
G1 F X-47.1 Y15 Z8.44 U89.5 V-149.24 E0.03408
G1 F X-47.3 Y15 Z8.43 U89.52 V-149.37 E0.03408
G1 F X-47.5 Y15 Z8.42 U89.54 V-149.48 E0.03408
G1 F X-47.7 Y15 Z8.41 U89.56 V-149.59 E0.03408
G1 F X-47.73 Y15 Z8.41 U89.56 V-149.61 E0.004275
G1 F X-47.74 Y14.91 Z8.48 U89.66 V-149.62 E0.029806
G1 F X-47.76 Y14.81 Z8.56 U89.77 V-149.63 E0.03408
G1 F X-47.77 Y14.7 Z8.64 U89.88 V-149.65 E0.03408
G1 F X-47.79 Y14.6 Z8.72 U89.99 V-149.66 E0.03408
G1 F X-47.81 Y14.49 Z8.81 U90.1 V-149.67 E0.03408
G1 F X-47.82 Y14.39 Z8.89 U90.21 V-149.68 E0.03408
G1 F X-47.84 Y14.28 Z8.98 U90.31 V-149.69 E0.03408
G1 F X-47.86 Y14.18 Z9.06 U90.42 V-149.71 E0.03408
G1 F X-47.86 Y14.35 Z9.17 U90.42 V-149.71 E0
G1 F X-47.21 Y16.29 Z9.99 U90.22 V-149.34 E0
G1 F X-47.21 Y16.12 Z9.89 U90.22 V-149.34 E0
G1 F X-47.02 Y16.12 Z9.88 U90.22 V-149.22 E0.034106
G1 F300 E-1.00 ;Filament Retraction!!
G1 F X-46.82 Y16.12 Z9.88 U90.23 V-149.1 E0.034106
G1 F X-46.63 Y16.12 Z9.87 U90.24 V-148.97 E0.034106
G1 F300 E1.1;Filament (De)-Retraction!!
G1 F X-46.43 Y16.12 Z9.87 U90.25 V-148.84 E0.034106
G1 F X-46.24 Y16.12 Z9.86 U90.26 V-148.71 E0.034106
G1 F X-46.05 Y16.12 Z9.86 U90.26 V-148.58 E0.034106
G1 F X-45.85 Y16.12 Z9.85 U90.27 V-148.43 E0.034106
G1 F X-45.66 Y16.12 Z9.85 U90.28 V-148.29 E0.034106
G1 F X-45.47 Y16.12 Z9.84 U90.29 V-148.14 E0.034106
G1 F X-45.27 Y16.12 Z9.84 U90.29 V-147.99 E0.034106
G1 F X-45.08 Y16.12 Z9.83 U90.3 V-147.84 E0.034106
G1 F X-44.89 Y16.12 Z9.83 U90.31 V-147.68 E0.034106
G1 F X-44.7 Y16.12 Z9.82 U90.31 V-147.52 E0.034106
G1 F X-44.51 Y16.12 Z9.82 U90.32 V-147.36 E0.034106
G1 F X-44.31 Y16.12 Z9.81 U90.33 V-147.19 E0.034106
G1 F X-44.12 Y16.12 Z9.81 U90.33 V-147.02 E0.034106
G1 F X-43.93 Y16.12 Z9.81 U90.34 V-146.85 E0.034106
G1 F X-43.74 Y16.12 Z9.8 U90.35 V-146.67 E0.034106
G1 F X-43.55 Y16.12 Z9.8 U90.35 V-146.49 E0.034106
G1 F X-43.36 Y16.12 Z9.8 U90.36 V-146.31 E0.034106
G1 F X-43.17 Y16.12 Z9.79 U90.36 V-146.13 E0.034106
G1 F X-42.98 Y16.12 Z9.79 U90.37 V-145.94 E0.034106
G1 F X-42.8 Y16.12 Z9.79 U90.37 V-145.75 E0.034106
G1 F X-42.61 Y16.12 Z9.78 U90.38 V-145.55 E0.034106
G1 F X-42.42 Y16.12 Z9.78 U90.39 V-145.36 E0.034106
G1 F X-42.23 Y16.12 Z9.78 U90.39 V-145.16 E0.034106
G1 F X-42.04 Y16.12 Z9.78 U90.4 V-144.96 E0.034106
G1 F X-41.85 Y16.12 Z9.77 U90.4 V-144.76 E0.034106
G1 F X-41.67 Y16.12 Z9.77 U90.41 V-144.55 E0.034106
G1 F X-41.48 Y16.12 Z9.77 U90.41 V-144.34 E0.034106
G1 F X-41.29 Y16.12 Z9.77 U90.42 V-144.13 E0.034106
G1 F X-41.11 Y16.12 Z9.76 U90.42 V-143.92 E0.034106
G1 F X-40.92 Y16.12 Z9.76 U90.42 V-143.7 E0.034106
G1 F X-40.73 Y16.12 Z9.76 U90.43 V-143.48 E0.034106
G1 F X-40.55 Y16.12 Z9.76 U90.43 V-143.26 E0.034106
G1 F X-40.36 Y16.12 Z9.76 U90.44 V-143.04 E0.034106
G1 F X-40.18 Y16.12 Z9.75 U90.44 V-142.82 E0.034106
G1 F X-39.99 Y16.12 Z9.75 U90.45 V-142.59 E0.034106
G1 F X-39.81 Y16.12 Z9.75 U90.45 V-142.36 E0.034106
G1 F X-39.63 Y16.12 Z9.75 U90.46 V-142.13 E0.034106
G1 F X-39.44 Y16.12 Z9.75 U90.46 V-141.9 E0.034106
G1 F X-39.26 Y16.12 Z9.75 U90.47 V-141.66 E0.034106
G1 F X-39.07 Y16.12 Z9.74 U90.47 V-141.43 E0.034106
G1 F X-38.89 Y16.12 Z9.74 U90.47 V-141.19 E0.034106
G1 F X-38.71 Y16.12 Z9.74 U90.48 V-140.95 E0.034106
G1 F X-38.53 Y16.12 Z9.74 U90.48 V-140.71 E0.034106
G1 F X-38.34 Y16.12 Z9.74 U90.49 V-140.47 E0.034106
G1 F X-38.16 Y16.12 Z9.74 U90.49 V-140.22 E0.034106
G1 F X-37.98 Y16.12 Z9.74 U90.5 V-139.97 E0.034106
G1 F X-37.8 Y16.12 Z9.73 U90.5 V-139.73 E0.034106
G1 F X-37.62 Y16.12 Z9.73 U90.51 V-139.48 E0.034106
G1 F X-37.44 Y16.12 Z9.73 U90.51 V-139.22 E0.034106
G1 F X-37.25 Y16.12 Z9.73 U90.52 V-138.97 E0.034106
G1 F X-37.07 Y16.12 Z9.73 U90.52 V-138.72 E0.034106
G1 F X-36.89 Y16.12 Z9.73 U90.52 V-138.46 E0.034106
G1 F X-36.71 Y16.12 Z9.73 U90.53 V-138.2 E0.034106
G1 F X-36.53 Y16.12 Z9.73 U90.53 V-137.94 E0.034106
G1 F X-36.35 Y16.12 Z9.73 U90.54 V-137.68 E0.034106
G1 F X-36.17 Y16.12 Z9.73 U90.54 V-137.42 E0.034106
G1 F X-35.99 Y16.12 Z9.72 U90.54 V-137.16 E0.034106
G1 F X-35.81 Y16.12 Z9.72 U90.54 V-136.89 E0.034106
G1 F X-35.64 Y16.12 Z9.72 U90.55 V-136.62 E0.034106
G1 F X-35.46 Y16.12 Z9.73 U90.55 V-136.36 E0.034106
G1 F X-35.28 Y16.12 Z9.73 U90.55 V-136.09 E0.034106
G1 F X-35.1 Y16.12 Z9.73 U90.55 V-135.82 E0.034106
G1 F X-34.92 Y16.12 Z9.73 U90.55 V-135.55 E0.034106
G1 F X-34.74 Y16.12 Z9.73 U90.56 V-135.27 E0.034106
G1 F X-34.56 Y16.12 Z9.73 U90.56 V-135 E0.034106
G1 F X-34.39 Y16.12 Z9.73 U90.56 V-134.72 E0.034106
G1 F X-34.21 Y16.12 Z9.73 U90.56 V-134.45 E0.034106
G1 F X-34.03 Y16.12 Z9.73 U90.56 V-134.17 E0.034106
G1 F X-33.85 Y16.12 Z9.73 U90.57 V-133.89 E0.034106
G1 F X-33.68 Y16.12 Z9.73 U90.57 V-133.62 E0.034106
G1 F X-33.5 Y16.12 Z9.73 U90.57 V-133.34 E0.034106
G1 F X-33.32 Y16.12 Z9.73 U90.57 V-133.05 E0.034106
G1 F X-33.14 Y16.12 Z9.73 U90.57 V-132.77 E0.034106
G1 F X-32.97 Y16.12 Z9.73 U90.57 V-132.49 E0.034106
G1 F X-32.79 Y16.12 Z9.73 U90.58 V-132.21 E0.034106
G1 F X-32.62 Y16.12 Z9.73 U90.58 V-131.92 E0.034106
G1 F X-32.44 Y16.12 Z9.73 U90.58 V-131.64 E0.034106
G1 F X-32.26 Y16.12 Z9.74 U90.58 V-131.35 E0.034106
G1 F X-32.09 Y16.12 Z9.74 U90.59 V-131.07 E0.034106
G1 F X-31.91 Y16.12 Z9.74 U90.59 V-130.78 E0.034106
G1 F X-31.74 Y16.12 Z9.74 U90.59 V-130.49 E0.034106
G1 F X-31.56 Y16.12 Z9.74 U90.59 V-130.21 E0.034106
G1 F X-31.39 Y16.12 Z9.74 U90.6 V-129.92 E0.034106
G1 F X-31.21 Y16.12 Z9.74 U90.6 V-129.63 E0.034106
G1 F X-31.04 Y16.12 Z9.74 U90.6 V-129.34 E0.034106
G1 F X-30.86 Y16.12 Z9.74 U90.61 V-129.05 E0.034106
G1 F X-30.69 Y16.12 Z9.74 U90.61 V-128.76 E0.034106
G1 F X-30.51 Y16.12 Z9.74 U90.61 V-128.47 E0.034106
G1 F X-30.34 Y16.12 Z9.74 U90.62 V-128.18 E0.034106
G1 F X-30.16 Y16.12 Z9.74 U90.62 V-127.88 E0.034106
G1 F X-29.99 Y16.12 Z9.74 U90.62 V-127.59 E0.034106
G1 F X-29.81 Y16.12 Z9.74 U90.62 V-127.29 E0.034106
G1 F X-29.64 Y16.12 Z9.74 U90.62 V-127 E0.034106
G1 F X-29.47 Y16.12 Z9.74 U90.62 V-126.7 E0.034106
G1 F X-29.29 Y16.12 Z9.75 U90.62 V-126.41 E0.034106
G1 F X-29.12 Y16.12 Z9.75 U90.62 V-126.11 E0.034106
G1 F X-28.94 Y16.12 Z9.75 U90.62 V-125.82 E0.034106
G1 F X-28.77 Y16.12 Z9.75 U90.62 V-125.52 E0.034106
G1 F X-28.74 Y16.12 Z9.75 U90.62 V-125.47 E0.006006
G1 F X-28.67 Y16.23 Z9.75 U90.25 V-125.31 E0.0281
G1 F X-28.6 Y16.37 Z9.75 U89.8 V-125.13 E0.034106
G1 F X-28.53 Y16.49 Z9.75 U89.38 V-124.95 E0.031943
G1 F X-28.54 Y16.49 Z9.75 U89.38 V-124.97 E0.002163
G1 F X-28.71 Y16.49 Z9.75 U89.39 V-125.27 E0.034106
G1 F X-28.89 Y16.49 Z9.75 U89.39 V-125.57 E0.034106
G1 F X-29.06 Y16.49 Z9.75 U89.39 V-125.86 E0.034106
G1 F X-29.24 Y16.49 Z9.75 U89.39 V-126.16 E0.034106
G1 F X-29.41 Y16.49 Z9.75 U89.39 V-126.46 E0.034106
G1 F X-29.58 Y16.49 Z9.76 U89.4 V-126.75 E0.034106
G1 F X-29.76 Y16.49 Z9.76 U89.4 V-127.05 E0.034106
G1 F X-29.93 Y16.49 Z9.76 U89.4 V-127.34 E0.034106
G1 F X-30.11 Y16.49 Z9.76 U89.4 V-127.64 E0.034106
G1 F X-30.28 Y16.49 Z9.76 U89.4 V-127.93 E0.034106
G1 F X-30.46 Y16.49 Z9.76 U89.4 V-128.23 E0.034106
G1 F X-30.63 Y16.49 Z9.76 U89.4 V-128.52 E0.034106
G1 F X-30.81 Y16.49 Z9.76 U89.4 V-128.81 E0.034106
G1 F X-30.98 Y16.49 Z9.77 U89.4 V-129.1 E0.034106
G1 F X-31.16 Y16.49 Z9.77 U89.4 V-129.4 E0.034106
G1 F X-31.33 Y16.49 Z9.77 U89.4 V-129.69 E0.034106
G1 F X-31.51 Y16.49 Z9.77 U89.4 V-129.98 E0.034106
G1 F X-31.69 Y16.49 Z9.77 U89.4 V-130.26 E0.034106
G1 F X-31.86 Y16.49 Z9.77 U89.4 V-130.55 E0.034106
G1 F X-32.04 Y16.49 Z9.78 U89.4 V-130.84 E0.034106
G1 F X-32.21 Y16.49 Z9.78 U89.4 V-131.13 E0.034106
G1 F X-32.39 Y16.49 Z9.78 U89.41 V-131.42 E0.034106
G1 F X-32.57 Y16.49 Z9.78 U89.41 V-131.7 E0.034106
G1 F X-32.74 Y16.49 Z9.78 U89.41 V-131.99 E0.034106
G1 F X-32.92 Y16.49 Z9.78 U89.41 V-132.27 E0.034106
G1 F X-33.1 Y16.49 Z9.78 U89.41 V-132.56 E0.034106
G1 F X-33.27 Y16.49 Z9.78 U89.42 V-132.84 E0.034106
G1 F X-33.45 Y16.49 Z9.78 U89.42 V-133.12 E0.034106
G1 F X-33.63 Y16.49 Z9.78 U89.42 V-133.4 E0.034106
G1 F X-33.81 Y16.49 Z9.78 U89.42 V-133.69 E0.034106
G1 F X-33.98 Y16.49 Z9.78 U89.43 V-133.97 E0.034106
G1 F X-34.16 Y16.49 Z9.78 U89.43 V-134.24 E0.034106
G1 F X-34.34 Y16.49 Z9.78 U89.43 V-134.52 E0.034106
G1 F X-34.52 Y16.49 Z9.78 U89.44 V-134.8 E0.034106
G1 F X-34.7 Y16.49 Z9.78 U89.44 V-135.08 E0.034106
G1 F X-34.87 Y16.49 Z9.78 U89.45 V-135.35 E0.034106
G1 F X-35.05 Y16.49 Z9.78 U89.45 V-135.62 E0.034106
G1 F X-35.23 Y16.49 Z9.78 U89.45 V-135.9 E0.034106
G1 F X-35.41 Y16.49 Z9.78 U89.46 V-136.17 E0.034106
G1 F X-35.59 Y16.49 Z9.78 U89.46 V-136.44 E0.034106
G1 F X-35.77 Y16.49 Z9.78 U89.46 V-136.71 E0.034106
G1 F X-35.95 Y16.49 Z9.78 U89.47 V-136.98 E0.034106
G1 F X-36.13 Y16.49 Z9.78 U89.47 V-137.24 E0.034106
G1 F X-36.31 Y16.49 Z9.77 U89.48 V-137.51 E0.034106
G1 F X-36.49 Y16.49 Z9.77 U89.48 V-137.77 E0.034106
G1 F X-36.67 Y16.49 Z9.77 U89.48 V-138.03 E0.034106
G1 F X-36.85 Y16.49 Z9.77 U89.49 V-138.29 E0.034106
G1 F X-37.04 Y16.49 Z9.77 U89.49 V-138.55 E0.034106
G1 F X-37.22 Y16.49 Z9.77 U89.49 V-138.81 E0.034106
G1 F X-37.4 Y16.49 Z9.77 U89.5 V-139.07 E0.034106
G1 F X-37.58 Y16.49 Z9.77 U89.5 V-139.32 E0.034106
G1 F X-37.76 Y16.49 Z9.77 U89.5 V-139.57 E0.034106
G1 F X-37.95 Y16.49 Z9.77 U89.5 V-139.83 E0.034106
G1 F X-38.13 Y16.49 Z9.77 U89.51 V-140.08 E0.034106
G1 F X-38.31 Y16.49 Z9.77 U89.51 V-140.32 E0.034106
G1 F X-38.49 Y16.49 Z9.77 U89.51 V-140.57 E0.034106
G1 F X-38.68 Y16.49 Z9.77 U89.52 V-140.82 E0.034106
G1 F X-38.86 Y16.49 Z9.77 U89.52 V-141.06 E0.034106
G1 F X-39.05 Y16.49 Z9.76 U89.52 V-141.3 E0.034106
G1 F X-39.23 Y16.49 Z9.76 U89.53 V-141.54 E0.034106
G1 F X-39.41 Y16.49 Z9.76 U89.53 V-141.78 E0.034106
G1 F X-39.6 Y16.49 Z9.76 U89.54 V-142.01 E0.034106
G1 F X-39.78 Y16.49 Z9.76 U89.54 V-142.25 E0.034106
G1 F X-39.97 Y16.49 Z9.76 U89.55 V-142.48 E0.034106
G1 F X-40.16 Y16.49 Z9.75 U89.55 V-142.71 E0.034106
G1 F X-40.34 Y16.49 Z9.75 U89.56 V-142.93 E0.034106
G1 F X-40.53 Y16.49 Z9.75 U89.56 V-143.16 E0.034106
G1 F X-40.72 Y16.49 Z9.75 U89.57 V-143.38 E0.034106
G1 F X-40.9 Y16.49 Z9.75 U89.57 V-143.6 E0.034106
G1 F X-41.09 Y16.49 Z9.74 U89.58 V-143.82 E0.034106
G1 F X-41.28 Y16.49 Z9.74 U89.58 V-144.04 E0.034106
G1 F X-41.47 Y16.49 Z9.74 U89.59 V-144.25 E0.034106
G1 F X-41.65 Y16.49 Z9.74 U89.59 V-144.47 E0.034106
G1 F X-41.84 Y16.49 Z9.73 U89.6 V-144.68 E0.034106
G1 F X-42.03 Y16.49 Z9.73 U89.6 V-144.88 E0.034106
G1 F X-42.22 Y16.49 Z9.73 U89.61 V-145.09 E0.034106
G1 F X-42.41 Y16.49 Z9.72 U89.62 V-145.29 E0.034106
G1 F X-42.6 Y16.49 Z9.72 U89.62 V-145.49 E0.034106
G1 F X-42.79 Y16.49 Z9.72 U89.63 V-145.69 E0.034106
G1 F X-42.98 Y16.49 Z9.71 U89.63 V-145.88 E0.034106
G1 F X-43.17 Y16.49 Z9.71 U89.64 V-146.07 E0.034106
G1 F X-43.36 Y16.49 Z9.71 U89.65 V-146.26 E0.034106
G1 F X-43.55 Y16.49 Z9.7 U89.65 V-146.44 E0.034106
G1 F X-43.75 Y16.49 Z9.7 U89.66 V-146.63 E0.034106
G1 F X-43.94 Y16.49 Z9.7 U89.66 V-146.81 E0.034106
G1 F X-44.13 Y16.49 Z9.69 U89.67 V-146.98 E0.034106
G1 F X-44.32 Y16.49 Z9.69 U89.68 V-147.16 E0.034106
G1 F X-44.52 Y16.49 Z9.68 U89.68 V-147.33 E0.034106
G1 F X-44.71 Y16.49 Z9.68 U89.69 V-147.49 E0.034106
G1 F X-44.9 Y16.49 Z9.68 U89.7 V-147.66 E0.034106
G1 F X-45.1 Y16.49 Z9.67 U89.7 V-147.82 E0.034106
G1 F X-45.29 Y16.49 Z9.67 U89.71 V-147.97 E0.034106
G1 F X-45.49 Y16.49 Z9.66 U89.72 V-148.13 E0.034106
G1 F X-45.68 Y16.49 Z9.66 U89.72 V-148.28 E0.034106
G1 F X-45.88 Y16.49 Z9.65 U89.73 V-148.42 E0.034106
G1 F X-46.07 Y16.49 Z9.65 U89.74 V-148.57 E0.034106
G1 F X-46.27 Y16.49 Z9.64 U89.74 V-148.7 E0.034106
G1 F X-46.46 Y16.49 Z9.64 U89.75 V-148.84 E0.034106
G1 F X-46.66 Y16.5 Z9.64 U89.76 V-148.97 E0.034106
G1 F X-46.86 Y16.5 Z9.63 U89.76 V-149.1 E0.034106
G1 F X-47.05 Y16.5 Z9.63 U89.77 V-149.22 E0.034106
G1 F X-47.25 Y16.5 Z9.62 U89.78 V-149.34 E0.034106
G1 F X-47.33 Y16.5 Z9.62 U89.78 V-149.39 E0.014264
G1 F X-47.35 Y16.43 Z9.66 U89.85 V-149.4 E0.019842
G1 F X-47.37 Y16.33 Z9.74 U89.97 V-149.42 E0.034106
G1 F X-47.39 Y16.22 Z9.82 U90.09 V-149.44 E0.034106
G1 F X-47.41 Y16.12 Z9.9 U90.21 V-149.45 E0.034106
G1 F X-47.41 Y16.29 Z10 U90.21 V-149.45 E0
G1 F X-47.67 Y16.06 Z10.18 U90.44 V-149.61 E0
G1 F X-47.67 Y15.89 Z10.08 U90.44 V-149.61 E0
G1 F X-47.48 Y15.89 Z10.07 U90.45 V-149.5 E0.034139
G1 F300 E-1.00 ;Filament Retraction!!
G1 F X-47.28 Y15.89 Z10.06 U90.47 V-149.39 E0.034139
G1 F X-47.09 Y15.89 Z10.05 U90.49 V-149.28 E0.034139
G1 F300 E1.1;Filament (De)-Retraction!!
G1 F X-46.9 Y15.89 Z10.03 U90.51 V-149.16 E0.034139
G1 F X-46.7 Y15.89 Z10.02 U90.52 V-149.04 E0.034139
G1 F X-46.51 Y15.89 Z10.01 U90.54 V-148.91 E0.034139
G1 F X-46.32 Y15.89 Z10 U90.56 V-148.78 E0.034139
G1 F X-46.13 Y15.89 Z9.99 U90.58 V-148.65 E0.034139
G1 F X-45.94 Y15.89 Z9.98 U90.59 V-148.51 E0.034139
G1 F X-45.74 Y15.88 Z9.97 U90.61 V-148.37 E0.034139
G1 F X-45.55 Y15.88 Z9.96 U90.63 V-148.23 E0.034139
G1 F X-45.36 Y15.88 Z9.95 U90.65 V-148.08 E0.034139
G1 F X-45.17 Y15.88 Z9.94 U90.66 V-147.93 E0.034139
G1 F X-44.98 Y15.88 Z9.93 U90.68 V-147.78 E0.034139
G1 F X-44.79 Y15.88 Z9.92 U90.7 V-147.62 E0.034139
G1 F X-44.6 Y15.88 Z9.91 U90.71 V-147.46 E0.034139
G1 F X-44.41 Y15.88 Z9.9 U90.73 V-147.3 E0.034139
G1 F X-44.22 Y15.88 Z9.89 U90.75 V-147.13 E0.034139
G1 F X-44.03 Y15.88 Z9.89 U90.76 V-146.96 E0.034139
G1 F X-43.85 Y15.87 Z9.88 U90.78 V-146.79 E0.034139
G1 F X-43.66 Y15.87 Z9.87 U90.79 V-146.62 E0.034139
G1 F X-43.47 Y15.87 Z9.86 U90.81 V-146.44 E0.034139
G1 F X-43.28 Y15.87 Z9.85 U90.82 V-146.26 E0.034139
G1 F X-43.09 Y15.87 Z9.85 U90.84 V-146.08 E0.034139
G1 F X-42.91 Y15.87 Z9.84 U90.86 V-145.89 E0.034139
G1 F X-42.72 Y15.87 Z9.83 U90.87 V-145.7 E0.034139
G1 F X-42.53 Y15.87 Z9.83 U90.89 V-145.51 E0.034139
G1 F X-42.35 Y15.87 Z9.82 U90.9 V-145.32 E0.034139
G1 F X-42.16 Y15.86 Z9.81 U90.92 V-145.12 E0.034139
G1 F X-41.97 Y15.86 Z9.81 U90.93 V-144.92 E0.034139
G1 F X-41.79 Y15.86 Z9.8 U90.94 V-144.72 E0.034139
G1 F X-41.6 Y15.86 Z9.8 U90.96 V-144.52 E0.034139
G1 F X-41.42 Y15.86 Z9.79 U90.97 V-144.31 E0.034139
G1 F X-41.23 Y15.86 Z9.79 U90.99 V-144.1 E0.034139
G1 F X-41.05 Y15.86 Z9.78 U91 V-143.89 E0.034139
G1 F X-40.87 Y15.86 Z9.78 U91.02 V-143.68 E0.034139
G1 F X-40.68 Y15.86 Z9.77 U91.03 V-143.47 E0.034139
G1 F X-40.5 Y15.85 Z9.77 U91.04 V-143.25 E0.034139
G1 F X-40.31 Y15.85 Z9.76 U91.06 V-143.03 E0.034139
G1 F X-40.13 Y15.85 Z9.76 U91.07 V-142.81 E0.034139
G1 F X-39.95 Y15.85 Z9.75 U91.09 V-142.58 E0.034139
G1 F X-39.77 Y15.85 Z9.75 U91.1 V-142.36 E0.034139
G1 F X-39.58 Y15.85 Z9.74 U91.11 V-142.13 E0.034139
G1 F X-39.4 Y15.85 Z9.74 U91.13 V-141.9 E0.034139
G1 F X-39.22 Y15.85 Z9.74 U91.14 V-141.67 E0.034139
G1 F X-39.04 Y15.85 Z9.73 U91.15 V-141.44 E0.034139
G1 F X-38.86 Y15.84 Z9.73 U91.17 V-141.2 E0.034139
G1 F X-38.68 Y15.84 Z9.73 U91.18 V-140.97 E0.034139
G1 F X-38.5 Y15.84 Z9.72 U91.2 V-140.73 E0.034139
G1 F X-38.32 Y15.84 Z9.72 U91.21 V-140.49 E0.034139
G1 F X-38.13 Y15.84 Z9.72 U91.22 V-140.25 E0.034139
G1 F X-37.96 Y15.84 Z9.71 U91.24 V-140.01 E0.034139
G1 F X-37.78 Y15.84 Z9.71 U91.25 V-139.76 E0.034139
G1 F X-37.6 Y15.84 Z9.71 U91.26 V-139.52 E0.034139
G1 F X-37.42 Y15.83 Z9.7 U91.28 V-139.27 E0.034139
G1 F X-37.24 Y15.83 Z9.7 U91.29 V-139.02 E0.034139
G1 F X-37.06 Y15.83 Z9.7 U91.3 V-138.77 E0.034139
G1 F X-36.88 Y15.83 Z9.7 U91.32 V-138.51 E0.034139
G1 F X-36.7 Y15.83 Z9.69 U91.33 V-138.26 E0.034139
G1 F X-36.52 Y15.83 Z9.69 U91.34 V-138 E0.034139
G1 F X-36.35 Y15.83 Z9.69 U91.35 V-137.75 E0.034139
G1 F X-36.17 Y15.83 Z9.69 U91.36 V-137.49 E0.034139
G1 F X-35.99 Y15.83 Z9.69 U91.38 V-137.23 E0.034139
G1 F X-35.81 Y15.82 Z9.69 U91.39 V-136.97 E0.034139
G1 F X-35.63 Y15.82 Z9.69 U91.4 V-136.7 E0.034139
G1 F X-35.46 Y15.82 Z9.69 U91.41 V-136.44 E0.034139
G1 F X-35.28 Y15.82 Z9.69 U91.42 V-136.18 E0.034139
G1 F X-35.1 Y15.82 Z9.69 U91.43 V-135.91 E0.034139
G1 F X-34.93 Y15.82 Z9.69 U91.44 V-135.64 E0.034139
G1 F X-34.75 Y15.82 Z9.69 U91.45 V-135.37 E0.034139
G1 F X-34.57 Y15.82 Z9.69 U91.45 V-135.1 E0.034139
G1 F X-34.4 Y15.82 Z9.69 U91.46 V-134.83 E0.034139
G1 F X-34.22 Y15.82 Z9.69 U91.47 V-134.56 E0.034139
G1 F X-34.04 Y15.81 Z9.69 U91.48 V-134.29 E0.034139
G1 F X-33.87 Y15.81 Z9.69 U91.49 V-134.01 E0.034139
G1 F X-33.69 Y15.81 Z9.69 U91.5 V-133.74 E0.034139
G1 F X-33.52 Y15.81 Z9.69 U91.51 V-133.46 E0.034139
G1 F X-33.34 Y15.81 Z9.69 U91.52 V-133.18 E0.034139
G1 F X-33.17 Y15.81 Z9.7 U91.52 V-132.9 E0.034139
G1 F X-32.99 Y15.81 Z9.7 U91.53 V-132.63 E0.034139
G1 F X-32.81 Y15.81 Z9.7 U91.54 V-132.35 E0.034139
G1 F X-32.64 Y15.81 Z9.7 U91.55 V-132.06 E0.034139
G1 F X-32.47 Y15.81 Z9.7 U91.56 V-131.78 E0.034139
G1 F X-32.29 Y15.81 Z9.7 U91.56 V-131.5 E0.034139
G1 F X-32.12 Y15.8 Z9.7 U91.57 V-131.22 E0.034139
G1 F X-31.94 Y15.8 Z9.71 U91.58 V-130.93 E0.034139
G1 F X-31.77 Y15.8 Z9.71 U91.59 V-130.65 E0.034139
G1 F X-31.59 Y15.8 Z9.71 U91.6 V-130.37 E0.034139
G1 F X-31.42 Y15.8 Z9.71 U91.61 V-130.08 E0.034139
G1 F X-31.25 Y15.8 Z9.71 U91.62 V-129.79 E0.034139
G1 F X-31.07 Y15.8 Z9.71 U91.62 V-129.51 E0.034139
G1 F X-30.9 Y15.8 Z9.71 U91.63 V-129.22 E0.034139
G1 F X-30.72 Y15.8 Z9.72 U91.64 V-128.93 E0.034139
G1 F X-30.55 Y15.8 Z9.72 U91.65 V-128.64 E0.034139
G1 F X-30.38 Y15.8 Z9.72 U91.65 V-128.35 E0.034139
G1 F X-30.2 Y15.8 Z9.72 U91.66 V-128.06 E0.034139
G1 F X-30.03 Y15.79 Z9.73 U91.67 V-127.77 E0.034139
G1 F X-29.86 Y15.79 Z9.73 U91.67 V-127.48 E0.034139
G1 F X-29.68 Y15.79 Z9.73 U91.68 V-127.18 E0.034139
G1 F X-29.51 Y15.79 Z9.74 U91.68 V-126.89 E0.034139
G1 F X-29.33 Y15.79 Z9.74 U91.69 V-126.6 E0.034139
G1 F X-29.16 Y15.79 Z9.75 U91.69 V-126.3 E0.034139
G1 F X-28.99 Y15.79 Z9.75 U91.69 V-126.01 E0.034139
G1 F X-28.81 Y15.79 Z9.75 U91.7 V-125.71 E0.034139
G1 F X-28.64 Y15.79 Z9.76 U91.7 V-125.42 E0.034139
G1 F X-28.51 Y15.79 Z9.76 U91.7 V-125.2 E0.025045
G1 F X-28.49 Y15.83 Z9.76 U91.58 V-125.15 E0.009095
G1 F X-28.41 Y15.96 Z9.76 U91.13 V-124.96 E0.034139
G1 F X-28.33 Y16.1 Z9.76 U90.68 V-124.78 E0.034139
G1 F X-28.25 Y16.24 Z9.75 U90.23 V-124.59 E0.034139
G1 F X-28.17 Y16.37 Z9.75 U89.78 V-124.4 E0.034139
G1 F X-28.1 Y16.51 Z9.75 U89.33 V-124.21 E0.034139
G1 F X-28.02 Y16.64 Z9.74 U88.88 V-124.02 E0.034139
G1 F X-27.95 Y16.77 Z9.73 U88.43 V-123.83 E0.034139
G1 F X-27.93 Y16.81 Z9.73 U88.29 V-123.77 E0.0105
G1 F X-28.05 Y16.81 Z9.74 U88.29 V-123.98 E0.023639
G1 F X-28.23 Y16.81 Z9.74 U88.29 V-124.28 E0.034139
G1 F X-28.4 Y16.81 Z9.74 U88.3 V-124.58 E0.034139
G1 F X-28.58 Y16.81 Z9.75 U88.3 V-124.88 E0.034139
G1 F X-28.75 Y16.81 Z9.75 U88.31 V-125.18 E0.034139
G1 F X-28.93 Y16.81 Z9.75 U88.31 V-125.48 E0.034139
G1 F X-29.1 Y16.81 Z9.76 U88.32 V-125.78 E0.034139
G1 F X-29.28 Y16.81 Z9.76 U88.32 V-126.08 E0.034139
G1 F X-29.45 Y16.81 Z9.76 U88.33 V-126.38 E0.034139
G1 F X-29.63 Y16.81 Z9.77 U88.33 V-126.68 E0.034139
G1 F X-29.8 Y16.81 Z9.77 U88.34 V-126.97 E0.034139
G1 F X-29.98 Y16.81 Z9.77 U88.34 V-127.27 E0.034139
G1 F X-30.16 Y16.81 Z9.78 U88.35 V-127.57 E0.034139
G1 F X-30.33 Y16.81 Z9.78 U88.35 V-127.87 E0.034139
G1 F X-30.51 Y16.81 Z9.78 U88.36 V-128.16 E0.034139
G1 F X-30.68 Y16.81 Z9.79 U88.36 V-128.46 E0.034139
G1 F X-30.86 Y16.8 Z9.79 U88.37 V-128.75 E0.034139
G1 F X-31.04 Y16.8 Z9.79 U88.37 V-129.05 E0.034139
G1 F X-31.21 Y16.8 Z9.8 U88.38 V-129.34 E0.034139
G1 F X-31.39 Y16.8 Z9.8 U88.38 V-129.63 E0.034139
G1 F X-31.56 Y16.8 Z9.8 U88.39 V-129.93 E0.034139
G1 F X-31.74 Y16.8 Z9.81 U88.39 V-130.22 E0.034139
G1 F X-31.92 Y16.8 Z9.81 U88.4 V-130.51 E0.034139
G1 F X-32.1 Y16.8 Z9.81 U88.41 V-130.8 E0.034139
G1 F X-32.27 Y16.8 Z9.81 U88.41 V-131.09 E0.034139
G1 F X-32.45 Y16.8 Z9.82 U88.42 V-131.38 E0.034139
G1 F X-32.63 Y16.8 Z9.82 U88.43 V-131.67 E0.034139
G1 F X-32.81 Y16.8 Z9.82 U88.44 V-131.96 E0.034139
G1 F X-32.98 Y16.8 Z9.82 U88.44 V-132.25 E0.034139
G1 F X-33.16 Y16.8 Z9.82 U88.45 V-132.54 E0.034139
G1 F X-33.34 Y16.8 Z9.82 U88.46 V-132.82 E0.034139
G1 F X-33.52 Y16.79 Z9.82 U88.47 V-133.11 E0.034139
G1 F X-33.7 Y16.79 Z9.82 U88.48 V-133.39 E0.034139
G1 F X-33.88 Y16.79 Z9.83 U88.49 V-133.68 E0.034139
G1 F X-34.06 Y16.79 Z9.83 U88.5 V-133.96 E0.034139
G1 F X-34.24 Y16.79 Z9.83 U88.51 V-134.25 E0.034139
G1 F X-34.42 Y16.79 Z9.83 U88.52 V-134.53 E0.034139
G1 F X-34.6 Y16.79 Z9.83 U88.53 V-134.81 E0.034139
G1 F X-34.78 Y16.79 Z9.82 U88.55 V-135.09 E0.034139
G1 F X-34.96 Y16.79 Z9.82 U88.56 V-135.37 E0.034139
G1 F X-35.14 Y16.79 Z9.82 U88.57 V-135.64 E0.034139
G1 F X-35.32 Y16.78 Z9.82 U88.58 V-135.92 E0.034139
G1 F X-35.5 Y16.78 Z9.82 U88.59 V-136.2 E0.034139
G1 F X-35.68 Y16.78 Z9.82 U88.6 V-136.47 E0.034139
G1 F X-35.87 Y16.78 Z9.82 U88.62 V-136.74 E0.034139
G1 F X-36.05 Y16.78 Z9.82 U88.63 V-137.01 E0.034139
G1 F X-36.23 Y16.78 Z9.82 U88.64 V-137.28 E0.034139
G1 F X-36.41 Y16.78 Z9.81 U88.65 V-137.55 E0.034139
G1 F X-36.59 Y16.78 Z9.81 U88.66 V-137.82 E0.034139
G1 F X-36.78 Y16.78 Z9.81 U88.68 V-138.09 E0.034139
G1 F X-36.96 Y16.78 Z9.81 U88.69 V-138.35 E0.034139
G1 F X-37.14 Y16.77 Z9.81 U88.7 V-138.61 E0.034139
G1 F X-37.33 Y16.77 Z9.81 U88.71 V-138.88 E0.034139
G1 F X-37.51 Y16.77 Z9.8 U88.72 V-139.14 E0.034139
G1 F X-37.7 Y16.77 Z9.8 U88.74 V-139.39 E0.034139
G1 F X-37.88 Y16.77 Z9.8 U88.75 V-139.65 E0.034139
G1 F X-38.06 Y16.77 Z9.8 U88.76 V-139.9 E0.034139
G1 F X-38.25 Y16.77 Z9.8 U88.77 V-140.16 E0.034139
G1 F X-38.43 Y16.77 Z9.79 U88.79 V-140.41 E0.034139
G1 F X-38.62 Y16.77 Z9.79 U88.8 V-140.66 E0.034139
G1 F X-38.81 Y16.76 Z9.79 U88.81 V-140.91 E0.034139
G1 F X-38.99 Y16.76 Z9.78 U88.83 V-141.15 E0.034139
G1 F X-39.18 Y16.76 Z9.78 U88.84 V-141.4 E0.034139
G1 F X-39.36 Y16.76 Z9.78 U88.85 V-141.64 E0.034139
G1 F X-39.55 Y16.76 Z9.77 U88.87 V-141.88 E0.034139
G1 F X-39.74 Y16.76 Z9.77 U88.88 V-142.12 E0.034139
G1 F X-39.93 Y16.76 Z9.76 U88.9 V-142.36 E0.034139
G1 F X-40.11 Y16.76 Z9.76 U88.91 V-142.59 E0.034139
G1 F X-40.3 Y16.76 Z9.75 U88.92 V-142.82 E0.034139
G1 F X-40.49 Y16.75 Z9.75 U88.94 V-143.05 E0.034139
G1 F X-40.68 Y16.75 Z9.74 U88.95 V-143.28 E0.034139
G1 F X-40.87 Y16.75 Z9.74 U88.97 V-143.51 E0.034139
G1 F X-41.06 Y16.75 Z9.73 U88.98 V-143.73 E0.034139
G1 F X-41.25 Y16.75 Z9.73 U89 V-143.95 E0.034139
G1 F X-41.44 Y16.75 Z9.72 U89.02 V-144.17 E0.034139
G1 F X-41.63 Y16.75 Z9.72 U89.03 V-144.39 E0.034139
G1 F X-41.82 Y16.75 Z9.71 U89.05 V-144.6 E0.034139
G1 F X-42.01 Y16.75 Z9.7 U89.06 V-144.81 E0.034139
G1 F X-42.2 Y16.74 Z9.7 U89.08 V-145.02 E0.034139
G1 F X-42.39 Y16.74 Z9.69 U89.1 V-145.23 E0.034139
G1 F X-42.59 Y16.74 Z9.68 U89.11 V-145.43 E0.034139
G1 F X-42.78 Y16.74 Z9.67 U89.13 V-145.63 E0.034139
G1 F X-42.97 Y16.74 Z9.67 U89.14 V-145.83 E0.034139
G1 F X-43.16 Y16.74 Z9.66 U89.16 V-146.02 E0.034139
G1 F X-43.36 Y16.74 Z9.65 U89.18 V-146.22 E0.034139
G1 F X-43.55 Y16.74 Z9.64 U89.19 V-146.4 E0.034139
G1 F X-43.75 Y16.74 Z9.63 U89.21 V-146.59 E0.034139
G1 F X-43.94 Y16.74 Z9.63 U89.23 V-146.77 E0.034139
G1 F X-44.13 Y16.73 Z9.62 U89.24 V-146.95 E0.034139
G1 F X-44.33 Y16.73 Z9.61 U89.26 V-147.13 E0.034139
G1 F X-44.52 Y16.73 Z9.6 U89.28 V-147.3 E0.034139
G1 F X-44.72 Y16.73 Z9.59 U89.29 V-147.47 E0.034139
G1 F X-44.92 Y16.73 Z9.58 U89.31 V-147.64 E0.034139
G1 F X-45.11 Y16.73 Z9.57 U89.33 V-147.8 E0.034139
G1 F X-45.31 Y16.73 Z9.56 U89.34 V-147.96 E0.034139
G1 F X-45.5 Y16.73 Z9.55 U89.36 V-148.12 E0.034139
G1 F X-45.7 Y16.73 Z9.54 U89.38 V-148.27 E0.034139
G1 F X-45.9 Y16.73 Z9.53 U89.39 V-148.42 E0.034139
G1 F X-46.1 Y16.73 Z9.52 U89.41 V-148.56 E0.034139
G1 F X-46.3 Y16.72 Z9.51 U89.43 V-148.7 E0.034139
G1 F X-46.49 Y16.72 Z9.5 U89.45 V-148.84 E0.034139
G1 F X-46.69 Y16.72 Z9.49 U89.46 V-148.98 E0.034139
G1 F X-46.89 Y16.72 Z9.48 U89.48 V-149.11 E0.034139
G1 F X-47.09 Y16.72 Z9.47 U89.5 V-149.23 E0.034139
G1 F X-47.29 Y16.72 Z9.46 U89.52 V-149.35 E0.034139
G1 F X-47.49 Y16.72 Z9.45 U89.53 V-149.47 E0.034139
G1 F X-47.69 Y16.72 Z9.43 U89.55 V-149.58 E0.034139
G1 F X-47.72 Y16.72 Z9.43 U89.56 V-149.6 E0.004967
G1 F X-47.73 Y16.63 Z9.5 U89.65 V-149.61 E0.029172
G1 F X-47.75 Y16.52 Z9.58 U89.77 V-149.63 E0.034139
G1 F X-47.77 Y16.42 Z9.67 U89.88 V-149.64 E0.034139
G1 F X-47.79 Y16.31 Z9.75 U89.99 V-149.66 E0.034139
G1 F X-47.81 Y16.21 Z9.83 U90.1 V-149.67 E0.034139
G1 F X-47.83 Y16.1 Z9.92 U90.21 V-149.69 E0.034139
G1 F X-47.85 Y16 Z10.01 U90.31 V-149.7 E0.034139
G1 F X-47.87 Y15.89 Z10.09 U90.42 V-149.71 E0.034139
G1 F X-47.86 Y16.06 Z10.2 U90.42 V-149.71 E0
G1 F X-47.22 Y18 Z11.02 U90.22 V-149.34 E0
G1 F X-47.22 Y17.83 Z10.92 U90.22 V-149.34 E0
G1 F X-47.02 Y17.83 Z10.91 U90.22 V-149.23 E0.034012
G1 F300 E-1.00 ;Filament Retraction!!
G1 F X-46.83 Y17.83 Z10.91 U90.23 V-149.11 E0.034012
G1 F X-46.64 Y17.83 Z10.9 U90.24 V-148.98 E0.034012
G1 F300 E1.1;Filament (De)-Retraction!!
G1 F X-46.44 Y17.83 Z10.89 U90.25 V-148.85 E0.034012
G1 F X-46.25 Y17.83 Z10.89 U90.26 V-148.72 E0.034012
G1 F X-46.06 Y17.83 Z10.88 U90.26 V-148.59 E0.034012
G1 F X-45.87 Y17.83 Z10.88 U90.27 V-148.45 E0.034012
G1 F X-45.68 Y17.83 Z10.87 U90.28 V-148.31 E0.034012
G1 F X-45.49 Y17.83 Z10.87 U90.28 V-148.16 E0.034012
G1 F X-45.3 Y17.83 Z10.86 U90.29 V-148.01 E0.034012
G1 F X-45.11 Y17.83 Z10.86 U90.3 V-147.86 E0.034012
G1 F X-44.92 Y17.83 Z10.85 U90.31 V-147.71 E0.034012
G1 F X-44.73 Y17.83 Z10.85 U90.31 V-147.55 E0.034012
G1 F X-44.54 Y17.83 Z10.85 U90.32 V-147.39 E0.034012
G1 F X-44.35 Y17.83 Z10.84 U90.33 V-147.22 E0.034012
G1 F X-44.16 Y17.83 Z10.84 U90.33 V-147.06 E0.034012
G1 F X-43.97 Y17.83 Z10.83 U90.34 V-146.89 E0.034012
G1 F X-43.78 Y17.83 Z10.83 U90.34 V-146.71 E0.034012
G1 F X-43.59 Y17.83 Z10.83 U90.35 V-146.54 E0.034012
G1 F X-43.41 Y17.83 Z10.82 U90.36 V-146.36 E0.034012
G1 F X-43.22 Y17.83 Z10.82 U90.36 V-146.18 E0.034012
G1 F X-43.03 Y17.83 Z10.82 U90.37 V-145.99 E0.034012
G1 F X-42.85 Y17.83 Z10.81 U90.37 V-145.81 E0.034012
G1 F X-42.66 Y17.83 Z10.81 U90.38 V-145.62 E0.034012
G1 F X-42.47 Y17.83 Z10.81 U90.38 V-145.42 E0.034012
G1 F X-42.29 Y17.83 Z10.81 U90.39 V-145.23 E0.034012
G1 F X-42.1 Y17.83 Z10.8 U90.4 V-145.03 E0.034012
G1 F X-41.92 Y17.83 Z10.8 U90.4 V-144.83 E0.034012
G1 F X-41.74 Y17.83 Z10.8 U90.41 V-144.63 E0.034012
G1 F X-41.55 Y17.83 Z10.8 U90.41 V-144.43 E0.034012
G1 F X-41.37 Y17.83 Z10.79 U90.41 V-144.22 E0.034012
G1 F X-41.18 Y17.83 Z10.79 U90.42 V-144.01 E0.034012
G1 F X-41 Y17.83 Z10.79 U90.42 V-143.8 E0.034012
G1 F X-40.82 Y17.83 Z10.79 U90.43 V-143.59 E0.034012
G1 F X-40.63 Y17.83 Z10.79 U90.43 V-143.37 E0.034012
G1 F X-40.45 Y17.83 Z10.78 U90.44 V-143.16 E0.034012
G1 F X-40.27 Y17.83 Z10.78 U90.44 V-142.94 E0.034012
G1 F X-40.09 Y17.83 Z10.78 U90.45 V-142.72 E0.034012
G1 F X-39.91 Y17.83 Z10.78 U90.45 V-142.49 E0.034012
G1 F X-39.73 Y17.83 Z10.78 U90.46 V-142.27 E0.034012
G1 F X-39.55 Y17.83 Z10.78 U90.46 V-142.04 E0.034012
G1 F X-39.37 Y17.83 Z10.77 U90.46 V-141.81 E0.034012
G1 F X-39.19 Y17.83 Z10.77 U90.47 V-141.58 E0.034012
G1 F X-39.01 Y17.83 Z10.77 U90.47 V-141.35 E0.034012
G1 F X-38.83 Y17.83 Z10.77 U90.48 V-141.12 E0.034012
G1 F X-38.65 Y17.83 Z10.77 U90.48 V-140.88 E0.034012
G1 F X-38.47 Y17.83 Z10.77 U90.49 V-140.64 E0.034012
G1 F X-38.29 Y17.83 Z10.76 U90.49 V-140.41 E0.034012
G1 F X-38.11 Y17.83 Z10.76 U90.5 V-140.17 E0.034012
G1 F X-37.93 Y17.83 Z10.76 U90.5 V-139.92 E0.034012
G1 F X-37.76 Y17.83 Z10.76 U90.51 V-139.68 E0.034012
G1 F X-37.58 Y17.83 Z10.76 U90.51 V-139.44 E0.034012
G1 F X-37.4 Y17.83 Z10.76 U90.52 V-139.19 E0.034012
G1 F X-37.23 Y17.83 Z10.76 U90.52 V-138.94 E0.034012
G1 F X-37.05 Y17.83 Z10.75 U90.52 V-138.69 E0.034012
G1 F X-36.87 Y17.83 Z10.75 U90.53 V-138.44 E0.034012
G1 F X-36.7 Y17.83 Z10.75 U90.53 V-138.19 E0.034012
G1 F X-36.52 Y17.83 Z10.75 U90.54 V-137.94 E0.034012
G1 F X-36.35 Y17.83 Z10.75 U90.54 V-137.68 E0.034012
G1 F X-36.17 Y17.83 Z10.75 U90.54 V-137.43 E0.034012
G1 F X-35.99 Y17.83 Z10.75 U90.55 V-137.17 E0.034012
G1 F X-35.82 Y17.83 Z10.75 U90.55 V-136.91 E0.034012
G1 F X-35.64 Y17.83 Z10.75 U90.55 V-136.65 E0.034012
G1 F X-35.47 Y17.83 Z10.75 U90.55 V-136.39 E0.034012
G1 F X-35.29 Y17.83 Z10.75 U90.55 V-136.13 E0.034012
G1 F X-35.12 Y17.83 Z10.75 U90.56 V-135.86 E0.034012
G1 F X-34.95 Y17.83 Z10.75 U90.56 V-135.6 E0.034012
G1 F X-34.77 Y17.83 Z10.75 U90.56 V-135.33 E0.034012
G1 F X-34.6 Y17.83 Z10.75 U90.56 V-135.07 E0.034012
G1 F X-34.43 Y17.84 Z10.75 U90.56 V-134.8 E0.034012
G1 F X-34.25 Y17.84 Z10.75 U90.57 V-134.53 E0.034012
G1 F X-34.08 Y17.84 Z10.76 U90.57 V-134.26 E0.034012
G1 F X-33.91 Y17.84 Z10.76 U90.57 V-133.99 E0.034012
G1 F X-33.73 Y17.84 Z10.76 U90.57 V-133.72 E0.034012
G1 F X-33.56 Y17.84 Z10.76 U90.57 V-133.45 E0.034012
G1 F X-33.39 Y17.84 Z10.76 U90.57 V-133.18 E0.034012
G1 F X-33.22 Y17.84 Z10.76 U90.58 V-132.9 E0.034012
G1 F X-33.04 Y17.84 Z10.76 U90.58 V-132.63 E0.034012
G1 F X-32.87 Y17.84 Z10.76 U90.58 V-132.35 E0.034012
G1 F X-32.7 Y17.84 Z10.76 U90.58 V-132.08 E0.034012
G1 F X-32.53 Y17.84 Z10.76 U90.58 V-131.8 E0.034012
G1 F X-32.36 Y17.84 Z10.76 U90.59 V-131.52 E0.034012
G1 F X-32.19 Y17.84 Z10.76 U90.59 V-131.25 E0.034012
G1 F X-32.02 Y17.84 Z10.76 U90.59 V-130.97 E0.034012
G1 F X-31.84 Y17.83 Z10.76 U90.59 V-130.69 E0.034012
G1 F X-31.67 Y17.83 Z10.76 U90.6 V-130.41 E0.034012
G1 F X-31.5 Y17.83 Z10.76 U90.6 V-130.13 E0.034012
G1 F X-31.33 Y17.83 Z10.76 U90.61 V-129.85 E0.034012
G1 F X-31.16 Y17.83 Z10.76 U90.61 V-129.57 E0.034012
G1 F X-30.99 Y17.83 Z10.76 U90.61 V-129.29 E0.034012
G1 F X-30.82 Y17.83 Z10.76 U90.62 V-129 E0.034012
G1 F X-30.65 Y17.83 Z10.76 U90.62 V-128.72 E0.034012
G1 F X-30.48 Y17.83 Z10.76 U90.62 V-128.44 E0.034012
G1 F X-30.31 Y17.83 Z10.77 U90.62 V-128.15 E0.034012
G1 F X-30.14 Y17.83 Z10.77 U90.63 V-127.87 E0.034012
G1 F X-29.98 Y17.83 Z10.77 U90.63 V-127.58 E0.034012
G1 F X-29.81 Y17.83 Z10.77 U90.63 V-127.3 E0.034012
G1 F X-29.64 Y17.83 Z10.77 U90.63 V-127.01 E0.034012
G1 F X-29.47 Y17.83 Z10.77 U90.63 V-126.72 E0.034012
G1 F X-29.3 Y17.83 Z10.77 U90.63 V-126.44 E0.034012
G1 F X-29.13 Y17.83 Z10.77 U90.63 V-126.15 E0.034012
G1 F X-28.96 Y17.83 Z10.78 U90.63 V-125.86 E0.034012
G1 F X-28.79 Y17.83 Z10.78 U90.63 V-125.57 E0.034012
G1 F X-28.75 Y17.83 Z10.78 U90.63 V-125.51 E0.007785
G1 F X-28.68 Y17.95 Z10.78 U90.26 V-125.33 E0.026227
G1 F X-28.59 Y18.09 Z10.78 U89.77 V-125.1 E0.034012
G1 F X-28.51 Y18.21 Z10.78 U89.38 V-124.91 E0.027386
G1 F X-28.55 Y18.21 Z10.78 U89.38 V-124.97 E0.006626
G1 F X-28.72 Y18.21 Z10.78 U89.38 V-125.26 E0.034012
G1 F X-28.89 Y18.21 Z10.78 U89.38 V-125.54 E0.034012
G1 F X-29.06 Y18.21 Z10.78 U89.38 V-125.83 E0.034012
G1 F X-29.23 Y18.21 Z10.78 U89.38 V-126.12 E0.034012
G1 F X-29.4 Y18.21 Z10.78 U89.39 V-126.41 E0.034012
G1 F X-29.56 Y18.21 Z10.78 U89.39 V-126.7 E0.034012
G1 F X-29.73 Y18.21 Z10.78 U89.39 V-126.99 E0.034012
G1 F X-29.9 Y18.21 Z10.78 U89.39 V-127.27 E0.034012
G1 F X-30.07 Y18.21 Z10.79 U89.39 V-127.56 E0.034012
G1 F X-30.24 Y18.21 Z10.79 U89.39 V-127.85 E0.034012
G1 F X-30.41 Y18.21 Z10.79 U89.4 V-128.13 E0.034012
G1 F X-30.58 Y18.21 Z10.79 U89.4 V-128.42 E0.034012
G1 F X-30.75 Y18.21 Z10.79 U89.4 V-128.7 E0.034012
G1 F X-30.92 Y18.21 Z10.79 U89.4 V-128.99 E0.034012
G1 F X-31.1 Y18.21 Z10.79 U89.4 V-129.27 E0.034012
G1 F X-31.27 Y18.21 Z10.8 U89.4 V-129.55 E0.034012
G1 F X-31.44 Y18.21 Z10.8 U89.4 V-129.83 E0.034012
G1 F X-31.61 Y18.21 Z10.8 U89.4 V-130.12 E0.034012
G1 F X-31.78 Y18.21 Z10.8 U89.4 V-130.4 E0.034012
G1 F X-31.95 Y18.21 Z10.8 U89.4 V-130.68 E0.034012
G1 F X-32.12 Y18.21 Z10.8 U89.4 V-130.96 E0.034012
G1 F X-32.29 Y18.21 Z10.8 U89.4 V-131.24 E0.034012
G1 F X-32.46 Y18.21 Z10.8 U89.4 V-131.52 E0.034012
G1 F X-32.63 Y18.21 Z10.81 U89.4 V-131.8 E0.034012
G1 F X-32.81 Y18.21 Z10.81 U89.4 V-132.07 E0.034012
G1 F X-32.98 Y18.21 Z10.81 U89.41 V-132.35 E0.034012
G1 F X-33.15 Y18.21 Z10.81 U89.41 V-132.63 E0.034012
G1 F X-33.32 Y18.21 Z10.81 U89.41 V-132.9 E0.034012
G1 F X-33.5 Y18.21 Z10.81 U89.41 V-133.18 E0.034012
G1 F X-33.67 Y18.21 Z10.81 U89.42 V-133.45 E0.034012
G1 F X-33.84 Y18.21 Z10.81 U89.42 V-133.73 E0.034012
G1 F X-34.02 Y18.21 Z10.81 U89.42 V-134 E0.034012
G1 F X-34.19 Y18.21 Z10.81 U89.43 V-134.27 E0.034012
G1 F X-34.36 Y18.21 Z10.81 U89.43 V-134.54 E0.034012
G1 F X-34.54 Y18.21 Z10.81 U89.43 V-134.81 E0.034012
G1 F X-34.71 Y18.21 Z10.81 U89.44 V-135.08 E0.034012
G1 F X-34.89 Y18.21 Z10.81 U89.44 V-135.35 E0.034012
G1 F X-35.06 Y18.21 Z10.81 U89.45 V-135.62 E0.034012
G1 F X-35.24 Y18.21 Z10.8 U89.45 V-135.88 E0.034012
G1 F X-35.41 Y18.21 Z10.8 U89.45 V-136.15 E0.034012
G1 F X-35.59 Y18.21 Z10.8 U89.46 V-136.41 E0.034012
G1 F X-35.76 Y18.21 Z10.8 U89.46 V-136.68 E0.034012
G1 F X-35.94 Y18.21 Z10.8 U89.46 V-136.94 E0.034012
G1 F X-36.11 Y18.21 Z10.8 U89.47 V-137.2 E0.034012
G1 F X-36.29 Y18.21 Z10.8 U89.47 V-137.46 E0.034012
G1 F X-36.47 Y18.21 Z10.8 U89.48 V-137.72 E0.034012
G1 F X-36.64 Y18.21 Z10.8 U89.48 V-137.97 E0.034012
G1 F X-36.82 Y18.21 Z10.8 U89.48 V-138.23 E0.034012
G1 F X-37 Y18.21 Z10.8 U89.49 V-138.48 E0.034012
G1 F X-37.17 Y18.21 Z10.8 U89.49 V-138.74 E0.034012
G1 F X-37.35 Y18.21 Z10.8 U89.49 V-138.99 E0.034012
G1 F X-37.53 Y18.21 Z10.8 U89.49 V-139.24 E0.034012
G1 F X-37.71 Y18.21 Z10.8 U89.5 V-139.48 E0.034012
G1 F X-37.89 Y18.21 Z10.8 U89.5 V-139.73 E0.034012
G1 F X-38.06 Y18.21 Z10.8 U89.5 V-139.98 E0.034012
G1 F X-38.24 Y18.21 Z10.8 U89.51 V-140.22 E0.034012
G1 F X-38.42 Y18.21 Z10.79 U89.51 V-140.46 E0.034012
G1 F X-38.6 Y18.21 Z10.79 U89.51 V-140.7 E0.034012
G1 F X-38.78 Y18.21 Z10.79 U89.52 V-140.94 E0.034012
G1 F X-38.96 Y18.21 Z10.79 U89.52 V-141.18 E0.034012
G1 F X-39.14 Y18.21 Z10.79 U89.52 V-141.41 E0.034012
G1 F X-39.32 Y18.21 Z10.79 U89.53 V-141.65 E0.034012
G1 F X-39.5 Y18.21 Z10.79 U89.53 V-141.88 E0.034012
G1 F X-39.69 Y18.21 Z10.79 U89.54 V-142.11 E0.034012
G1 F X-39.87 Y18.21 Z10.78 U89.54 V-142.34 E0.034012
G1 F X-40.05 Y18.21 Z10.78 U89.55 V-142.57 E0.034012
G1 F X-40.23 Y18.21 Z10.78 U89.55 V-142.79 E0.034012
G1 F X-40.42 Y18.21 Z10.78 U89.56 V-143.02 E0.034012
G1 F X-40.6 Y18.21 Z10.78 U89.56 V-143.24 E0.034012
G1 F X-40.78 Y18.21 Z10.77 U89.57 V-143.46 E0.034012
G1 F X-40.97 Y18.21 Z10.77 U89.57 V-143.67 E0.034012
G1 F X-41.15 Y18.21 Z10.77 U89.58 V-143.89 E0.034012
G1 F X-41.34 Y18.21 Z10.77 U89.58 V-144.1 E0.034012
G1 F X-41.52 Y18.21 Z10.76 U89.59 V-144.31 E0.034012
G1 F X-41.71 Y18.21 Z10.76 U89.59 V-144.52 E0.034012
G1 F X-41.89 Y18.21 Z10.76 U89.6 V-144.72 E0.034012
G1 F X-42.08 Y18.21 Z10.76 U89.6 V-144.93 E0.034012
G1 F X-42.27 Y18.21 Z10.75 U89.61 V-145.13 E0.034012
G1 F X-42.45 Y18.21 Z10.75 U89.62 V-145.33 E0.034012
G1 F X-42.64 Y18.21 Z10.75 U89.62 V-145.52 E0.034012
G1 F X-42.83 Y18.21 Z10.74 U89.63 V-145.72 E0.034012
G1 F X-43.02 Y18.21 Z10.74 U89.63 V-145.91 E0.034012
G1 F X-43.2 Y18.21 Z10.74 U89.64 V-146.1 E0.034012
G1 F X-43.39 Y18.21 Z10.73 U89.65 V-146.28 E0.034012
G1 F X-43.58 Y18.21 Z10.73 U89.65 V-146.46 E0.034012
G1 F X-43.77 Y18.21 Z10.73 U89.66 V-146.64 E0.034012
G1 F X-43.96 Y18.21 Z10.72 U89.66 V-146.82 E0.034012
G1 F X-44.15 Y18.21 Z10.72 U89.67 V-147 E0.034012
G1 F X-44.34 Y18.21 Z10.71 U89.68 V-147.17 E0.034012
G1 F X-44.53 Y18.21 Z10.71 U89.68 V-147.33 E0.034012
G1 F X-44.72 Y18.21 Z10.71 U89.69 V-147.5 E0.034012
G1 F X-44.92 Y18.21 Z10.7 U89.7 V-147.66 E0.034012
G1 F X-45.11 Y18.21 Z10.7 U89.7 V-147.82 E0.034012
G1 F X-45.3 Y18.21 Z10.69 U89.71 V-147.98 E0.034012
G1 F X-45.49 Y18.21 Z10.69 U89.72 V-148.13 E0.034012
G1 F X-45.69 Y18.21 Z10.68 U89.72 V-148.28 E0.034012
G1 F X-45.88 Y18.21 Z10.68 U89.73 V-148.42 E0.034012
G1 F X-46.07 Y18.21 Z10.68 U89.73 V-148.56 E0.034012
G1 F X-46.27 Y18.21 Z10.67 U89.74 V-148.7 E0.034012
G1 F X-46.46 Y18.21 Z10.67 U89.75 V-148.84 E0.034012
G1 F X-46.66 Y18.21 Z10.66 U89.76 V-148.97 E0.034012
G1 F X-46.85 Y18.21 Z10.66 U89.76 V-149.09 E0.034012
G1 F X-47.05 Y18.21 Z10.65 U89.77 V-149.22 E0.034012
G1 F X-47.24 Y18.21 Z10.65 U89.78 V-149.34 E0.034012
G1 F X-47.33 Y18.21 Z10.64 U89.78 V-149.39 E0.014754
G1 F X-47.34 Y18.15 Z10.69 U89.85 V-149.4 E0.019258
G1 F X-47.36 Y18.05 Z10.76 U89.97 V-149.42 E0.034012
G1 F X-47.39 Y17.94 Z10.84 U90.09 V-149.44 E0.034012
G1 F X-47.41 Y17.83 Z10.92 U90.21 V-149.46 E0.034012
G1 F X-47.41 Y18.01 Z11.03 U90.21 V-149.46 E0
G1 F X-47.68 Y17.78 Z11.21 U90.44 V-149.62 E0
G1 F X-47.68 Y17.61 Z11.11 U90.44 V-149.62 E0
G1 F X-47.49 Y17.61 Z11.1 U90.46 V-149.51 E0.034094
G1 F300 E-1.00 ;Filament Retraction!!
G1 F X-47.3 Y17.6 Z11.09 U90.47 V-149.4 E0.034094
G1 F X-47.1 Y17.6 Z11.08 U90.49 V-149.29 E0.034094
G1 F300 E1.1;Filament (De)-Retraction!!
G1 F X-46.91 Y17.6 Z11.06 U90.51 V-149.17 E0.034094
G1 F X-46.72 Y17.6 Z11.05 U90.53 V-149.05 E0.034094
G1 F X-46.53 Y17.6 Z11.04 U90.54 V-148.93 E0.034094
G1 F X-46.34 Y17.6 Z11.03 U90.56 V-148.8 E0.034094
G1 F X-46.15 Y17.6 Z11.02 U90.58 V-148.67 E0.034094
G1 F X-45.96 Y17.6 Z11.01 U90.6 V-148.53 E0.034094
G1 F X-45.77 Y17.6 Z11 U90.61 V-148.4 E0.034094
G1 F X-45.58 Y17.6 Z10.99 U90.63 V-148.26 E0.034094
G1 F X-45.39 Y17.59 Z10.98 U90.65 V-148.11 E0.034094
G1 F X-45.2 Y17.59 Z10.97 U90.67 V-147.96 E0.034094
G1 F X-45.01 Y17.59 Z10.96 U90.68 V-147.81 E0.034094
G1 F X-44.83 Y17.59 Z10.95 U90.7 V-147.66 E0.034094
G1 F X-44.64 Y17.59 Z10.94 U90.72 V-147.5 E0.034094
G1 F X-44.45 Y17.59 Z10.93 U90.74 V-147.34 E0.034094
G1 F X-44.26 Y17.59 Z10.93 U90.75 V-147.18 E0.034094
G1 F X-44.08 Y17.59 Z10.92 U90.77 V-147.02 E0.034094
G1 F X-43.89 Y17.58 Z10.91 U90.79 V-146.85 E0.034094
G1 F X-43.71 Y17.58 Z10.9 U90.8 V-146.68 E0.034094
G1 F X-43.52 Y17.58 Z10.89 U90.82 V-146.5 E0.034094
G1 F X-43.34 Y17.58 Z10.89 U90.84 V-146.33 E0.034094
G1 F X-43.15 Y17.58 Z10.88 U90.85 V-146.15 E0.034094
G1 F X-42.97 Y17.58 Z10.87 U90.87 V-145.97 E0.034094
G1 F X-42.78 Y17.58 Z10.86 U90.88 V-145.78 E0.034094
G1 F X-42.6 Y17.57 Z10.86 U90.9 V-145.59 E0.034094
G1 F X-42.41 Y17.57 Z10.85 U90.91 V-145.41 E0.034094
G1 F X-42.23 Y17.57 Z10.85 U90.93 V-145.21 E0.034094
G1 F X-42.05 Y17.57 Z10.84 U90.95 V-145.02 E0.034094
G1 F X-41.87 Y17.57 Z10.83 U90.96 V-144.82 E0.034094
G1 F X-41.68 Y17.57 Z10.83 U90.98 V-144.62 E0.034094
G1 F X-41.5 Y17.57 Z10.82 U90.99 V-144.42 E0.034094
G1 F X-41.32 Y17.56 Z10.82 U91.01 V-144.22 E0.034094
G1 F X-41.14 Y17.56 Z10.81 U91.02 V-144.02 E0.034094
G1 F X-40.96 Y17.56 Z10.81 U91.04 V-143.81 E0.034094
G1 F X-40.78 Y17.56 Z10.8 U91.05 V-143.6 E0.034094
G1 F X-40.6 Y17.56 Z10.8 U91.07 V-143.39 E0.034094
G1 F X-40.42 Y17.56 Z10.79 U91.08 V-143.17 E0.034094
G1 F X-40.24 Y17.55 Z10.79 U91.1 V-142.96 E0.034094
G1 F X-40.06 Y17.55 Z10.78 U91.11 V-142.74 E0.034094
G1 F X-39.88 Y17.55 Z10.78 U91.13 V-142.52 E0.034094
G1 F X-39.7 Y17.55 Z10.77 U91.14 V-142.3 E0.034094
G1 F X-39.52 Y17.55 Z10.77 U91.16 V-142.08 E0.034094
G1 F X-39.34 Y17.55 Z10.77 U91.17 V-141.86 E0.034094
G1 F X-39.16 Y17.55 Z10.76 U91.19 V-141.63 E0.034094
G1 F X-38.99 Y17.54 Z10.76 U91.2 V-141.4 E0.034094
G1 F X-38.81 Y17.54 Z10.75 U91.22 V-141.17 E0.034094
G1 F X-38.63 Y17.54 Z10.75 U91.23 V-140.94 E0.034094
G1 F X-38.46 Y17.54 Z10.75 U91.25 V-140.71 E0.034094
G1 F X-38.28 Y17.54 Z10.74 U91.26 V-140.48 E0.034094
G1 F X-38.1 Y17.54 Z10.74 U91.28 V-140.24 E0.034094
G1 F X-37.93 Y17.53 Z10.74 U91.29 V-140 E0.034094
G1 F X-37.75 Y17.53 Z10.73 U91.31 V-139.77 E0.034094
G1 F X-37.58 Y17.53 Z10.73 U91.32 V-139.53 E0.034094
G1 F X-37.4 Y17.53 Z10.73 U91.33 V-139.28 E0.034094
G1 F X-37.23 Y17.53 Z10.73 U91.35 V-139.04 E0.034094
G1 F X-37.05 Y17.53 Z10.72 U91.36 V-138.8 E0.034094
G1 F X-36.88 Y17.52 Z10.72 U91.38 V-138.55 E0.034094
G1 F X-36.71 Y17.52 Z10.72 U91.39 V-138.3 E0.034094
G1 F X-36.53 Y17.52 Z10.72 U91.41 V-138.06 E0.034094
G1 F X-36.36 Y17.52 Z10.71 U91.42 V-137.81 E0.034094
G1 F X-36.18 Y17.52 Z10.71 U91.43 V-137.55 E0.034094
G1 F X-36.01 Y17.52 Z10.71 U91.44 V-137.3 E0.034094
G1 F X-35.84 Y17.51 Z10.71 U91.46 V-137.05 E0.034094
G1 F X-35.66 Y17.51 Z10.71 U91.47 V-136.79 E0.034094
G1 F X-35.49 Y17.51 Z10.71 U91.48 V-136.54 E0.034094
G1 F X-35.32 Y17.51 Z10.71 U91.49 V-136.28 E0.034094
G1 F X-35.15 Y17.51 Z10.71 U91.5 V-136.02 E0.034094
G1 F X-34.97 Y17.51 Z10.71 U91.51 V-135.76 E0.034094
G1 F X-34.8 Y17.51 Z10.71 U91.53 V-135.5 E0.034094
G1 F X-34.63 Y17.5 Z10.71 U91.54 V-135.24 E0.034094
G1 F X-34.46 Y17.5 Z10.71 U91.55 V-134.98 E0.034094
G1 F X-34.29 Y17.5 Z10.71 U91.56 V-134.71 E0.034094
G1 F X-34.12 Y17.5 Z10.71 U91.57 V-134.45 E0.034094
G1 F X-33.94 Y17.5 Z10.71 U91.58 V-134.18 E0.034094
G1 F X-33.77 Y17.5 Z10.71 U91.59 V-133.91 E0.034094
G1 F X-33.6 Y17.5 Z10.72 U91.6 V-133.65 E0.034094
G1 F X-33.43 Y17.49 Z10.72 U91.61 V-133.38 E0.034094
G1 F X-33.26 Y17.49 Z10.72 U91.62 V-133.11 E0.034094
G1 F X-33.09 Y17.49 Z10.72 U91.63 V-132.84 E0.034094
G1 F X-32.92 Y17.49 Z10.72 U91.64 V-132.57 E0.034094
G1 F X-32.75 Y17.49 Z10.72 U91.65 V-132.3 E0.034094
G1 F X-32.58 Y17.49 Z10.72 U91.65 V-132.02 E0.034094
G1 F X-32.41 Y17.49 Z10.72 U91.66 V-131.75 E0.034094
G1 F X-32.24 Y17.49 Z10.73 U91.67 V-131.48 E0.034094
G1 F X-32.07 Y17.48 Z10.73 U91.68 V-131.2 E0.034094
G1 F X-31.9 Y17.48 Z10.73 U91.69 V-130.93 E0.034094
G1 F X-31.73 Y17.48 Z10.73 U91.7 V-130.65 E0.034094
G1 F X-31.56 Y17.48 Z10.73 U91.71 V-130.37 E0.034094
G1 F X-31.39 Y17.48 Z10.73 U91.72 V-130.1 E0.034094
G1 F X-31.23 Y17.48 Z10.74 U91.73 V-129.82 E0.034094
G1 F X-31.06 Y17.48 Z10.74 U91.74 V-129.54 E0.034094
G1 F X-30.89 Y17.48 Z10.74 U91.75 V-129.26 E0.034094
G1 F X-30.72 Y17.47 Z10.74 U91.76 V-128.98 E0.034094
G1 F X-30.55 Y17.47 Z10.74 U91.77 V-128.7 E0.034094
G1 F X-30.38 Y17.47 Z10.75 U91.78 V-128.42 E0.034094
G1 F X-30.21 Y17.47 Z10.75 U91.79 V-128.14 E0.034094
G1 F X-30.04 Y17.47 Z10.75 U91.79 V-127.86 E0.034094
G1 F X-29.88 Y17.47 Z10.76 U91.8 V-127.58 E0.034094
G1 F X-29.71 Y17.47 Z10.76 U91.8 V-127.29 E0.034094
G1 F X-29.54 Y17.47 Z10.76 U91.81 V-127.01 E0.034094
G1 F X-29.37 Y17.47 Z10.77 U91.81 V-126.72 E0.034094
G1 F X-29.2 Y17.47 Z10.77 U91.82 V-126.44 E0.034094
G1 F X-29.03 Y17.47 Z10.77 U91.82 V-126.15 E0.034094
G1 F X-28.86 Y17.47 Z10.78 U91.83 V-125.86 E0.034094
G1 F X-28.69 Y17.47 Z10.78 U91.83 V-125.58 E0.034094
G1 F X-28.57 Y17.46 Z10.79 U91.83 V-125.36 E0.025329
G1 F X-28.54 Y17.5 Z10.79 U91.71 V-125.3 E0.008764
G1 F X-28.45 Y17.65 Z10.79 U91.22 V-125.07 E0.034094
G1 F X-28.35 Y17.8 Z10.78 U90.74 V-124.84 E0.034094
G1 F X-28.26 Y17.95 Z10.78 U90.25 V-124.61 E0.034094
G1 F X-28.16 Y18.1 Z10.78 U89.76 V-124.37 E0.034094
G1 F X-28.07 Y18.24 Z10.77 U89.26 V-124.14 E0.034094
G1 F X-27.99 Y18.39 Z10.77 U88.77 V-123.9 E0.034094
G1 F X-27.9 Y18.53 Z10.76 U88.28 V-123.66 E0.034094
G1 F X-27.88 Y18.57 Z10.76 U88.15 V-123.6 E0.008967
G1 F X-28 Y18.57 Z10.76 U88.15 V-123.82 E0.025127
G1 F X-28.17 Y18.57 Z10.76 U88.16 V-124.11 E0.034094
G1 F X-28.34 Y18.57 Z10.77 U88.16 V-124.4 E0.034094
G1 F X-28.51 Y18.57 Z10.77 U88.16 V-124.7 E0.034094
G1 F X-28.68 Y18.57 Z10.78 U88.17 V-124.99 E0.034094
G1 F X-28.85 Y18.57 Z10.78 U88.18 V-125.28 E0.034094
G1 F X-29.02 Y18.56 Z10.78 U88.18 V-125.57 E0.034094
G1 F X-29.2 Y18.56 Z10.79 U88.19 V-125.86 E0.034094
G1 F X-29.37 Y18.56 Z10.79 U88.19 V-126.16 E0.034094
G1 F X-29.54 Y18.56 Z10.79 U88.2 V-126.45 E0.034094
G1 F X-29.71 Y18.56 Z10.8 U88.21 V-126.74 E0.034094
G1 F X-29.88 Y18.56 Z10.8 U88.21 V-127.03 E0.034094
G1 F X-30.05 Y18.56 Z10.8 U88.22 V-127.32 E0.034094
G1 F X-30.22 Y18.56 Z10.81 U88.22 V-127.61 E0.034094
G1 F X-30.39 Y18.56 Z10.81 U88.23 V-127.9 E0.034094
G1 F X-30.57 Y18.56 Z10.81 U88.24 V-128.19 E0.034094
G1 F X-30.74 Y18.56 Z10.82 U88.24 V-128.48 E0.034094
G1 F X-30.91 Y18.56 Z10.82 U88.25 V-128.77 E0.034094
G1 F X-31.08 Y18.56 Z10.82 U88.25 V-129.06 E0.034094
G1 F X-31.25 Y18.56 Z10.83 U88.26 V-129.34 E0.034094
G1 F X-31.43 Y18.55 Z10.83 U88.27 V-129.63 E0.034094
G1 F X-31.6 Y18.55 Z10.83 U88.27 V-129.92 E0.034094
G1 F X-31.77 Y18.55 Z10.84 U88.28 V-130.2 E0.034094
G1 F X-31.94 Y18.55 Z10.84 U88.29 V-130.49 E0.034094
G1 F X-32.12 Y18.55 Z10.84 U88.29 V-130.77 E0.034094
G1 F X-32.29 Y18.55 Z10.85 U88.3 V-131.06 E0.034094
G1 F X-32.46 Y18.55 Z10.85 U88.31 V-131.34 E0.034094
G1 F X-32.64 Y18.55 Z10.85 U88.32 V-131.62 E0.034094
G1 F X-32.81 Y18.55 Z10.85 U88.33 V-131.91 E0.034094
G1 F X-32.98 Y18.55 Z10.85 U88.34 V-132.19 E0.034094
G1 F X-33.16 Y18.54 Z10.85 U88.35 V-132.47 E0.034094
G1 F X-33.33 Y18.54 Z10.86 U88.36 V-132.75 E0.034094
G1 F X-33.51 Y18.54 Z10.86 U88.37 V-133.03 E0.034094
G1 F X-33.68 Y18.54 Z10.86 U88.38 V-133.31 E0.034094
G1 F X-33.86 Y18.54 Z10.86 U88.39 V-133.59 E0.034094
G1 F X-34.04 Y18.54 Z10.86 U88.4 V-133.87 E0.034094
G1 F X-34.21 Y18.54 Z10.86 U88.42 V-134.15 E0.034094
G1 F X-34.39 Y18.54 Z10.86 U88.43 V-134.43 E0.034094
G1 F X-34.56 Y18.53 Z10.86 U88.44 V-134.7 E0.034094
G1 F X-34.74 Y18.53 Z10.86 U88.45 V-134.98 E0.034094
G1 F X-34.92 Y18.53 Z10.86 U88.47 V-135.25 E0.034094
G1 F X-35.09 Y18.53 Z10.86 U88.48 V-135.52 E0.034094
G1 F X-35.27 Y18.53 Z10.85 U88.49 V-135.8 E0.034094
G1 F X-35.45 Y18.53 Z10.85 U88.51 V-136.07 E0.034094
G1 F X-35.63 Y18.52 Z10.85 U88.52 V-136.34 E0.034094
G1 F X-35.81 Y18.52 Z10.85 U88.54 V-136.61 E0.034094
G1 F X-35.98 Y18.52 Z10.85 U88.55 V-136.87 E0.034094
G1 F X-36.16 Y18.52 Z10.85 U88.56 V-137.14 E0.034094
G1 F X-36.34 Y18.52 Z10.85 U88.58 V-137.41 E0.034094
G1 F X-36.52 Y18.52 Z10.84 U88.59 V-137.67 E0.034094
G1 F X-36.7 Y18.52 Z10.84 U88.6 V-137.93 E0.034094
G1 F X-36.88 Y18.51 Z10.84 U88.62 V-138.19 E0.034094
G1 F X-37.06 Y18.51 Z10.84 U88.63 V-138.45 E0.034094
G1 F X-37.24 Y18.51 Z10.84 U88.64 V-138.71 E0.034094
G1 F X-37.42 Y18.51 Z10.84 U88.66 V-138.97 E0.034094
G1 F X-37.6 Y18.51 Z10.83 U88.67 V-139.22 E0.034094
G1 F X-37.78 Y18.51 Z10.83 U88.68 V-139.48 E0.034094
G1 F X-37.96 Y18.51 Z10.83 U88.7 V-139.73 E0.034094
G1 F X-38.15 Y18.5 Z10.83 U88.71 V-139.98 E0.034094
G1 F X-38.33 Y18.5 Z10.82 U88.73 V-140.23 E0.034094
G1 F X-38.51 Y18.5 Z10.82 U88.74 V-140.48 E0.034094
G1 F X-38.69 Y18.5 Z10.82 U88.75 V-140.72 E0.034094
G1 F X-38.88 Y18.5 Z10.81 U88.77 V-140.97 E0.034094
G1 F X-39.06 Y18.5 Z10.81 U88.78 V-141.21 E0.034094
G1 F X-39.24 Y18.5 Z10.81 U88.8 V-141.45 E0.034094
G1 F X-39.43 Y18.49 Z10.8 U88.81 V-141.69 E0.034094
G1 F X-39.61 Y18.49 Z10.8 U88.83 V-141.93 E0.034094
G1 F X-39.8 Y18.49 Z10.79 U88.84 V-142.16 E0.034094
G1 F X-39.98 Y18.49 Z10.79 U88.86 V-142.4 E0.034094
G1 F X-40.17 Y18.49 Z10.79 U88.88 V-142.63 E0.034094
G1 F X-40.35 Y18.49 Z10.78 U88.89 V-142.86 E0.034094
G1 F X-40.54 Y18.48 Z10.78 U88.91 V-143.08 E0.034094
G1 F X-40.73 Y18.48 Z10.77 U88.92 V-143.31 E0.034094
G1 F X-40.91 Y18.48 Z10.76 U88.94 V-143.53 E0.034094
G1 F X-41.1 Y18.48 Z10.76 U88.96 V-143.75 E0.034094
G1 F X-41.29 Y18.48 Z10.75 U88.97 V-143.97 E0.034094
G1 F X-41.48 Y18.48 Z10.75 U88.99 V-144.19 E0.034094
G1 F X-41.66 Y18.48 Z10.74 U89.01 V-144.4 E0.034094
G1 F X-41.85 Y18.47 Z10.73 U89.02 V-144.62 E0.034094
G1 F X-42.04 Y18.47 Z10.73 U89.04 V-144.82 E0.034094
G1 F X-42.23 Y18.47 Z10.72 U89.06 V-145.03 E0.034094
G1 F X-42.42 Y18.47 Z10.71 U89.07 V-145.24 E0.034094
G1 F X-42.61 Y18.47 Z10.71 U89.09 V-145.44 E0.034094
G1 F X-42.8 Y18.47 Z10.7 U89.11 V-145.64 E0.034094
G1 F X-42.99 Y18.47 Z10.69 U89.13 V-145.83 E0.034094
G1 F X-43.18 Y18.46 Z10.68 U89.14 V-146.03 E0.034094
G1 F X-43.37 Y18.46 Z10.68 U89.16 V-146.22 E0.034094
G1 F X-43.57 Y18.46 Z10.67 U89.18 V-146.4 E0.034094
G1 F X-43.76 Y18.46 Z10.66 U89.19 V-146.59 E0.034094
G1 F X-43.95 Y18.46 Z10.65 U89.21 V-146.77 E0.034094
G1 F X-44.14 Y18.46 Z10.64 U89.23 V-146.95 E0.034094
G1 F X-44.34 Y18.46 Z10.63 U89.25 V-147.12 E0.034094
G1 F X-44.53 Y18.46 Z10.62 U89.26 V-147.3 E0.034094
G1 F X-44.73 Y18.45 Z10.62 U89.28 V-147.47 E0.034094
G1 F X-44.92 Y18.45 Z10.61 U89.3 V-147.63 E0.034094
G1 F X-45.12 Y18.45 Z10.6 U89.32 V-147.79 E0.034094
G1 F X-45.31 Y18.45 Z10.59 U89.33 V-147.95 E0.034094
G1 F X-45.51 Y18.45 Z10.58 U89.35 V-148.11 E0.034094
G1 F X-45.7 Y18.45 Z10.57 U89.37 V-148.26 E0.034094
G1 F X-45.9 Y18.45 Z10.56 U89.39 V-148.41 E0.034094
G1 F X-46.1 Y18.45 Z10.55 U89.4 V-148.55 E0.034094
G1 F X-46.29 Y18.45 Z10.54 U89.42 V-148.7 E0.034094
G1 F X-46.49 Y18.44 Z10.53 U89.44 V-148.83 E0.034094
G1 F X-46.69 Y18.44 Z10.52 U89.46 V-148.97 E0.034094
G1 F X-46.89 Y18.44 Z10.51 U89.48 V-149.1 E0.034094
G1 F X-47.08 Y18.44 Z10.49 U89.49 V-149.22 E0.034094
G1 F X-47.28 Y18.44 Z10.48 U89.51 V-149.34 E0.034094
G1 F X-47.48 Y18.44 Z10.47 U89.53 V-149.46 E0.034094
G1 F X-47.68 Y18.44 Z10.46 U89.55 V-149.57 E0.034094
G1 F X-47.71 Y18.44 Z10.46 U89.55 V-149.59 E0.004852
G1 F X-47.73 Y18.35 Z10.53 U89.65 V-149.61 E0.029242
G1 F X-47.75 Y18.24 Z10.61 U89.76 V-149.62 E0.034094
G1 F X-47.77 Y18.14 Z10.69 U89.88 V-149.64 E0.034094
G1 F X-47.79 Y18.03 Z10.78 U89.99 V-149.66 E0.034094
G1 F X-47.81 Y17.92 Z10.86 U90.1 V-149.67 E0.034094
G1 F X-47.83 Y17.82 Z10.95 U90.21 V-149.69 E0.034094
G1 F X-47.85 Y17.71 Z11.03 U90.31 V-149.7 E0.034094
G1 F X-47.87 Y17.61 Z11.12 U90.42 V-149.72 E0.034094
G1 F X-47.87 Y17.78 Z11.23 U90.42 V-149.72 E0
G1 F X-47.22 Y19.72 Z12.05 U90.22 V-149.35 E0
G1 F X-47.22 Y19.55 Z11.94 U90.22 V-149.35 E0
G1 F X-47.03 Y19.55 Z11.94 U90.22 V-149.23 E0.034118
G1 F300 E-1.00 ;Filament Retraction!!
G1 F X-46.83 Y19.55 Z11.93 U90.23 V-149.11 E0.034118
G1 F X-46.64 Y19.55 Z11.93 U90.24 V-148.99 E0.034118
G1 F300 E1.1;Filament (De)-Retraction!!
G1 F X-46.45 Y19.55 Z11.92 U90.25 V-148.86 E0.034118
G1 F X-46.26 Y19.55 Z11.92 U90.25 V-148.73 E0.034118
G1 F X-46.07 Y19.55 Z11.91 U90.26 V-148.6 E0.034118
G1 F X-45.88 Y19.55 Z11.91 U90.27 V-148.46 E0.034118
G1 F X-45.69 Y19.55 Z11.9 U90.28 V-148.32 E0.034118
G1 F X-45.5 Y19.55 Z11.9 U90.28 V-148.17 E0.034118
G1 F X-45.31 Y19.55 Z11.89 U90.29 V-148.03 E0.034118
G1 F X-45.12 Y19.55 Z11.89 U90.3 V-147.88 E0.034118
G1 F X-44.93 Y19.55 Z11.88 U90.31 V-147.72 E0.034118
G1 F X-44.74 Y19.55 Z11.88 U90.31 V-147.57 E0.034118
G1 F X-44.55 Y19.55 Z11.87 U90.32 V-147.41 E0.034118
G1 F X-44.36 Y19.55 Z11.87 U90.33 V-147.24 E0.034118
G1 F X-44.18 Y19.55 Z11.87 U90.33 V-147.08 E0.034118
G1 F X-43.99 Y19.55 Z11.86 U90.34 V-146.91 E0.034118
G1 F X-43.8 Y19.55 Z11.86 U90.34 V-146.74 E0.034118
G1 F X-43.62 Y19.55 Z11.85 U90.35 V-146.56 E0.034118
G1 F X-43.43 Y19.55 Z11.85 U90.36 V-146.39 E0.034118
G1 F X-43.24 Y19.55 Z11.85 U90.36 V-146.21 E0.034118
G1 F X-43.06 Y19.55 Z11.84 U90.37 V-146.02 E0.034118
G1 F X-42.87 Y19.55 Z11.84 U90.37 V-145.84 E0.034118
G1 F X-42.69 Y19.55 Z11.84 U90.38 V-145.65 E0.034118
G1 F X-42.51 Y19.55 Z11.84 U90.38 V-145.46 E0.034118
G1 F X-42.32 Y19.55 Z11.83 U90.39 V-145.27 E0.034118
G1 F X-42.14 Y19.55 Z11.83 U90.4 V-145.08 E0.034118
G1 F X-41.96 Y19.55 Z11.83 U90.4 V-144.88 E0.034118
G1 F X-41.77 Y19.55 Z11.83 U90.41 V-144.68 E0.034118
G1 F X-41.59 Y19.55 Z11.82 U90.41 V-144.48 E0.034118
G1 F X-41.41 Y19.55 Z11.82 U90.41 V-144.28 E0.034118
G1 F X-41.23 Y19.55 Z11.82 U90.42 V-144.07 E0.034118
G1 F X-41.05 Y19.55 Z11.82 U90.42 V-143.86 E0.034118
G1 F X-40.87 Y19.55 Z11.81 U90.43 V-143.65 E0.034118
G1 F X-40.68 Y19.55 Z11.81 U90.43 V-143.44 E0.034118
G1 F X-40.5 Y19.55 Z11.81 U90.44 V-143.23 E0.034118
G1 F X-40.33 Y19.55 Z11.81 U90.44 V-143.01 E0.034118
G1 F X-40.15 Y19.55 Z11.81 U90.45 V-142.79 E0.034118
G1 F X-39.97 Y19.55 Z11.81 U90.45 V-142.58 E0.034118
G1 F X-39.79 Y19.55 Z11.8 U90.46 V-142.35 E0.034118
G1 F X-39.61 Y19.55 Z11.8 U90.46 V-142.13 E0.034118
G1 F X-39.43 Y19.55 Z11.8 U90.46 V-141.91 E0.034118
G1 F X-39.26 Y19.55 Z11.8 U90.47 V-141.68 E0.034118
G1 F X-39.08 Y19.55 Z11.8 U90.47 V-141.45 E0.034118
G1 F X-38.9 Y19.55 Z11.8 U90.48 V-141.22 E0.034118
G1 F X-38.72 Y19.55 Z11.79 U90.48 V-140.99 E0.034118
G1 F X-38.55 Y19.55 Z11.79 U90.49 V-140.76 E0.034118
G1 F X-38.37 Y19.55 Z11.79 U90.49 V-140.53 E0.034118
G1 F X-38.2 Y19.55 Z11.79 U90.5 V-140.29 E0.034118
G1 F X-38.02 Y19.55 Z11.79 U90.5 V-140.06 E0.034118
G1 F X-37.85 Y19.55 Z11.79 U90.51 V-139.82 E0.034118
G1 F X-37.67 Y19.55 Z11.79 U90.51 V-139.58 E0.034118
G1 F X-37.5 Y19.55 Z11.78 U90.52 V-139.34 E0.034118
G1 F X-37.33 Y19.55 Z11.78 U90.52 V-139.1 E0.034118
G1 F X-37.15 Y19.55 Z11.78 U90.53 V-138.85 E0.034118
G1 F X-36.98 Y19.55 Z11.78 U90.53 V-138.61 E0.034118
G1 F X-36.81 Y19.55 Z11.78 U90.54 V-138.36 E0.034118
G1 F X-36.63 Y19.55 Z11.78 U90.54 V-138.11 E0.034118
G1 F X-36.46 Y19.55 Z11.78 U90.54 V-137.86 E0.034118
G1 F X-36.29 Y19.55 Z11.78 U90.55 V-137.61 E0.034118
G1 F X-36.12 Y19.55 Z11.78 U90.55 V-137.36 E0.034118
G1 F X-35.94 Y19.55 Z11.78 U90.55 V-137.11 E0.034118
G1 F X-35.77 Y19.55 Z11.78 U90.56 V-136.86 E0.034118
G1 F X-35.6 Y19.55 Z11.78 U90.56 V-136.6 E0.034118
G1 F X-35.43 Y19.55 Z11.78 U90.56 V-136.35 E0.034118
G1 F X-35.26 Y19.55 Z11.78 U90.56 V-136.09 E0.034118
G1 F X-35.09 Y19.55 Z11.78 U90.56 V-135.83 E0.034118
G1 F X-34.92 Y19.55 Z11.78 U90.57 V-135.57 E0.034118
G1 F X-34.75 Y19.55 Z11.78 U90.57 V-135.31 E0.034118
G1 F X-34.58 Y19.55 Z11.78 U90.57 V-135.05 E0.034118
G1 F X-34.41 Y19.55 Z11.78 U90.57 V-134.79 E0.034118
G1 F X-34.24 Y19.55 Z11.78 U90.57 V-134.52 E0.034118
G1 F X-34.07 Y19.55 Z11.78 U90.58 V-134.26 E0.034118
G1 F X-33.9 Y19.55 Z11.78 U90.58 V-134 E0.034118
G1 F X-33.73 Y19.55 Z11.78 U90.58 V-133.73 E0.034118
G1 F X-33.56 Y19.55 Z11.78 U90.58 V-133.46 E0.034118
G1 F X-33.39 Y19.55 Z11.78 U90.58 V-133.2 E0.034118
G1 F X-33.22 Y19.55 Z11.78 U90.58 V-132.93 E0.034118
G1 F X-33.05 Y19.55 Z11.79 U90.59 V-132.66 E0.034118
G1 F X-32.89 Y19.55 Z11.79 U90.59 V-132.39 E0.034118
G1 F X-32.72 Y19.55 Z11.79 U90.59 V-132.12 E0.034118
G1 F X-32.55 Y19.55 Z11.79 U90.59 V-131.85 E0.034118
G1 F X-32.38 Y19.55 Z11.79 U90.6 V-131.58 E0.034118
G1 F X-32.22 Y19.55 Z11.79 U90.6 V-131.31 E0.034118
G1 F X-32.05 Y19.55 Z11.79 U90.6 V-131.04 E0.034118
G1 F X-31.88 Y19.55 Z11.79 U90.6 V-130.77 E0.034118
G1 F X-31.71 Y19.55 Z11.79 U90.61 V-130.49 E0.034118
G1 F X-31.55 Y19.55 Z11.79 U90.61 V-130.22 E0.034118
G1 F X-31.38 Y19.55 Z11.79 U90.62 V-129.95 E0.034118
G1 F X-31.22 Y19.55 Z11.79 U90.62 V-129.67 E0.034118
G1 F X-31.05 Y19.55 Z11.79 U90.62 V-129.4 E0.034118
G1 F X-30.88 Y19.55 Z11.79 U90.63 V-129.12 E0.034118
G1 F X-30.72 Y19.55 Z11.79 U90.63 V-128.85 E0.034118
G1 F X-30.55 Y19.55 Z11.79 U90.63 V-128.57 E0.034118
G1 F X-30.39 Y19.55 Z11.79 U90.64 V-128.3 E0.034118
G1 F X-30.22 Y19.55 Z11.79 U90.64 V-128.02 E0.034118
G1 F X-30.06 Y19.55 Z11.79 U90.64 V-127.74 E0.034118
G1 F X-29.89 Y19.55 Z11.79 U90.64 V-127.46 E0.034118
G1 F X-29.72 Y19.55 Z11.8 U90.64 V-127.18 E0.034118
G1 F X-29.56 Y19.55 Z11.8 U90.64 V-126.9 E0.034118
G1 F X-29.39 Y19.55 Z11.8 U90.64 V-126.62 E0.034118
G1 F X-29.23 Y19.55 Z11.8 U90.64 V-126.34 E0.034118
G1 F X-29.06 Y19.55 Z11.8 U90.64 V-126.06 E0.034118
G1 F X-28.9 Y19.55 Z11.8 U90.64 V-125.78 E0.034118
G1 F X-28.76 Y19.55 Z11.81 U90.64 V-125.55 E0.027367
G1 F X-28.74 Y19.58 Z11.81 U90.54 V-125.49 E0.006752
G1 F X-28.63 Y19.74 Z11.8 U90 V-125.2 E0.034118
G1 F X-28.52 Y19.9 Z11.8 U89.45 V-124.91 E0.034118
G1 F X-28.5 Y19.93 Z11.8 U89.36 V-124.86 E0.005658
G1 F X-28.64 Y19.93 Z11.8 U89.36 V-125.1 E0.02846
G1 F X-28.8 Y19.93 Z11.8 U89.37 V-125.38 E0.034118
G1 F X-28.97 Y19.93 Z11.81 U89.37 V-125.67 E0.034118
G1 F X-29.13 Y19.93 Z11.81 U89.37 V-125.95 E0.034118
G1 F X-29.3 Y19.93 Z11.81 U89.37 V-126.23 E0.034118
G1 F X-29.47 Y19.93 Z11.81 U89.38 V-126.51 E0.034118
G1 F X-29.63 Y19.93 Z11.81 U89.38 V-126.79 E0.034118
G1 F X-29.8 Y19.93 Z11.81 U89.38 V-127.08 E0.034118
G1 F X-29.96 Y19.93 Z11.81 U89.38 V-127.36 E0.034118
G1 F X-30.13 Y19.93 Z11.81 U89.38 V-127.64 E0.034118
G1 F X-30.3 Y19.93 Z11.81 U89.38 V-127.92 E0.034118
G1 F X-30.46 Y19.93 Z11.82 U89.38 V-128.2 E0.034118
G1 F X-30.63 Y19.93 Z11.82 U89.39 V-128.47 E0.034118
G1 F X-30.79 Y19.93 Z11.82 U89.39 V-128.75 E0.034118
G1 F X-30.96 Y19.93 Z11.82 U89.39 V-129.03 E0.034118
G1 F X-31.13 Y19.93 Z11.82 U89.39 V-129.31 E0.034118
G1 F X-31.29 Y19.93 Z11.82 U89.39 V-129.58 E0.034118
G1 F X-31.46 Y19.93 Z11.82 U89.38 V-129.86 E0.034118
G1 F X-31.63 Y19.93 Z11.83 U89.38 V-130.13 E0.034118
G1 F X-31.79 Y19.93 Z11.83 U89.38 V-130.41 E0.034118
G1 F X-31.96 Y19.93 Z11.83 U89.39 V-130.68 E0.034118
G1 F X-32.13 Y19.93 Z11.83 U89.39 V-130.96 E0.034118
G1 F X-32.3 Y19.93 Z11.83 U89.39 V-131.23 E0.034118
G1 F X-32.46 Y19.93 Z11.83 U89.39 V-131.5 E0.034118
G1 F X-32.63 Y19.93 Z11.83 U89.39 V-131.77 E0.034118
G1 F X-32.8 Y19.93 Z11.83 U89.39 V-132.05 E0.034118
G1 F X-32.97 Y19.93 Z11.83 U89.4 V-132.32 E0.034118
G1 F X-33.14 Y19.93 Z11.83 U89.4 V-132.59 E0.034118
G1 F X-33.31 Y19.93 Z11.83 U89.4 V-132.86 E0.034118
G1 F X-33.48 Y19.93 Z11.83 U89.4 V-133.13 E0.034118
G1 F X-33.64 Y19.93 Z11.83 U89.41 V-133.4 E0.034118
G1 F X-33.81 Y19.93 Z11.83 U89.41 V-133.67 E0.034118
G1 F X-33.98 Y19.93 Z11.83 U89.41 V-133.93 E0.034118
G1 F X-34.15 Y19.93 Z11.83 U89.42 V-134.2 E0.034118
G1 F X-34.32 Y19.93 Z11.83 U89.42 V-134.47 E0.034118
G1 F X-34.49 Y19.93 Z11.83 U89.43 V-134.73 E0.034118
G1 F X-34.67 Y19.93 Z11.83 U89.43 V-135 E0.034118
G1 F X-34.84 Y19.93 Z11.83 U89.43 V-135.26 E0.034118
G1 F X-35.01 Y19.93 Z11.83 U89.44 V-135.52 E0.034118
G1 F X-35.18 Y19.93 Z11.83 U89.44 V-135.78 E0.034118
G1 F X-35.35 Y19.93 Z11.83 U89.45 V-136.05 E0.034118
G1 F X-35.52 Y19.93 Z11.83 U89.45 V-136.31 E0.034118
G1 F X-35.69 Y19.93 Z11.83 U89.45 V-136.56 E0.034118
G1 F X-35.87 Y19.93 Z11.83 U89.46 V-136.82 E0.034118
G1 F X-36.04 Y19.93 Z11.83 U89.46 V-137.08 E0.034118
G1 F X-36.21 Y19.93 Z11.83 U89.47 V-137.33 E0.034118
G1 F X-36.39 Y19.93 Z11.83 U89.47 V-137.59 E0.034118
G1 F X-36.56 Y19.93 Z11.83 U89.47 V-137.84 E0.034118
G1 F X-36.73 Y19.93 Z11.83 U89.48 V-138.09 E0.034118
G1 F X-36.91 Y19.93 Z11.83 U89.48 V-138.34 E0.034118
G1 F X-37.08 Y19.93 Z11.83 U89.48 V-138.59 E0.034118
G1 F X-37.26 Y19.93 Z11.83 U89.49 V-138.84 E0.034118
G1 F X-37.43 Y19.93 Z11.83 U89.49 V-139.09 E0.034118
G1 F X-37.6 Y19.93 Z11.82 U89.49 V-139.33 E0.034118
G1 F X-37.78 Y19.93 Z11.82 U89.49 V-139.57 E0.034118
G1 F X-37.96 Y19.93 Z11.82 U89.5 V-139.82 E0.034118
G1 F X-38.13 Y19.93 Z11.82 U89.5 V-140.06 E0.034118
G1 F X-38.31 Y19.93 Z11.82 U89.5 V-140.3 E0.034118
G1 F X-38.48 Y19.93 Z11.82 U89.51 V-140.53 E0.034118
G1 F X-38.66 Y19.93 Z11.82 U89.51 V-140.77 E0.034118
G1 F X-38.84 Y19.93 Z11.82 U89.51 V-141.01 E0.034118
G1 F X-39.02 Y19.93 Z11.82 U89.52 V-141.24 E0.034118
G1 F X-39.19 Y19.93 Z11.82 U89.52 V-141.47 E0.034118
G1 F X-39.37 Y19.93 Z11.82 U89.53 V-141.7 E0.034118
G1 F X-39.55 Y19.93 Z11.81 U89.53 V-141.93 E0.034118
G1 F X-39.73 Y19.93 Z11.81 U89.53 V-142.16 E0.034118
G1 F X-39.91 Y19.93 Z11.81 U89.54 V-142.38 E0.034118
G1 F X-40.09 Y19.93 Z11.81 U89.54 V-142.61 E0.034118
G1 F X-40.27 Y19.93 Z11.81 U89.55 V-142.83 E0.034118
G1 F X-40.45 Y19.93 Z11.8 U89.55 V-143.05 E0.034118
G1 F X-40.63 Y19.93 Z11.8 U89.56 V-143.27 E0.034118
G1 F X-40.81 Y19.93 Z11.8 U89.56 V-143.48 E0.034118
G1 F X-41 Y19.93 Z11.8 U89.57 V-143.7 E0.034118
G1 F X-41.18 Y19.93 Z11.8 U89.57 V-143.91 E0.034118
G1 F X-41.36 Y19.93 Z11.79 U89.58 V-144.12 E0.034118
G1 F X-41.54 Y19.93 Z11.79 U89.59 V-144.33 E0.034118
G1 F X-41.73 Y19.93 Z11.79 U89.59 V-144.53 E0.034118
G1 F X-41.91 Y19.93 Z11.78 U89.6 V-144.74 E0.034118
G1 F X-42.1 Y19.93 Z11.78 U89.6 V-144.94 E0.034118
G1 F X-42.28 Y19.93 Z11.78 U89.61 V-145.14 E0.034118
G1 F X-42.47 Y19.93 Z11.78 U89.61 V-145.33 E0.034118
G1 F X-42.65 Y19.93 Z11.77 U89.62 V-145.53 E0.034118
G1 F X-42.84 Y19.93 Z11.77 U89.63 V-145.72 E0.034118
G1 F X-43.02 Y19.93 Z11.77 U89.63 V-145.91 E0.034118
G1 F X-43.21 Y19.93 Z11.76 U89.64 V-146.1 E0.034118
G1 F X-43.4 Y19.93 Z11.76 U89.64 V-146.28 E0.034118
G1 F X-43.58 Y19.93 Z11.76 U89.65 V-146.46 E0.034118
G1 F X-43.77 Y19.93 Z11.75 U89.66 V-146.64 E0.034118
G1 F X-43.96 Y19.93 Z11.75 U89.66 V-146.82 E0.034118
G1 F X-44.15 Y19.93 Z11.74 U89.67 V-146.99 E0.034118
G1 F X-44.34 Y19.93 Z11.74 U89.68 V-147.16 E0.034118
G1 F X-44.53 Y19.93 Z11.74 U89.68 V-147.33 E0.034118
G1 F X-44.72 Y19.93 Z11.73 U89.69 V-147.49 E0.034118
G1 F X-44.91 Y19.93 Z11.73 U89.69 V-147.65 E0.034118
G1 F X-45.1 Y19.93 Z11.72 U89.7 V-147.81 E0.034118
G1 F X-45.29 Y19.93 Z11.72 U89.71 V-147.97 E0.034118
G1 F X-45.49 Y19.93 Z11.72 U89.71 V-148.12 E0.034118
G1 F X-45.68 Y19.93 Z11.71 U89.72 V-148.27 E0.034118
G1 F X-45.87 Y19.93 Z11.71 U89.73 V-148.41 E0.034118
G1 F X-46.06 Y19.93 Z11.7 U89.73 V-148.55 E0.034118
G1 F X-46.26 Y19.93 Z11.7 U89.74 V-148.69 E0.034118
G1 F X-46.45 Y19.93 Z11.69 U89.75 V-148.83 E0.034118
G1 F X-46.65 Y19.93 Z11.69 U89.75 V-148.96 E0.034118
G1 F X-46.84 Y19.93 Z11.68 U89.76 V-149.08 E0.034118
G1 F X-47.04 Y19.93 Z11.68 U89.77 V-149.21 E0.034118
G1 F X-47.23 Y19.93 Z11.67 U89.78 V-149.33 E0.034118
G1 F X-47.33 Y19.93 Z11.67 U89.78 V-149.38 E0.016125
G1 F X-47.34 Y19.87 Z11.71 U89.85 V-149.4 E0.017993
G1 F X-47.36 Y19.76 Z11.79 U89.97 V-149.42 E0.034118
G1 F X-47.39 Y19.66 Z11.87 U90.09 V-149.44 E0.034118
G1 F X-47.41 Y19.55 Z11.95 U90.21 V-149.46 E0.034118
G1 F X-47.41 Y19.72 Z12.05 U90.21 V-149.46 E0
G1 F X-47.88 Y19.49 Z12.25 U90.42 V-149.73 E0
G1 F X-47.88 Y19.32 Z12.15 U90.42 V-149.73 E0
G1 F X-47.69 Y19.32 Z12.14 U90.44 V-149.63 E0.034091
G1 F300 E-1.00 ;Filament Retraction!!
G1 F X-47.5 Y19.32 Z12.13 U90.46 V-149.52 E0.034091
G1 F X-47.31 Y19.32 Z12.12 U90.47 V-149.41 E0.034091
G1 F300 E1.1;Filament (De)-Retraction!!
G1 F X-47.12 Y19.32 Z12.11 U90.49 V-149.3 E0.034091
G1 F X-46.93 Y19.32 Z12.09 U90.51 V-149.19 E0.034091
G1 F X-46.74 Y19.31 Z12.08 U90.53 V-149.07 E0.034091
G1 F X-46.55 Y19.31 Z12.07 U90.55 V-148.95 E0.034091
G1 F X-46.36 Y19.31 Z12.06 U90.57 V-148.82 E0.034091
G1 F X-46.17 Y19.31 Z12.05 U90.58 V-148.69 E0.034091
G1 F X-45.98 Y19.31 Z12.04 U90.6 V-148.56 E0.034091
G1 F X-45.79 Y19.31 Z12.03 U90.62 V-148.42 E0.034091
G1 F X-45.61 Y19.31 Z12.02 U90.64 V-148.28 E0.034091
G1 F X-45.42 Y19.3 Z12.01 U90.66 V-148.14 E0.034091
G1 F X-45.23 Y19.3 Z12 U90.67 V-148 E0.034091
G1 F X-45.05 Y19.3 Z11.99 U90.69 V-147.85 E0.034091
G1 F X-44.86 Y19.3 Z11.98 U90.71 V-147.7 E0.034091
G1 F X-44.67 Y19.3 Z11.97 U90.73 V-147.54 E0.034091
G1 F X-44.49 Y19.3 Z11.97 U90.74 V-147.39 E0.034091
G1 F X-44.3 Y19.29 Z11.96 U90.76 V-147.23 E0.034091
G1 F X-44.12 Y19.29 Z11.95 U90.78 V-147.07 E0.034091
G1 F X-43.94 Y19.29 Z11.94 U90.8 V-146.9 E0.034091
G1 F X-43.75 Y19.29 Z11.93 U90.81 V-146.73 E0.034091
G1 F X-43.57 Y19.29 Z11.93 U90.83 V-146.56 E0.034091
G1 F X-43.39 Y19.29 Z11.92 U90.85 V-146.39 E0.034091
G1 F X-43.2 Y19.28 Z11.91 U90.86 V-146.22 E0.034092
G1 F X-43.02 Y19.28 Z11.9 U90.88 V-146.04 E0.034092
G1 F X-42.84 Y19.28 Z11.9 U90.9 V-145.86 E0.034092
G1 F X-42.66 Y19.28 Z11.89 U90.92 V-145.67 E0.034092
G1 F X-42.48 Y19.28 Z11.88 U90.93 V-145.49 E0.034092
G1 F X-42.3 Y19.28 Z11.88 U90.95 V-145.3 E0.034092
G1 F X-42.12 Y19.27 Z11.87 U90.96 V-145.11 E0.034092
G1 F X-41.94 Y19.27 Z11.86 U90.98 V-144.92 E0.034092
G1 F X-41.76 Y19.27 Z11.86 U91 V-144.73 E0.034092
G1 F X-41.58 Y19.27 Z11.85 U91.01 V-144.53 E0.034092
G1 F X-41.4 Y19.27 Z11.85 U91.03 V-144.34 E0.034092
G1 F X-41.22 Y19.26 Z11.84 U91.05 V-144.14 E0.034092
G1 F X-41.05 Y19.26 Z11.84 U91.06 V-143.93 E0.034091
G1 F X-40.87 Y19.26 Z11.83 U91.08 V-143.73 E0.034092
G1 F X-40.69 Y19.26 Z11.83 U91.1 V-143.52 E0.034092
G1 F X-40.51 Y19.26 Z11.82 U91.11 V-143.32 E0.034092
G1 F X-40.34 Y19.25 Z11.82 U91.13 V-143.11 E0.034092
G1 F X-40.16 Y19.25 Z11.81 U91.14 V-142.9 E0.034092
G1 F X-39.99 Y19.25 Z11.81 U91.16 V-142.68 E0.034092
G1 F X-39.81 Y19.25 Z11.8 U91.18 V-142.47 E0.034092
G1 F X-39.64 Y19.25 Z11.8 U91.19 V-142.25 E0.034092
G1 F X-39.46 Y19.24 Z11.8 U91.21 V-142.04 E0.034092
G1 F X-39.29 Y19.24 Z11.79 U91.22 V-141.82 E0.034091
G1 F X-39.11 Y19.24 Z11.79 U91.24 V-141.6 E0.034091
G1 F X-38.94 Y19.24 Z11.78 U91.26 V-141.37 E0.034091
G1 F X-38.77 Y19.24 Z11.78 U91.27 V-141.15 E0.034091
G1 F X-38.59 Y19.23 Z11.78 U91.29 V-140.93 E0.034091
G1 F X-38.42 Y19.23 Z11.77 U91.31 V-140.7 E0.034092
G1 F X-38.25 Y19.23 Z11.77 U91.32 V-140.47 E0.034092
G1 F X-38.08 Y19.23 Z11.77 U91.34 V-140.24 E0.034092
G1 F X-37.91 Y19.22 Z11.76 U91.36 V-140.01 E0.034092
G1 F X-37.74 Y19.22 Z11.76 U91.37 V-139.78 E0.034092
G1 F X-37.56 Y19.22 Z11.76 U91.39 V-139.55 E0.034092
G1 F X-37.39 Y19.22 Z11.75 U91.41 V-139.31 E0.034092
G1 F X-37.22 Y19.21 Z11.75 U91.42 V-139.08 E0.034092
G1 F X-37.05 Y19.21 Z11.75 U91.44 V-138.84 E0.034092
G1 F X-36.88 Y19.21 Z11.75 U91.46 V-138.6 E0.034092
G1 F X-36.71 Y19.21 Z11.74 U91.47 V-138.36 E0.034092
G1 F X-36.54 Y19.21 Z11.74 U91.49 V-138.12 E0.034092
G1 F X-36.38 Y19.2 Z11.74 U91.5 V-137.88 E0.034092
G1 F X-36.21 Y19.2 Z11.74 U91.52 V-137.63 E0.034092
G1 F X-36.04 Y19.2 Z11.74 U91.53 V-137.39 E0.034092
G1 F X-35.87 Y19.2 Z11.74 U91.55 V-137.14 E0.034092
G1 F X-35.7 Y19.2 Z11.73 U91.56 V-136.9 E0.034092
G1 F X-35.53 Y19.19 Z11.73 U91.57 V-136.65 E0.034092
G1 F X-35.36 Y19.19 Z11.73 U91.59 V-136.4 E0.034092
G1 F X-35.2 Y19.19 Z11.73 U91.6 V-136.15 E0.034092
G1 F X-35.03 Y19.19 Z11.73 U91.61 V-135.9 E0.034092
G1 F X-34.86 Y19.19 Z11.73 U91.63 V-135.64 E0.034092
G1 F X-34.69 Y19.18 Z11.73 U91.64 V-135.39 E0.034092
G1 F X-34.53 Y19.18 Z11.73 U91.65 V-135.14 E0.034092
G1 F X-34.36 Y19.18 Z11.73 U91.66 V-134.88 E0.034092
G1 F X-34.19 Y19.18 Z11.73 U91.68 V-134.63 E0.034092
G1 F X-34.03 Y19.18 Z11.74 U91.69 V-134.37 E0.034092
G1 F X-33.86 Y19.17 Z11.74 U91.7 V-134.11 E0.034092
G1 F X-33.69 Y19.17 Z11.74 U91.71 V-133.85 E0.034092
G1 F X-33.53 Y19.17 Z11.74 U91.72 V-133.59 E0.034092
G1 F X-33.36 Y19.17 Z11.74 U91.74 V-133.33 E0.034092
G1 F X-33.2 Y19.17 Z11.74 U91.75 V-133.07 E0.034092
G1 F X-33.03 Y19.16 Z11.74 U91.76 V-132.81 E0.034092
G1 F X-32.87 Y19.16 Z11.74 U91.77 V-132.55 E0.034092
G1 F X-32.7 Y19.16 Z11.74 U91.78 V-132.28 E0.034092
G1 F X-32.54 Y19.16 Z11.75 U91.79 V-132.02 E0.034092
G1 F X-32.37 Y19.16 Z11.75 U91.8 V-131.75 E0.034092
G1 F X-32.21 Y19.16 Z11.75 U91.82 V-131.49 E0.034092
G1 F X-32.04 Y19.15 Z11.75 U91.83 V-131.22 E0.034092
G1 F X-31.88 Y19.15 Z11.75 U91.84 V-130.96 E0.034092
G1 F X-31.71 Y19.15 Z11.75 U91.85 V-130.69 E0.034092
G1 F X-31.55 Y19.15 Z11.76 U91.86 V-130.42 E0.034092
G1 F X-31.39 Y19.15 Z11.76 U91.87 V-130.16 E0.034092
G1 F X-31.22 Y19.14 Z11.76 U91.89 V-129.89 E0.034092
G1 F X-31.06 Y19.14 Z11.76 U91.9 V-129.62 E0.034092
G1 F X-30.89 Y19.14 Z11.76 U91.91 V-129.35 E0.034092
G1 F X-30.73 Y19.14 Z11.77 U91.92 V-129.08 E0.034092
G1 F X-30.57 Y19.14 Z11.77 U91.93 V-128.81 E0.034092
G1 F X-30.4 Y19.14 Z11.77 U91.94 V-128.54 E0.034092
G1 F X-30.24 Y19.13 Z11.77 U91.95 V-128.26 E0.034092
G1 F X-30.08 Y19.13 Z11.78 U91.96 V-127.99 E0.034092
G1 F X-29.91 Y19.13 Z11.78 U91.97 V-127.72 E0.034092
G1 F X-29.75 Y19.13 Z11.78 U91.97 V-127.44 E0.034092
G1 F X-29.59 Y19.13 Z11.79 U91.98 V-127.17 E0.034092
G1 F X-29.42 Y19.13 Z11.79 U91.99 V-126.89 E0.034092
G1 F X-29.26 Y19.13 Z11.8 U91.99 V-126.61 E0.034092
G1 F X-29.09 Y19.13 Z11.8 U92 V-126.34 E0.034092
G1 F X-28.93 Y19.13 Z11.8 U92 V-126.06 E0.034092
G1 F X-28.77 Y19.13 Z11.81 U92.01 V-125.78 E0.034092
G1 F X-28.64 Y19.12 Z11.81 U92.01 V-125.57 E0.025989
G1 F X-28.61 Y19.16 Z11.81 U91.89 V-125.5 E0.008103
G1 F X-28.5 Y19.33 Z11.81 U91.35 V-125.21 E0.034092
G1 F X-28.38 Y19.5 Z11.81 U90.81 V-124.92 E0.034092
G1 F X-28.26 Y19.66 Z11.81 U90.27 V-124.63 E0.034092
G1 F X-28.15 Y19.82 Z11.8 U89.72 V-124.34 E0.034092
G1 F X-28.04 Y19.98 Z11.8 U89.17 V-124.04 E0.034092
G1 F X-27.94 Y20.15 Z11.79 U88.63 V-123.75 E0.034092
G1 F X-27.83 Y20.3 Z11.78 U88.08 V-123.45 E0.034092
G1 F X-27.81 Y20.34 Z11.78 U87.96 V-123.39 E0.007321
G1 F X-27.94 Y20.34 Z11.78 U87.96 V-123.61 E0.026771
G1 F X-28.1 Y20.34 Z11.79 U87.97 V-123.9 E0.034092
G1 F X-28.27 Y20.34 Z11.79 U87.97 V-124.18 E0.034092
G1 F X-28.44 Y20.34 Z11.8 U87.98 V-124.47 E0.034092
G1 F X-28.6 Y20.34 Z11.8 U87.98 V-124.76 E0.034092
G1 F X-28.77 Y20.33 Z11.81 U87.99 V-125.04 E0.034092
G1 F X-28.93 Y20.33 Z11.81 U88 V-125.33 E0.034092
G1 F X-29.1 Y20.33 Z11.81 U88 V-125.61 E0.034092
G1 F X-29.27 Y20.33 Z11.82 U88.01 V-125.9 E0.034092
G1 F X-29.43 Y20.33 Z11.82 U88.02 V-126.18 E0.034092
G1 F X-29.6 Y20.33 Z11.83 U88.03 V-126.47 E0.034092
G1 F X-29.77 Y20.33 Z11.83 U88.03 V-126.75 E0.034092
G1 F X-29.94 Y20.33 Z11.83 U88.04 V-127.04 E0.034092
G1 F X-30.1 Y20.33 Z11.84 U88.05 V-127.32 E0.034092
G1 F X-30.27 Y20.32 Z11.84 U88.06 V-127.61 E0.034092
G1 F X-30.44 Y20.32 Z11.84 U88.06 V-127.89 E0.034092
G1 F X-30.6 Y20.32 Z11.85 U88.07 V-128.17 E0.034092
G1 F X-30.77 Y20.32 Z11.85 U88.08 V-128.46 E0.034092
G1 F X-30.94 Y20.32 Z11.85 U88.09 V-128.74 E0.034092
G1 F X-31.11 Y20.32 Z11.86 U88.1 V-129.02 E0.034092
G1 F X-31.28 Y20.32 Z11.86 U88.1 V-129.3 E0.034092
G1 F X-31.44 Y20.32 Z11.86 U88.11 V-129.58 E0.034092
G1 F X-31.61 Y20.32 Z11.87 U88.12 V-129.86 E0.034092
G1 F X-31.78 Y20.31 Z11.87 U88.13 V-130.14 E0.034092
G1 F X-31.95 Y20.31 Z11.87 U88.14 V-130.42 E0.034092
G1 F X-32.12 Y20.31 Z11.88 U88.14 V-130.7 E0.034092
G1 F X-32.29 Y20.31 Z11.88 U88.15 V-130.98 E0.034092
G1 F X-32.46 Y20.31 Z11.88 U88.16 V-131.26 E0.034092
G1 F X-32.63 Y20.31 Z11.88 U88.18 V-131.54 E0.034092
G1 F X-32.8 Y20.31 Z11.88 U88.19 V-131.82 E0.034092
G1 F X-32.97 Y20.3 Z11.89 U88.2 V-132.09 E0.034092
G1 F X-33.14 Y20.3 Z11.89 U88.21 V-132.37 E0.034092
G1 F X-33.31 Y20.3 Z11.89 U88.22 V-132.65 E0.034092
G1 F X-33.48 Y20.3 Z11.89 U88.24 V-132.92 E0.034092
G1 F X-33.66 Y20.3 Z11.89 U88.25 V-133.2 E0.034092
G1 F X-33.83 Y20.3 Z11.89 U88.26 V-133.47 E0.034092
G1 F X-34 Y20.29 Z11.89 U88.28 V-133.75 E0.034092
G1 F X-34.17 Y20.29 Z11.89 U88.29 V-134.02 E0.034092
G1 F X-34.34 Y20.29 Z11.89 U88.31 V-134.29 E0.034092
G1 F X-34.52 Y20.29 Z11.89 U88.32 V-134.57 E0.034092
G1 F X-34.69 Y20.29 Z11.89 U88.34 V-134.84 E0.034092
G1 F X-34.86 Y20.28 Z11.89 U88.35 V-135.11 E0.034092
G1 F X-35.04 Y20.28 Z11.89 U88.37 V-135.38 E0.034092
G1 F X-35.21 Y20.28 Z11.89 U88.38 V-135.65 E0.034092
G1 F X-35.39 Y20.28 Z11.89 U88.4 V-135.91 E0.034092
G1 F X-35.56 Y20.27 Z11.89 U88.41 V-136.18 E0.034092
G1 F X-35.74 Y20.27 Z11.88 U88.43 V-136.45 E0.034092
G1 F X-35.91 Y20.27 Z11.88 U88.45 V-136.71 E0.034092
G1 F X-36.09 Y20.27 Z11.88 U88.46 V-136.97 E0.034092
G1 F X-36.26 Y20.27 Z11.88 U88.48 V-137.24 E0.034092
G1 F X-36.44 Y20.26 Z11.88 U88.49 V-137.5 E0.034092
G1 F X-36.62 Y20.26 Z11.88 U88.51 V-137.76 E0.034092
G1 F X-36.79 Y20.26 Z11.87 U88.53 V-138.02 E0.034092
G1 F X-36.97 Y20.26 Z11.87 U88.54 V-138.27 E0.034092
G1 F X-37.15 Y20.26 Z11.87 U88.56 V-138.53 E0.034092
G1 F X-37.32 Y20.25 Z11.87 U88.57 V-138.78 E0.034092
G1 F X-37.5 Y20.25 Z11.87 U88.59 V-139.04 E0.034092
G1 F X-37.68 Y20.25 Z11.86 U88.6 V-139.29 E0.034092
G1 F X-37.86 Y20.25 Z11.86 U88.62 V-139.54 E0.034092
G1 F X-38.04 Y20.25 Z11.86 U88.63 V-139.79 E0.034092
G1 F X-38.22 Y20.24 Z11.86 U88.65 V-140.03 E0.034092
G1 F X-38.39 Y20.24 Z11.85 U88.67 V-140.28 E0.034092
G1 F X-38.57 Y20.24 Z11.85 U88.68 V-140.53 E0.034092
G1 F X-38.75 Y20.24 Z11.85 U88.7 V-140.77 E0.034092
G1 F X-38.94 Y20.24 Z11.84 U88.71 V-141.01 E0.034092
G1 F X-39.12 Y20.23 Z11.84 U88.73 V-141.25 E0.034092
G1 F X-39.3 Y20.23 Z11.83 U88.75 V-141.49 E0.034092
G1 F X-39.48 Y20.23 Z11.83 U88.76 V-141.72 E0.034092
G1 F X-39.66 Y20.23 Z11.83 U88.78 V-141.96 E0.034092
G1 F X-39.84 Y20.23 Z11.82 U88.8 V-142.19 E0.034092
G1 F X-40.03 Y20.22 Z11.82 U88.82 V-142.42 E0.034092
G1 F X-40.21 Y20.22 Z11.81 U88.83 V-142.65 E0.034092
G1 F X-40.39 Y20.22 Z11.81 U88.85 V-142.88 E0.034092
G1 F X-40.58 Y20.22 Z11.8 U88.87 V-143.1 E0.034091
G1 F X-40.76 Y20.22 Z11.8 U88.89 V-143.33 E0.034092
G1 F X-40.95 Y20.21 Z11.79 U88.9 V-143.55 E0.034092
G1 F X-41.13 Y20.21 Z11.78 U88.92 V-143.77 E0.034092
G1 F X-41.32 Y20.21 Z11.78 U88.94 V-143.98 E0.034091
G1 F X-41.5 Y20.21 Z11.77 U88.96 V-144.2 E0.034091
G1 F X-41.69 Y20.21 Z11.77 U88.98 V-144.41 E0.034091
G1 F X-41.88 Y20.2 Z11.76 U88.99 V-144.62 E0.034091
G1 F X-42.06 Y20.2 Z11.75 U89.01 V-144.83 E0.034092
G1 F X-42.25 Y20.2 Z11.75 U89.03 V-145.03 E0.034092
G1 F X-42.44 Y20.2 Z11.74 U89.05 V-145.24 E0.034092
G1 F X-42.63 Y20.2 Z11.73 U89.07 V-145.44 E0.034092
G1 F X-42.82 Y20.19 Z11.72 U89.09 V-145.63 E0.034091
G1 F X-43.01 Y20.19 Z11.72 U89.1 V-145.83 E0.034091
G1 F X-43.2 Y20.19 Z11.71 U89.12 V-146.02 E0.034091
G1 F X-43.39 Y20.19 Z11.7 U89.14 V-146.21 E0.034091
G1 F X-43.58 Y20.19 Z11.69 U89.16 V-146.4 E0.034091
G1 F X-43.77 Y20.19 Z11.68 U89.18 V-146.58 E0.034092
G1 F X-43.96 Y20.18 Z11.68 U89.2 V-146.76 E0.034091
G1 F X-44.15 Y20.18 Z11.67 U89.22 V-146.94 E0.034091
G1 F X-44.34 Y20.18 Z11.66 U89.23 V-147.12 E0.034091
G1 F X-44.53 Y20.18 Z11.65 U89.25 V-147.29 E0.034091
G1 F X-44.73 Y20.18 Z11.64 U89.27 V-147.46 E0.034091
G1 F X-44.92 Y20.18 Z11.63 U89.29 V-147.62 E0.034091
G1 F X-45.11 Y20.17 Z11.62 U89.31 V-147.78 E0.034091
G1 F X-45.31 Y20.17 Z11.61 U89.32 V-147.94 E0.034092
G1 F X-45.5 Y20.17 Z11.6 U89.34 V-148.1 E0.034091
G1 F X-45.7 Y20.17 Z11.59 U89.36 V-148.25 E0.034091
G1 F X-45.89 Y20.17 Z11.58 U89.38 V-148.4 E0.034091
G1 F X-46.09 Y20.17 Z11.57 U89.4 V-148.54 E0.034091
G1 F X-46.29 Y20.17 Z11.56 U89.41 V-148.68 E0.034091
G1 F X-46.48 Y20.16 Z11.55 U89.43 V-148.82 E0.034091
G1 F X-46.68 Y20.16 Z11.54 U89.45 V-148.95 E0.034091
G1 F X-46.88 Y20.16 Z11.53 U89.47 V-149.08 E0.034091
G1 F X-47.07 Y20.16 Z11.52 U89.49 V-149.21 E0.034091
G1 F X-47.27 Y20.16 Z11.51 U89.51 V-149.33 E0.034091
G1 F X-47.47 Y20.16 Z11.5 U89.53 V-149.45 E0.034091
G1 F X-47.67 Y20.16 Z11.48 U89.54 V-149.56 E0.034091
G1 F X-47.7 Y20.16 Z11.48 U89.55 V-149.58 E0.005102
G1 F X-47.72 Y20.07 Z11.55 U89.65 V-149.6 E0.028989
G1 F X-47.74 Y19.96 Z11.63 U89.76 V-149.62 E0.034092
G1 F X-47.76 Y19.85 Z11.72 U89.88 V-149.64 E0.034092
G1 F X-47.79 Y19.75 Z11.8 U89.99 V-149.66 E0.034092
G1 F X-47.81 Y19.64 Z11.89 U90.1 V-149.67 E0.034092
G1 F X-47.83 Y19.53 Z11.97 U90.21 V-149.69 E0.034092
G1 F X-47.86 Y19.43 Z12.06 U90.31 V-149.71 E0.034092
G1 F X-47.86 Y19.6 Z12.17 U90.31 V-149.71 E0
G1 F X-47.22 Y21.44 Z13.07 U90.22 V-149.35 E0
G1 F X-47.23 Y21.27 Z12.97 U90.22 V-149.35 E0
G1 F X-47.03 Y21.27 Z12.96 U90.22 V-149.24 E0.034105
G1 F300 E-1.00 ;Filament Retraction!!
G1 F X-46.84 Y21.27 Z12.96 U90.23 V-149.12 E0.034105
G1 F X-46.65 Y21.27 Z12.95 U90.24 V-149 E0.034105
G1 F300 E1.1;Filament (De)-Retraction!!
G1 F X-46.46 Y21.27 Z12.95 U90.25 V-148.87 E0.034105
G1 F X-46.27 Y21.27 Z12.94 U90.25 V-148.74 E0.034105
G1 F X-46.08 Y21.27 Z12.94 U90.26 V-148.61 E0.034105
G1 F X-45.89 Y21.27 Z12.93 U90.27 V-148.47 E0.034105
G1 F X-45.7 Y21.27 Z12.93 U90.28 V-148.33 E0.034105
G1 F X-45.51 Y21.27 Z12.92 U90.28 V-148.19 E0.034105
G1 F X-45.32 Y21.27 Z12.92 U90.29 V-148.05 E0.034105
G1 F X-45.14 Y21.27 Z12.91 U90.3 V-147.9 E0.034105
G1 F X-44.95 Y21.27 Z12.91 U90.31 V-147.75 E0.034105
G1 F X-44.76 Y21.27 Z12.9 U90.31 V-147.59 E0.034105
G1 F X-44.58 Y21.27 Z12.9 U90.32 V-147.43 E0.034105
G1 F X-44.39 Y21.26 Z12.9 U90.33 V-147.27 E0.034105
G1 F X-44.21 Y21.26 Z12.89 U90.33 V-147.11 E0.034105
G1 F X-44.02 Y21.26 Z12.89 U90.34 V-146.94 E0.034105
G1 F X-43.84 Y21.26 Z12.89 U90.34 V-146.77 E0.034105
G1 F X-43.65 Y21.26 Z12.88 U90.35 V-146.6 E0.034105
G1 F X-43.47 Y21.26 Z12.88 U90.36 V-146.43 E0.034105
G1 F X-43.28 Y21.26 Z12.88 U90.36 V-146.25 E0.034105
G1 F X-43.1 Y21.27 Z12.87 U90.37 V-146.07 E0.034105
G1 F X-42.92 Y21.27 Z12.87 U90.37 V-145.89 E0.034105
G1 F X-42.74 Y21.27 Z12.87 U90.38 V-145.71 E0.034105
G1 F X-42.55 Y21.27 Z12.86 U90.38 V-145.52 E0.034105
G1 F X-42.37 Y21.27 Z12.86 U90.39 V-145.33 E0.034105
G1 F X-42.19 Y21.27 Z12.86 U90.39 V-145.14 E0.034105
G1 F X-42.01 Y21.27 Z12.86 U90.4 V-144.95 E0.034105
G1 F X-41.83 Y21.27 Z12.85 U90.41 V-144.75 E0.034105
G1 F X-41.65 Y21.27 Z12.85 U90.41 V-144.56 E0.034105
G1 F X-41.47 Y21.27 Z12.85 U90.41 V-144.36 E0.034105
G1 F X-41.29 Y21.27 Z12.85 U90.42 V-144.16 E0.034105
G1 F X-41.12 Y21.27 Z12.84 U90.42 V-143.95 E0.034105
G1 F X-40.94 Y21.27 Z12.84 U90.43 V-143.75 E0.034105
G1 F X-40.76 Y21.27 Z12.84 U90.43 V-143.54 E0.034105
G1 F X-40.58 Y21.27 Z12.84 U90.44 V-143.33 E0.034105
G1 F X-40.41 Y21.27 Z12.84 U90.44 V-143.12 E0.034105
G1 F X-40.23 Y21.27 Z12.83 U90.45 V-142.91 E0.034105
G1 F X-40.05 Y21.27 Z12.83 U90.45 V-142.69 E0.034105
G1 F X-39.88 Y21.27 Z12.83 U90.46 V-142.48 E0.034105
G1 F X-39.7 Y21.27 Z12.83 U90.46 V-142.26 E0.034105
G1 F X-39.53 Y21.27 Z12.83 U90.47 V-142.04 E0.034105
G1 F X-39.36 Y21.26 Z12.83 U90.47 V-141.82 E0.034105
G1 F X-39.18 Y21.26 Z12.83 U90.47 V-141.6 E0.034105
G1 F X-39.01 Y21.26 Z12.82 U90.48 V-141.37 E0.034105
G1 F X-38.83 Y21.26 Z12.82 U90.48 V-141.15 E0.034105
G1 F X-38.66 Y21.26 Z12.82 U90.49 V-140.92 E0.034105
G1 F X-38.49 Y21.26 Z12.82 U90.49 V-140.69 E0.034105
G1 F X-38.32 Y21.26 Z12.82 U90.5 V-140.47 E0.034105
G1 F X-38.15 Y21.26 Z12.82 U90.5 V-140.24 E0.034105
G1 F X-37.97 Y21.26 Z12.82 U90.51 V-140 E0.034105
G1 F X-37.8 Y21.26 Z12.81 U90.51 V-139.77 E0.034105
G1 F X-37.63 Y21.26 Z12.81 U90.52 V-139.54 E0.034106
G1 F X-37.46 Y21.26 Z12.81 U90.52 V-139.3 E0.034105
G1 F X-37.29 Y21.26 Z12.81 U90.53 V-139.06 E0.034105
G1 F X-37.12 Y21.26 Z12.81 U90.53 V-138.83 E0.034105
G1 F X-36.95 Y21.26 Z12.81 U90.54 V-138.59 E0.034105
G1 F X-36.79 Y21.26 Z12.81 U90.54 V-138.35 E0.034105
G1 F X-36.62 Y21.26 Z12.81 U90.55 V-138.1 E0.034105
G1 F X-36.45 Y21.26 Z12.8 U90.55 V-137.86 E0.034105
G1 F X-36.28 Y21.26 Z12.8 U90.56 V-137.62 E0.034105
G1 F X-36.11 Y21.26 Z12.8 U90.56 V-137.37 E0.034105
G1 F X-35.94 Y21.26 Z12.8 U90.56 V-137.12 E0.034105
G1 F X-35.78 Y21.26 Z12.8 U90.56 V-136.88 E0.034105
G1 F X-35.61 Y21.26 Z12.8 U90.57 V-136.63 E0.034105
G1 F X-35.44 Y21.26 Z12.8 U90.57 V-136.38 E0.034105
G1 F X-35.27 Y21.26 Z12.8 U90.57 V-136.13 E0.034105
G1 F X-35.11 Y21.26 Z12.8 U90.57 V-135.88 E0.034105
G1 F X-34.94 Y21.26 Z12.8 U90.58 V-135.62 E0.034105
G1 F X-34.77 Y21.26 Z12.81 U90.58 V-135.37 E0.034105
G1 F X-34.61 Y21.26 Z12.81 U90.58 V-135.11 E0.034105
G1 F X-34.44 Y21.26 Z12.81 U90.58 V-134.86 E0.034105
G1 F X-34.28 Y21.26 Z12.81 U90.58 V-134.6 E0.034105
G1 F X-34.11 Y21.26 Z12.81 U90.59 V-134.35 E0.034105
G1 F X-33.95 Y21.26 Z12.81 U90.59 V-134.09 E0.034105
G1 F X-33.78 Y21.26 Z12.81 U90.59 V-133.83 E0.034105
G1 F X-33.62 Y21.26 Z12.81 U90.59 V-133.57 E0.034105
G1 F X-33.45 Y21.26 Z12.81 U90.59 V-133.31 E0.034105
G1 F X-33.29 Y21.26 Z12.81 U90.6 V-133.05 E0.034105
G1 F X-33.12 Y21.26 Z12.81 U90.6 V-132.79 E0.034106
G1 F X-32.96 Y21.26 Z12.81 U90.6 V-132.53 E0.034105
G1 F X-32.8 Y21.26 Z12.81 U90.6 V-132.27 E0.034105
G1 F X-32.63 Y21.26 Z12.81 U90.61 V-132 E0.034105
G1 F X-32.47 Y21.26 Z12.81 U90.61 V-131.74 E0.034105
G1 F X-32.31 Y21.26 Z12.81 U90.61 V-131.48 E0.034105
G1 F X-32.14 Y21.26 Z12.81 U90.61 V-131.21 E0.034105
G1 F X-31.98 Y21.26 Z12.81 U90.62 V-130.95 E0.034105
G1 F X-31.82 Y21.26 Z12.81 U90.62 V-130.69 E0.034105
G1 F X-31.66 Y21.26 Z12.82 U90.62 V-130.42 E0.034105
G1 F X-31.5 Y21.26 Z12.82 U90.63 V-130.15 E0.034105
G1 F X-31.33 Y21.26 Z12.82 U90.63 V-129.89 E0.034105
G1 F X-31.17 Y21.26 Z12.82 U90.64 V-129.62 E0.034105
G1 F X-31.01 Y21.26 Z12.82 U90.64 V-129.36 E0.034105
G1 F X-30.85 Y21.26 Z12.82 U90.65 V-129.09 E0.034105
G1 F X-30.69 Y21.26 Z12.82 U90.65 V-128.82 E0.034105
G1 F X-30.53 Y21.26 Z12.82 U90.65 V-128.55 E0.034105
G1 F X-30.37 Y21.26 Z12.82 U90.66 V-128.28 E0.034105
G1 F X-30.21 Y21.26 Z12.82 U90.66 V-128.02 E0.034105
G1 F X-30.05 Y21.26 Z12.82 U90.66 V-127.75 E0.034105
G1 F X-29.88 Y21.26 Z12.82 U90.66 V-127.47 E0.034105
G1 F X-29.72 Y21.26 Z12.82 U90.66 V-127.2 E0.034105
G1 F X-29.56 Y21.26 Z12.82 U90.66 V-126.93 E0.034105
G1 F X-29.4 Y21.26 Z12.82 U90.66 V-126.66 E0.034105
G1 F X-29.24 Y21.26 Z12.83 U90.67 V-126.39 E0.034105
G1 F X-29.08 Y21.26 Z12.83 U90.67 V-126.11 E0.034105
G1 F X-28.92 Y21.26 Z12.83 U90.67 V-125.84 E0.034105
G1 F X-28.78 Y21.26 Z12.83 U90.67 V-125.6 E0.029506
G1 F X-28.76 Y21.28 Z12.83 U90.58 V-125.55 E0.004599
G1 F X-28.62 Y21.47 Z12.83 U89.97 V-125.19 E0.034105
G1 F X-28.48 Y21.65 Z12.83 U89.34 V-124.81 E0.034552
G1 F X-28.64 Y21.65 Z12.83 U89.34 V-125.09 E0.033659
G1 F X-28.8 Y21.65 Z12.83 U89.35 V-125.36 E0.034105
G1 F X-28.96 Y21.65 Z12.83 U89.35 V-125.64 E0.034105
G1 F X-29.13 Y21.65 Z12.83 U89.35 V-125.91 E0.034105
G1 F X-29.29 Y21.65 Z12.83 U89.35 V-126.19 E0.034105
G1 F X-29.45 Y21.65 Z12.83 U89.36 V-126.46 E0.034105
G1 F X-29.61 Y21.65 Z12.84 U89.36 V-126.73 E0.034105
G1 F X-29.77 Y21.65 Z12.84 U89.36 V-127.01 E0.034105
G1 F X-29.93 Y21.65 Z12.84 U89.36 V-127.28 E0.034105
G1 F X-30.09 Y21.65 Z12.84 U89.36 V-127.55 E0.034105
G1 F X-30.26 Y21.65 Z12.84 U89.37 V-127.83 E0.034105
G1 F X-30.42 Y21.65 Z12.84 U89.37 V-128.1 E0.034105
G1 F X-30.58 Y21.65 Z12.84 U89.37 V-128.37 E0.034105
G1 F X-30.74 Y21.65 Z12.84 U89.37 V-128.64 E0.034105
G1 F X-30.9 Y21.65 Z12.85 U89.37 V-128.91 E0.034105
G1 F X-31.06 Y21.65 Z12.85 U89.37 V-129.18 E0.034105
G1 F X-31.23 Y21.65 Z12.85 U89.37 V-129.45 E0.034105
G1 F X-31.39 Y21.65 Z12.85 U89.37 V-129.72 E0.034105
G1 F X-31.55 Y21.65 Z12.85 U89.37 V-129.98 E0.034105
G1 F X-31.71 Y21.65 Z12.85 U89.37 V-130.25 E0.034105
G1 F X-31.87 Y21.65 Z12.86 U89.37 V-130.52 E0.034105
G1 F X-32.04 Y21.65 Z12.86 U89.37 V-130.79 E0.034105
G1 F X-32.2 Y21.65 Z12.86 U89.37 V-131.05 E0.034105
G1 F X-32.36 Y21.65 Z12.86 U89.37 V-131.32 E0.034105
G1 F X-32.53 Y21.65 Z12.86 U89.37 V-131.58 E0.034105
G1 F X-32.69 Y21.65 Z12.86 U89.38 V-131.85 E0.034105
G1 F X-32.85 Y21.65 Z12.86 U89.38 V-132.11 E0.034105
G1 F X-33.02 Y21.65 Z12.86 U89.38 V-132.38 E0.034106
G1 F X-33.18 Y21.65 Z12.86 U89.38 V-132.64 E0.034105
G1 F X-33.35 Y21.65 Z12.86 U89.39 V-132.91 E0.034105
G1 F X-33.51 Y21.65 Z12.86 U89.39 V-133.17 E0.034105
G1 F X-33.68 Y21.65 Z12.86 U89.39 V-133.43 E0.034105
G1 F X-33.84 Y21.65 Z12.86 U89.4 V-133.69 E0.034105
G1 F X-34.01 Y21.65 Z12.86 U89.4 V-133.96 E0.034105
G1 F X-34.18 Y21.65 Z12.86 U89.41 V-134.22 E0.034105
G1 F X-34.34 Y21.65 Z12.86 U89.41 V-134.48 E0.034105
G1 F X-34.51 Y21.65 Z12.86 U89.41 V-134.74 E0.034105
G1 F X-34.67 Y21.65 Z12.86 U89.42 V-134.99 E0.034105
G1 F X-34.84 Y21.65 Z12.86 U89.42 V-135.25 E0.034105
G1 F X-35.01 Y21.65 Z12.86 U89.43 V-135.51 E0.034105
G1 F X-35.18 Y21.65 Z12.86 U89.43 V-135.76 E0.034105
G1 F X-35.34 Y21.65 Z12.86 U89.43 V-136.02 E0.034105
G1 F X-35.51 Y21.65 Z12.86 U89.44 V-136.27 E0.034105
G1 F X-35.68 Y21.65 Z12.86 U89.44 V-136.53 E0.034105
G1 F X-35.85 Y21.65 Z12.86 U89.45 V-136.78 E0.034105
G1 F X-36.02 Y21.65 Z12.86 U89.45 V-137.03 E0.034105
G1 F X-36.19 Y21.65 Z12.86 U89.46 V-137.28 E0.034105
G1 F X-36.36 Y21.65 Z12.86 U89.46 V-137.53 E0.034105
G1 F X-36.52 Y21.65 Z12.85 U89.46 V-137.78 E0.034105
G1 F X-36.69 Y21.65 Z12.85 U89.47 V-138.02 E0.034105
G1 F X-36.86 Y21.65 Z12.85 U89.47 V-138.27 E0.034105
G1 F X-37.03 Y21.65 Z12.85 U89.47 V-138.51 E0.034105
G1 F X-37.21 Y21.65 Z12.85 U89.48 V-138.75 E0.034105
G1 F X-37.38 Y21.65 Z12.85 U89.48 V-139 E0.034105
G1 F X-37.55 Y21.65 Z12.85 U89.48 V-139.24 E0.034106
G1 F X-37.72 Y21.65 Z12.85 U89.49 V-139.48 E0.034105
G1 F X-37.89 Y21.65 Z12.85 U89.49 V-139.71 E0.034105
G1 F X-38.06 Y21.65 Z12.85 U89.49 V-139.95 E0.034105
G1 F X-38.23 Y21.65 Z12.85 U89.5 V-140.18 E0.034105
G1 F X-38.41 Y21.65 Z12.85 U89.5 V-140.42 E0.034105
G1 F X-38.58 Y21.65 Z12.85 U89.5 V-140.65 E0.034105
G1 F X-38.75 Y21.65 Z12.85 U89.51 V-140.88 E0.034105
G1 F X-38.93 Y21.65 Z12.85 U89.51 V-141.11 E0.034105
G1 F X-39.1 Y21.65 Z12.84 U89.51 V-141.34 E0.034105
G1 F X-39.28 Y21.65 Z12.84 U89.52 V-141.57 E0.034105
G1 F X-39.45 Y21.65 Z12.84 U89.52 V-141.79 E0.034105
G1 F X-39.63 Y21.65 Z12.84 U89.53 V-142.02 E0.034105
G1 F X-39.8 Y21.65 Z12.84 U89.53 V-142.24 E0.034105
G1 F X-39.98 Y21.65 Z12.84 U89.54 V-142.46 E0.034105
G1 F X-40.16 Y21.65 Z12.83 U89.54 V-142.68 E0.034105
G1 F X-40.34 Y21.65 Z12.83 U89.55 V-142.9 E0.034105
G1 F X-40.51 Y21.65 Z12.83 U89.55 V-143.11 E0.034105
G1 F X-40.69 Y21.65 Z12.83 U89.56 V-143.33 E0.034105
G1 F X-40.87 Y21.64 Z12.83 U89.56 V-143.54 E0.034105
G1 F X-41.05 Y21.64 Z12.82 U89.57 V-143.75 E0.034105
G1 F X-41.23 Y21.64 Z12.82 U89.57 V-143.96 E0.034105
G1 F X-41.41 Y21.64 Z12.82 U89.58 V-144.17 E0.034105
G1 F X-41.59 Y21.64 Z12.82 U89.59 V-144.37 E0.034105
G1 F X-41.77 Y21.64 Z12.81 U89.59 V-144.57 E0.034105
G1 F X-41.95 Y21.64 Z12.81 U89.6 V-144.77 E0.034105
G1 F X-42.13 Y21.64 Z12.81 U89.6 V-144.97 E0.034105
G1 F X-42.32 Y21.64 Z12.8 U89.61 V-145.17 E0.034106
G1 F X-42.5 Y21.64 Z12.8 U89.61 V-145.36 E0.034105
G1 F X-42.68 Y21.64 Z12.8 U89.62 V-145.55 E0.034105
G1 F X-42.87 Y21.64 Z12.8 U89.63 V-145.74 E0.034105
G1 F X-43.05 Y21.64 Z12.79 U89.63 V-145.93 E0.034105
G1 F X-43.23 Y21.64 Z12.79 U89.64 V-146.11 E0.034105
G1 F X-43.42 Y21.64 Z12.79 U89.64 V-146.3 E0.034105
G1 F X-43.61 Y21.64 Z12.78 U89.65 V-146.48 E0.034105
G1 F X-43.79 Y21.64 Z12.78 U89.66 V-146.65 E0.034105
G1 F X-43.98 Y21.64 Z12.77 U89.66 V-146.83 E0.034105
G1 F X-44.17 Y21.64 Z12.77 U89.67 V-147 E0.034105
G1 F X-44.35 Y21.64 Z12.77 U89.68 V-147.17 E0.034105
G1 F X-44.54 Y21.64 Z12.76 U89.68 V-147.33 E0.034105
G1 F X-44.73 Y21.64 Z12.76 U89.69 V-147.5 E0.034105
G1 F X-44.92 Y21.64 Z12.75 U89.7 V-147.66 E0.034105
G1 F X-45.11 Y21.64 Z12.75 U89.7 V-147.81 E0.034105
G1 F X-45.3 Y21.64 Z12.75 U89.71 V-147.97 E0.034105
G1 F X-45.49 Y21.64 Z12.74 U89.71 V-148.12 E0.034105
G1 F X-45.68 Y21.64 Z12.74 U89.72 V-148.26 E0.034105
G1 F X-45.87 Y21.64 Z12.73 U89.73 V-148.41 E0.034105
G1 F X-46.06 Y21.64 Z12.73 U89.73 V-148.55 E0.034105
G1 F X-46.25 Y21.64 Z12.72 U89.74 V-148.69 E0.034105
G1 F X-46.45 Y21.64 Z12.72 U89.75 V-148.82 E0.034105
G1 F X-46.64 Y21.64 Z12.72 U89.75 V-148.95 E0.034105
G1 F X-46.83 Y21.64 Z12.71 U89.76 V-149.08 E0.034105
G1 F X-47.03 Y21.64 Z12.71 U89.77 V-149.2 E0.034105
G1 F X-47.22 Y21.64 Z12.7 U89.78 V-149.32 E0.034105
G1 F X-47.32 Y21.64 Z12.7 U89.78 V-149.38 E0.017107
G1 F X-47.34 Y21.59 Z12.74 U89.84 V-149.39 E0.016998
G1 F X-47.36 Y21.48 Z12.81 U89.97 V-149.42 E0.034105
G1 F X-47.39 Y21.37 Z12.89 U90.09 V-149.44 E0.034105
G1 F X-47.42 Y21.27 Z12.98 U90.21 V-149.47 E0.034105
G1 F X-47.42 Y21.44 Z13.08 U90.21 V-149.47 E0
G1 F X-47.7 Y21.21 Z13.27 U90.44 V-149.64 E0
G1 F X-47.7 Y21.03 Z13.17 U90.44 V-149.64 E0
G1 F X-47.51 Y21.03 Z13.16 U90.46 V-149.53 E0.034127
G1 F300 E-1.00 ;Filament Retraction!!
G1 F X-47.32 Y21.03 Z13.15 U90.48 V-149.43 E0.034127
G1 F X-47.13 Y21.03 Z13.14 U90.5 V-149.31 E0.034127
G1 F300 E1.1;Filament (De)-Retraction!!
G1 F X-46.94 Y21.03 Z13.12 U90.51 V-149.2 E0.034127
G1 F X-46.75 Y21.03 Z13.11 U90.53 V-149.08 E0.034127
G1 F X-46.56 Y21.02 Z13.1 U90.55 V-148.96 E0.034127
G1 F X-46.38 Y21.02 Z13.09 U90.57 V-148.84 E0.034127
G1 F X-46.19 Y21.02 Z13.08 U90.59 V-148.71 E0.034127
G1 F X-46 Y21.02 Z13.07 U90.61 V-148.58 E0.034127
G1 F X-45.81 Y21.02 Z13.06 U90.62 V-148.45 E0.034127
G1 F X-45.63 Y21.02 Z13.05 U90.64 V-148.31 E0.034127
G1 F X-45.44 Y21.01 Z13.04 U90.66 V-148.17 E0.034127
G1 F X-45.26 Y21.01 Z13.03 U90.68 V-148.03 E0.034127
G1 F X-45.07 Y21.01 Z13.02 U90.7 V-147.88 E0.034127
G1 F X-44.89 Y21.01 Z13.02 U90.72 V-147.73 E0.034127
G1 F X-44.71 Y21.01 Z13.01 U90.74 V-147.58 E0.034127
G1 F X-44.52 Y21 Z13 U90.75 V-147.43 E0.034127
G1 F X-44.34 Y21 Z12.99 U90.77 V-147.27 E0.034127
G1 F X-44.16 Y21 Z12.98 U90.79 V-147.11 E0.034127
G1 F X-43.98 Y21 Z12.97 U90.81 V-146.95 E0.034127
G1 F X-43.8 Y21 Z12.97 U90.83 V-146.79 E0.034127
G1 F X-43.62 Y20.99 Z12.96 U90.84 V-146.62 E0.034127
G1 F X-43.43 Y20.99 Z12.95 U90.86 V-146.45 E0.034128
G1 F X-43.25 Y20.99 Z12.94 U90.88 V-146.28 E0.034128
G1 F X-43.08 Y20.99 Z12.94 U90.9 V-146.11 E0.034128
G1 F X-42.9 Y20.99 Z12.93 U90.92 V-145.93 E0.034128
G1 F X-42.72 Y20.98 Z12.92 U90.93 V-145.75 E0.034128
G1 F X-42.54 Y20.98 Z12.92 U90.95 V-145.57 E0.034127
G1 F X-42.36 Y20.98 Z12.91 U90.97 V-145.39 E0.034128
G1 F X-42.19 Y20.98 Z12.9 U90.99 V-145.21 E0.034128
G1 F X-42.01 Y20.97 Z12.9 U91 V-145.02 E0.034128
G1 F X-41.83 Y20.97 Z12.89 U91.02 V-144.83 E0.034128
G1 F X-41.66 Y20.97 Z12.89 U91.04 V-144.64 E0.034128
G1 F X-41.48 Y20.97 Z12.88 U91.06 V-144.45 E0.034128
G1 F X-41.31 Y20.96 Z12.87 U91.08 V-144.25 E0.034128
G1 F X-41.13 Y20.96 Z12.87 U91.09 V-144.06 E0.034127
G1 F X-40.96 Y20.96 Z12.86 U91.11 V-143.86 E0.034128
G1 F X-40.78 Y20.96 Z12.86 U91.13 V-143.66 E0.034128
G1 F X-40.61 Y20.95 Z12.85 U91.15 V-143.46 E0.034128
G1 F X-40.44 Y20.95 Z12.85 U91.16 V-143.25 E0.034128
G1 F X-40.26 Y20.95 Z12.84 U91.18 V-143.05 E0.034128
G1 F X-40.09 Y20.95 Z12.84 U91.2 V-142.84 E0.034128
G1 F X-39.92 Y20.94 Z12.83 U91.22 V-142.64 E0.034128
G1 F X-39.75 Y20.94 Z12.83 U91.24 V-142.43 E0.034128
G1 F X-39.58 Y20.94 Z12.83 U91.25 V-142.22 E0.034128
G1 F X-39.41 Y20.93 Z12.82 U91.27 V-142 E0.034128
G1 F X-39.24 Y20.93 Z12.82 U91.29 V-141.79 E0.034128
G1 F X-39.07 Y20.93 Z12.81 U91.31 V-141.58 E0.034128
G1 F X-38.9 Y20.93 Z12.81 U91.33 V-141.36 E0.034127
G1 F X-38.73 Y20.92 Z12.81 U91.35 V-141.14 E0.034127
G1 F X-38.56 Y20.92 Z12.8 U91.36 V-140.92 E0.034127
G1 F X-38.39 Y20.92 Z12.8 U91.38 V-140.7 E0.034127
G1 F X-38.22 Y20.91 Z12.8 U91.4 V-140.48 E0.034128
G1 F X-38.06 Y20.91 Z12.79 U91.42 V-140.26 E0.034128
G1 F X-37.89 Y20.91 Z12.79 U91.44 V-140.03 E0.034128
G1 F X-37.72 Y20.9 Z12.78 U91.46 V-139.81 E0.034128
G1 F X-37.56 Y20.9 Z12.78 U91.48 V-139.58 E0.034128
G1 F X-37.39 Y20.9 Z12.78 U91.5 V-139.36 E0.034128
G1 F X-37.23 Y20.9 Z12.78 U91.52 V-139.13 E0.034128
G1 F X-37.06 Y20.89 Z12.77 U91.53 V-138.9 E0.034128
G1 F X-36.89 Y20.89 Z12.77 U91.55 V-138.67 E0.034128
G1 F X-36.73 Y20.89 Z12.77 U91.57 V-138.44 E0.034128
G1 F X-36.56 Y20.88 Z12.77 U91.59 V-138.2 E0.034128
G1 F X-36.4 Y20.88 Z12.76 U91.61 V-137.97 E0.034128
G1 F X-36.24 Y20.88 Z12.76 U91.62 V-137.73 E0.034128
G1 F X-36.07 Y20.87 Z12.76 U91.64 V-137.5 E0.034128
G1 F X-35.91 Y20.87 Z12.76 U91.66 V-137.26 E0.034128
G1 F X-35.74 Y20.87 Z12.76 U91.68 V-137.02 E0.034128
G1 F X-35.58 Y20.87 Z12.76 U91.69 V-136.78 E0.034128
G1 F X-35.42 Y20.86 Z12.76 U91.71 V-136.54 E0.034128
G1 F X-35.25 Y20.86 Z12.76 U91.72 V-136.3 E0.034128
G1 F X-35.09 Y20.86 Z12.76 U91.74 V-136.06 E0.034128
G1 F X-34.93 Y20.85 Z12.75 U91.76 V-135.81 E0.034128
G1 F X-34.77 Y20.85 Z12.75 U91.77 V-135.57 E0.034128
G1 F X-34.6 Y20.85 Z12.76 U91.79 V-135.32 E0.034128
G1 F X-34.44 Y20.85 Z12.76 U91.8 V-135.08 E0.034128
G1 F X-34.28 Y20.84 Z12.76 U91.82 V-134.83 E0.034128
G1 F X-34.12 Y20.84 Z12.76 U91.83 V-134.58 E0.034128
G1 F X-33.96 Y20.84 Z12.76 U91.85 V-134.33 E0.034128
G1 F X-33.8 Y20.83 Z12.76 U91.86 V-134.08 E0.034128
G1 F X-33.64 Y20.83 Z12.76 U91.88 V-133.83 E0.034128
G1 F X-33.48 Y20.83 Z12.76 U91.89 V-133.58 E0.034128
G1 F X-33.31 Y20.83 Z12.76 U91.91 V-133.33 E0.034128
G1 F X-33.15 Y20.82 Z12.76 U91.92 V-133.08 E0.034128
G1 F X-32.99 Y20.82 Z12.76 U91.94 V-132.83 E0.034128
G1 F X-32.83 Y20.82 Z12.77 U91.95 V-132.57 E0.034128
G1 F X-32.67 Y20.82 Z12.77 U91.96 V-132.32 E0.034128
G1 F X-32.51 Y20.81 Z12.77 U91.98 V-132.06 E0.034128
G1 F X-32.35 Y20.81 Z12.77 U91.99 V-131.81 E0.034128
G1 F X-32.19 Y20.81 Z12.77 U92.01 V-131.55 E0.034128
G1 F X-32.04 Y20.81 Z12.77 U92.02 V-131.3 E0.034128
G1 F X-31.88 Y20.8 Z12.78 U92.03 V-131.04 E0.034128
G1 F X-31.72 Y20.8 Z12.78 U92.05 V-130.78 E0.034128
G1 F X-31.56 Y20.8 Z12.78 U92.06 V-130.53 E0.034128
G1 F X-31.4 Y20.8 Z12.78 U92.08 V-130.27 E0.034128
G1 F X-31.24 Y20.79 Z12.78 U92.09 V-130.01 E0.034128
G1 F X-31.08 Y20.79 Z12.78 U92.11 V-129.75 E0.034128
G1 F X-30.92 Y20.79 Z12.79 U92.12 V-129.49 E0.034128
G1 F X-30.77 Y20.78 Z12.79 U92.14 V-129.23 E0.034128
G1 F X-30.61 Y20.78 Z12.79 U92.15 V-128.97 E0.034128
G1 F X-30.45 Y20.78 Z12.79 U92.16 V-128.71 E0.034128
G1 F X-30.29 Y20.78 Z12.8 U92.17 V-128.44 E0.034128
G1 F X-30.13 Y20.78 Z12.8 U92.19 V-128.18 E0.034128
G1 F X-29.97 Y20.77 Z12.8 U92.2 V-127.92 E0.034128
G1 F X-29.82 Y20.77 Z12.81 U92.21 V-127.65 E0.034128
G1 F X-29.66 Y20.77 Z12.81 U92.22 V-127.39 E0.034128
G1 F X-29.5 Y20.77 Z12.82 U92.23 V-127.12 E0.034128
G1 F X-29.34 Y20.77 Z12.82 U92.23 V-126.85 E0.034128
G1 F X-29.18 Y20.77 Z12.83 U92.24 V-126.59 E0.034128
G1 F X-29.02 Y20.76 Z12.83 U92.25 V-126.32 E0.034128
G1 F X-28.86 Y20.76 Z12.83 U92.26 V-126.05 E0.034128
G1 F X-28.74 Y20.76 Z12.84 U92.26 V-125.84 E0.026979
G1 F X-28.71 Y20.8 Z12.84 U92.13 V-125.76 E0.007148
G1 F X-28.56 Y20.99 Z12.84 U91.53 V-125.4 E0.034127
G1 F X-28.42 Y21.18 Z12.84 U90.91 V-125.03 E0.034127
G1 F X-28.28 Y21.37 Z12.83 U90.3 V-124.67 E0.034127
G1 F X-28.14 Y21.55 Z12.83 U89.67 V-124.29 E0.034127
G1 F X-28 Y21.74 Z12.82 U89.05 V-123.92 E0.034127
G1 F X-27.87 Y21.92 Z12.81 U88.42 V-123.54 E0.034127
G1 F X-27.74 Y22.1 Z12.8 U87.79 V-123.17 E0.034127
G1 F X-27.72 Y22.13 Z12.8 U87.69 V-123.11 E0.005573
G1 F X-27.85 Y22.13 Z12.8 U87.7 V-123.34 E0.028555
G1 F X-28.01 Y22.13 Z12.81 U87.7 V-123.62 E0.034128
G1 F X-28.17 Y22.13 Z12.81 U87.71 V-123.9 E0.034128
G1 F X-28.34 Y22.13 Z12.82 U87.71 V-124.18 E0.034128
G1 F X-28.5 Y22.13 Z12.82 U87.72 V-124.46 E0.034128
G1 F X-28.66 Y22.12 Z12.83 U87.73 V-124.74 E0.034128
G1 F X-28.82 Y22.12 Z12.83 U87.74 V-125.02 E0.034128
G1 F X-28.99 Y22.12 Z12.84 U87.75 V-125.3 E0.034128
G1 F X-29.15 Y22.12 Z12.84 U87.75 V-125.58 E0.034128
G1 F X-29.31 Y22.12 Z12.85 U87.76 V-125.86 E0.034128
G1 F X-29.47 Y22.12 Z12.85 U87.77 V-126.13 E0.034128
G1 F X-29.64 Y22.12 Z12.86 U87.78 V-126.41 E0.034128
G1 F X-29.8 Y22.11 Z12.86 U87.79 V-126.69 E0.034128
G1 F X-29.96 Y22.11 Z12.86 U87.8 V-126.97 E0.034128
G1 F X-30.13 Y22.11 Z12.87 U87.81 V-127.25 E0.034128
G1 F X-30.29 Y22.11 Z12.87 U87.82 V-127.53 E0.034128
G1 F X-30.46 Y22.11 Z12.88 U87.83 V-127.81 E0.034128
G1 F X-30.62 Y22.11 Z12.88 U87.84 V-128.09 E0.034128
G1 F X-30.78 Y22.1 Z12.88 U87.85 V-128.37 E0.034128
G1 F X-30.95 Y22.1 Z12.89 U87.86 V-128.64 E0.034128
G1 F X-31.11 Y22.1 Z12.89 U87.88 V-128.92 E0.034128
G1 F X-31.28 Y22.1 Z12.89 U87.89 V-129.2 E0.034128
G1 F X-31.44 Y22.1 Z12.9 U87.9 V-129.47 E0.034128
G1 F X-31.61 Y22.09 Z12.9 U87.91 V-129.75 E0.034128
G1 F X-31.77 Y22.09 Z12.91 U87.92 V-130.02 E0.034128
G1 F X-31.94 Y22.09 Z12.91 U87.93 V-130.3 E0.034128
G1 F X-32.1 Y22.09 Z12.91 U87.94 V-130.57 E0.034128
G1 F X-32.27 Y22.09 Z12.91 U87.95 V-130.85 E0.034128
G1 F X-32.44 Y22.08 Z12.92 U87.97 V-131.12 E0.034128
G1 F X-32.6 Y22.08 Z12.92 U87.98 V-131.4 E0.034128
G1 F X-32.77 Y22.08 Z12.92 U87.99 V-131.67 E0.034128
G1 F X-32.94 Y22.08 Z12.92 U88.01 V-131.95 E0.034128
G1 F X-33.1 Y22.07 Z12.92 U88.02 V-132.22 E0.034128
G1 F X-33.27 Y22.07 Z12.92 U88.04 V-132.49 E0.034128
G1 F X-33.44 Y22.07 Z12.93 U88.06 V-132.77 E0.034128
G1 F X-33.61 Y22.07 Z12.93 U88.07 V-133.04 E0.034128
G1 F X-33.78 Y22.06 Z12.93 U88.09 V-133.31 E0.034128
G1 F X-33.95 Y22.06 Z12.93 U88.11 V-133.58 E0.034128
G1 F X-34.12 Y22.06 Z12.93 U88.12 V-133.85 E0.034128
G1 F X-34.29 Y22.06 Z12.93 U88.14 V-134.12 E0.034128
G1 F X-34.46 Y22.05 Z12.93 U88.16 V-134.39 E0.034128
G1 F X-34.63 Y22.05 Z12.93 U88.18 V-134.66 E0.034128
G1 F X-34.8 Y22.05 Z12.93 U88.2 V-134.93 E0.034128
G1 F X-34.97 Y22.04 Z12.92 U88.21 V-135.19 E0.034128
G1 F X-35.14 Y22.04 Z12.92 U88.23 V-135.46 E0.034128
G1 F X-35.31 Y22.04 Z12.92 U88.25 V-135.73 E0.034128
G1 F X-35.48 Y22.04 Z12.92 U88.27 V-135.99 E0.034128
G1 F X-35.65 Y22.03 Z12.92 U88.29 V-136.25 E0.034128
G1 F X-35.83 Y22.03 Z12.92 U88.31 V-136.52 E0.034127
G1 F X-36 Y22.03 Z12.92 U88.33 V-136.78 E0.034128
G1 F X-36.17 Y22.02 Z12.91 U88.35 V-137.04 E0.034128
G1 F X-36.35 Y22.02 Z12.91 U88.37 V-137.3 E0.034128
G1 F X-36.52 Y22.02 Z12.91 U88.39 V-137.56 E0.034128
G1 F X-36.69 Y22.01 Z12.91 U88.41 V-137.81 E0.034128
G1 F X-36.87 Y22.01 Z12.91 U88.43 V-138.07 E0.034128
G1 F X-37.04 Y22.01 Z12.9 U88.44 V-138.32 E0.034128
G1 F X-37.22 Y22.01 Z12.9 U88.46 V-138.58 E0.034128
G1 F X-37.39 Y22 Z12.9 U88.48 V-138.83 E0.034128
G1 F X-37.57 Y22 Z12.9 U88.5 V-139.08 E0.034128
G1 F X-37.74 Y22 Z12.89 U88.52 V-139.33 E0.034128
G1 F X-37.92 Y21.99 Z12.89 U88.53 V-139.57 E0.034128
G1 F X-38.09 Y21.99 Z12.89 U88.55 V-139.82 E0.034128
G1 F X-38.27 Y21.99 Z12.89 U88.57 V-140.07 E0.034128
G1 F X-38.45 Y21.99 Z12.88 U88.59 V-140.31 E0.034128
G1 F X-38.63 Y21.98 Z12.88 U88.61 V-140.55 E0.034128
G1 F X-38.8 Y21.98 Z12.88 U88.63 V-140.79 E0.034128
G1 F X-38.98 Y21.98 Z12.87 U88.65 V-141.03 E0.034128
G1 F X-39.16 Y21.98 Z12.87 U88.66 V-141.27 E0.034128
G1 F X-39.34 Y21.97 Z12.86 U88.68 V-141.5 E0.034128
G1 F X-39.52 Y21.97 Z12.86 U88.7 V-141.74 E0.034128
G1 F X-39.7 Y21.97 Z12.85 U88.72 V-141.97 E0.034128
G1 F X-39.88 Y21.96 Z12.85 U88.74 V-142.2 E0.034128
G1 F X-40.06 Y21.96 Z12.84 U88.76 V-142.43 E0.034128
G1 F X-40.24 Y21.96 Z12.84 U88.78 V-142.66 E0.034128
G1 F X-40.42 Y21.96 Z12.83 U88.8 V-142.88 E0.034128
G1 F X-40.61 Y21.95 Z12.83 U88.82 V-143.11 E0.034128
G1 F X-40.79 Y21.95 Z12.82 U88.84 V-143.33 E0.034128
G1 F X-40.97 Y21.95 Z12.82 U88.86 V-143.55 E0.034128
G1 F X-41.15 Y21.95 Z12.81 U88.88 V-143.77 E0.034128
G1 F X-41.34 Y21.94 Z12.8 U88.9 V-143.98 E0.034127
G1 F X-41.52 Y21.94 Z12.8 U88.92 V-144.19 E0.034127
G1 F X-41.71 Y21.94 Z12.79 U88.94 V-144.41 E0.034127
G1 F X-41.89 Y21.94 Z12.79 U88.96 V-144.61 E0.034127
G1 F X-42.08 Y21.93 Z12.78 U88.98 V-144.82 E0.034128
G1 F X-42.26 Y21.93 Z12.77 U89 V-145.02 E0.034128
G1 F X-42.45 Y21.93 Z12.76 U89.02 V-145.23 E0.034128
G1 F X-42.64 Y21.93 Z12.76 U89.04 V-145.43 E0.034127
G1 F X-42.82 Y21.92 Z12.75 U89.06 V-145.62 E0.034127
G1 F X-43.01 Y21.92 Z12.74 U89.08 V-145.82 E0.034127
G1 F X-43.2 Y21.92 Z12.73 U89.1 V-146.01 E0.034127
G1 F X-43.39 Y21.92 Z12.73 U89.12 V-146.2 E0.034127
G1 F X-43.58 Y21.91 Z12.72 U89.14 V-146.38 E0.034127
G1 F X-43.77 Y21.91 Z12.71 U89.16 V-146.57 E0.034128
G1 F X-43.96 Y21.91 Z12.7 U89.18 V-146.75 E0.034127
G1 F X-44.15 Y21.91 Z12.69 U89.2 V-146.93 E0.034127
G1 F X-44.34 Y21.91 Z12.68 U89.22 V-147.1 E0.034127
G1 F X-44.53 Y21.9 Z12.67 U89.24 V-147.27 E0.034127
G1 F X-44.72 Y21.9 Z12.67 U89.25 V-147.44 E0.034127
G1 F X-44.92 Y21.9 Z12.66 U89.27 V-147.61 E0.034127
G1 F X-45.11 Y21.9 Z12.65 U89.29 V-147.77 E0.034127
G1 F X-45.3 Y21.9 Z12.64 U89.31 V-147.93 E0.034127
G1 F X-45.5 Y21.89 Z12.63 U89.33 V-148.08 E0.034127
G1 F X-45.69 Y21.89 Z12.62 U89.35 V-148.23 E0.034127
G1 F X-45.89 Y21.89 Z12.61 U89.37 V-148.38 E0.034127
G1 F X-46.08 Y21.89 Z12.6 U89.39 V-148.53 E0.034127
G1 F X-46.28 Y21.89 Z12.59 U89.41 V-148.67 E0.034127
G1 F X-46.47 Y21.89 Z12.58 U89.42 V-148.81 E0.034127
G1 F X-46.67 Y21.88 Z12.57 U89.44 V-148.94 E0.034127
G1 F X-46.87 Y21.88 Z12.56 U89.46 V-149.07 E0.034127
G1 F X-47.06 Y21.88 Z12.55 U89.48 V-149.2 E0.034127
G1 F X-47.26 Y21.88 Z12.53 U89.5 V-149.32 E0.034127
G1 F X-47.46 Y21.88 Z12.52 U89.52 V-149.44 E0.034127
G1 F X-47.66 Y21.88 Z12.51 U89.54 V-149.55 E0.034127
G1 F X-47.69 Y21.88 Z12.51 U89.54 V-149.57 E0.005684
G1 F X-47.71 Y21.79 Z12.58 U89.64 V-149.59 E0.028444
G1 F X-47.74 Y21.68 Z12.66 U89.76 V-149.61 E0.034128
G1 F X-47.76 Y21.57 Z12.74 U89.87 V-149.63 E0.034128
G1 F X-47.79 Y21.46 Z12.83 U89.99 V-149.66 E0.034128
G1 F X-47.81 Y21.36 Z12.91 U90.1 V-149.68 E0.034128
G1 F X-47.84 Y21.25 Z13 U90.21 V-149.7 E0.034128
G1 F X-47.86 Y21.14 Z13.09 U90.32 V-149.72 E0.034128
G1 F X-47.89 Y21.03 Z13.18 U90.42 V-149.74 E0.034128
G1 F X-47.89 Y21.21 Z13.28 U90.42 V-149.74 E0
G1 F X-47.23 Y23.15 Z14.1 U90.22 V-149.36 E0
G1 F X-47.23 Y22.98 Z14 U90.22 V-149.36 E0
G1 F X-47.04 Y22.98 Z13.99 U90.22 V-149.24 E0.034129
G1 F300 E-1.00 ;Filament Retraction!!
G1 F X-46.85 Y22.98 Z13.99 U90.23 V-149.13 E0.034129
G1 F X-46.66 Y22.98 Z13.98 U90.24 V-149 E0.034129
G1 F300 E1.1;Filament (De)-Retraction!!
G1 F X-46.47 Y22.98 Z13.98 U90.25 V-148.88 E0.034129
G1 F X-46.28 Y22.98 Z13.97 U90.25 V-148.75 E0.034129
G1 F X-46.09 Y22.98 Z13.96 U90.26 V-148.62 E0.034129
G1 F X-45.9 Y22.98 Z13.96 U90.27 V-148.49 E0.034129
G1 F X-45.72 Y22.98 Z13.95 U90.28 V-148.35 E0.034129
G1 F X-45.53 Y22.98 Z13.95 U90.28 V-148.21 E0.034129
G1 F X-45.34 Y22.98 Z13.95 U90.29 V-148.06 E0.034129
G1 F X-45.16 Y22.98 Z13.94 U90.3 V-147.92 E0.034129
G1 F X-44.97 Y22.98 Z13.94 U90.31 V-147.77 E0.034129
G1 F X-44.79 Y22.98 Z13.93 U90.31 V-147.61 E0.034129
G1 F X-44.6 Y22.98 Z13.93 U90.32 V-147.46 E0.034129
G1 F X-44.42 Y22.98 Z13.92 U90.33 V-147.3 E0.034129
G1 F X-44.23 Y22.98 Z13.92 U90.33 V-147.14 E0.034129
G1 F X-44.05 Y22.98 Z13.92 U90.34 V-146.97 E0.034129
G1 F X-43.87 Y22.98 Z13.91 U90.35 V-146.81 E0.034129
G1 F X-43.68 Y22.98 Z13.91 U90.35 V-146.64 E0.034129
G1 F X-43.5 Y22.98 Z13.91 U90.36 V-146.47 E0.034129
G1 F X-43.32 Y22.98 Z13.9 U90.36 V-146.29 E0.034129
G1 F X-43.14 Y22.98 Z13.9 U90.37 V-146.12 E0.034129
G1 F X-42.96 Y22.98 Z13.9 U90.37 V-145.94 E0.034129
G1 F X-42.78 Y22.98 Z13.89 U90.38 V-145.76 E0.034129
G1 F X-42.6 Y22.98 Z13.89 U90.39 V-145.58 E0.034129
G1 F X-42.42 Y22.98 Z13.89 U90.39 V-145.39 E0.034129
G1 F X-42.24 Y22.98 Z13.89 U90.4 V-145.2 E0.034129
G1 F X-42.07 Y22.98 Z13.88 U90.4 V-145.01 E0.034129
G1 F X-41.89 Y22.98 Z13.88 U90.41 V-144.82 E0.034129
G1 F X-41.71 Y22.98 Z13.88 U90.41 V-144.63 E0.034129
G1 F X-41.53 Y22.98 Z13.88 U90.42 V-144.43 E0.034129
G1 F X-41.36 Y22.98 Z13.87 U90.42 V-144.24 E0.034129
G1 F X-41.18 Y22.98 Z13.87 U90.43 V-144.04 E0.034129
G1 F X-41.01 Y22.98 Z13.87 U90.43 V-143.84 E0.034129
G1 F X-40.83 Y22.98 Z13.87 U90.43 V-143.63 E0.034129
G1 F X-40.66 Y22.98 Z13.87 U90.44 V-143.43 E0.034129
G1 F X-40.48 Y22.98 Z13.86 U90.44 V-143.22 E0.034129
G1 F X-40.31 Y22.98 Z13.86 U90.45 V-143.01 E0.034129
G1 F X-40.14 Y22.98 Z13.86 U90.45 V-142.8 E0.034129
G1 F X-39.97 Y22.98 Z13.86 U90.46 V-142.59 E0.034129
G1 F X-39.79 Y22.98 Z13.86 U90.46 V-142.38 E0.034129
G1 F X-39.62 Y22.98 Z13.86 U90.47 V-142.17 E0.034129
G1 F X-39.45 Y22.98 Z13.85 U90.47 V-141.95 E0.034129
G1 F X-39.28 Y22.98 Z13.85 U90.48 V-141.73 E0.034129
G1 F X-39.11 Y22.98 Z13.85 U90.48 V-141.52 E0.034129
G1 F X-38.94 Y22.98 Z13.85 U90.49 V-141.3 E0.034129
G1 F X-38.77 Y22.98 Z13.85 U90.49 V-141.08 E0.034129
G1 F X-38.6 Y22.98 Z13.85 U90.5 V-140.85 E0.034129
G1 F X-38.43 Y22.98 Z13.85 U90.5 V-140.63 E0.034129
G1 F X-38.26 Y22.98 Z13.84 U90.51 V-140.41 E0.034129
G1 F X-38.1 Y22.98 Z13.84 U90.51 V-140.18 E0.034129
G1 F X-37.93 Y22.98 Z13.84 U90.52 V-139.95 E0.034129
G1 F X-37.76 Y22.98 Z13.84 U90.52 V-139.73 E0.034129
G1 F X-37.59 Y22.98 Z13.84 U90.53 V-139.5 E0.034129
G1 F X-37.43 Y22.97 Z13.84 U90.54 V-139.27 E0.034129
G1 F X-37.26 Y22.97 Z13.84 U90.54 V-139.03 E0.034129
G1 F X-37.1 Y22.97 Z13.83 U90.55 V-138.8 E0.034129
G1 F X-36.93 Y22.97 Z13.83 U90.55 V-138.57 E0.034129
G1 F X-36.77 Y22.97 Z13.83 U90.56 V-138.33 E0.034129
G1 F X-36.6 Y22.97 Z13.83 U90.56 V-138.1 E0.034129
G1 F X-36.44 Y22.97 Z13.83 U90.56 V-137.86 E0.034129
G1 F X-36.27 Y22.97 Z13.83 U90.57 V-137.62 E0.034129
G1 F X-36.11 Y22.97 Z13.83 U90.57 V-137.38 E0.034129
G1 F X-35.94 Y22.97 Z13.83 U90.58 V-137.14 E0.034129
G1 F X-35.78 Y22.97 Z13.83 U90.58 V-136.9 E0.034129
G1 F X-35.62 Y22.97 Z13.83 U90.58 V-136.66 E0.034129
G1 F X-35.45 Y22.97 Z13.83 U90.58 V-136.41 E0.034129
G1 F X-35.29 Y22.97 Z13.83 U90.59 V-136.17 E0.034129
G1 F X-35.13 Y22.97 Z13.83 U90.59 V-135.92 E0.034129
G1 F X-34.96 Y22.97 Z13.83 U90.59 V-135.68 E0.034129
G1 F X-34.8 Y22.97 Z13.83 U90.6 V-135.43 E0.034129
G1 F X-34.64 Y22.97 Z13.83 U90.6 V-135.18 E0.034129
G1 F X-34.48 Y22.97 Z13.83 U90.6 V-134.93 E0.034129
G1 F X-34.32 Y22.97 Z13.83 U90.6 V-134.68 E0.034129
G1 F X-34.16 Y22.97 Z13.83 U90.6 V-134.43 E0.034129
G1 F X-33.99 Y22.97 Z13.83 U90.61 V-134.18 E0.034129
G1 F X-33.83 Y22.97 Z13.83 U90.61 V-133.93 E0.034129
G1 F X-33.67 Y22.97 Z13.83 U90.61 V-133.68 E0.034129
G1 F X-33.51 Y22.97 Z13.84 U90.61 V-133.43 E0.034129
G1 F X-33.35 Y22.97 Z13.84 U90.62 V-133.17 E0.034129
G1 F X-33.19 Y22.97 Z13.84 U90.62 V-132.92 E0.034129
G1 F X-33.03 Y22.97 Z13.84 U90.62 V-132.67 E0.034129
G1 F X-32.87 Y22.97 Z13.84 U90.62 V-132.41 E0.034129
G1 F X-32.71 Y22.97 Z13.84 U90.63 V-132.16 E0.034129
G1 F X-32.56 Y22.97 Z13.84 U90.63 V-131.9 E0.034129
G1 F X-32.4 Y22.97 Z13.84 U90.63 V-131.65 E0.034129
G1 F X-32.24 Y22.97 Z13.84 U90.63 V-131.39 E0.034129
G1 F X-32.08 Y22.97 Z13.84 U90.64 V-131.13 E0.034129
G1 F X-31.92 Y22.97 Z13.84 U90.64 V-130.88 E0.034129
G1 F X-31.76 Y22.97 Z13.84 U90.65 V-130.62 E0.034129
G1 F X-31.61 Y22.97 Z13.84 U90.65 V-130.36 E0.034129
G1 F X-31.45 Y22.97 Z13.84 U90.66 V-130.1 E0.034129
G1 F X-31.29 Y22.97 Z13.84 U90.66 V-129.85 E0.034129
G1 F X-31.14 Y22.97 Z13.84 U90.67 V-129.59 E0.034129
G1 F X-30.98 Y22.96 Z13.84 U90.67 V-129.33 E0.034129
G1 F X-30.82 Y22.96 Z13.84 U90.68 V-129.07 E0.034129
G1 F X-30.67 Y22.96 Z13.84 U90.68 V-128.81 E0.034129
G1 F X-30.51 Y22.96 Z13.84 U90.68 V-128.55 E0.034129
G1 F X-30.35 Y22.96 Z13.84 U90.69 V-128.29 E0.034129
G1 F X-30.2 Y22.96 Z13.84 U90.69 V-128.03 E0.034129
G1 F X-30.04 Y22.96 Z13.85 U90.69 V-127.76 E0.034129
G1 F X-29.88 Y22.96 Z13.85 U90.69 V-127.5 E0.034129
G1 F X-29.73 Y22.96 Z13.85 U90.7 V-127.24 E0.034129
G1 F X-29.57 Y22.96 Z13.85 U90.7 V-126.97 E0.034129
G1 F X-29.42 Y22.96 Z13.85 U90.7 V-126.71 E0.034129
G1 F X-29.26 Y22.96 Z13.85 U90.7 V-126.44 E0.034129
G1 F X-29.1 Y22.96 Z13.85 U90.7 V-126.18 E0.034129
G1 F X-28.95 Y22.96 Z13.86 U90.7 V-125.91 E0.034129
G1 F X-28.8 Y22.96 Z13.86 U90.7 V-125.66 E0.031796
G1 F X-28.79 Y22.98 Z13.86 U90.65 V-125.63 E0.002333
G1 F X-28.61 Y23.19 Z13.86 U89.93 V-125.16 E0.034129
G1 F X-28.46 Y23.38 Z13.86 U89.31 V-124.75 E0.029051
G1 F X-28.49 Y23.38 Z13.86 U89.31 V-124.79 E0.005078
G1 F X-28.64 Y23.38 Z13.86 U89.31 V-125.06 E0.034129
G1 F X-28.8 Y23.38 Z13.86 U89.31 V-125.33 E0.034129
G1 F X-28.96 Y23.38 Z13.86 U89.32 V-125.6 E0.034129
G1 F X-29.11 Y23.38 Z13.86 U89.32 V-125.86 E0.034129
G1 F X-29.27 Y23.38 Z13.86 U89.32 V-126.13 E0.034129
G1 F X-29.43 Y23.38 Z13.86 U89.32 V-126.4 E0.034129
G1 F X-29.58 Y23.38 Z13.86 U89.33 V-126.67 E0.034129
G1 F X-29.74 Y23.38 Z13.86 U89.33 V-126.93 E0.034129
G1 F X-29.9 Y23.38 Z13.87 U89.33 V-127.2 E0.034129
G1 F X-30.06 Y23.38 Z13.87 U89.33 V-127.46 E0.034129
G1 F X-30.21 Y23.38 Z13.87 U89.34 V-127.73 E0.034129
G1 F X-30.37 Y23.38 Z13.87 U89.34 V-127.99 E0.034129
G1 F X-30.53 Y23.38 Z13.87 U89.34 V-128.26 E0.034129
G1 F X-30.69 Y23.38 Z13.87 U89.34 V-128.52 E0.034129
G1 F X-30.84 Y23.38 Z13.87 U89.34 V-128.79 E0.034129
G1 F X-31 Y23.38 Z13.87 U89.34 V-129.05 E0.034129
G1 F X-31.16 Y23.38 Z13.88 U89.34 V-129.31 E0.034129
G1 F X-31.32 Y23.38 Z13.88 U89.34 V-129.57 E0.034129
G1 F X-31.47 Y23.38 Z13.88 U89.34 V-129.83 E0.034129
G1 F X-31.63 Y23.38 Z13.88 U89.34 V-130.09 E0.034129
G1 F X-31.79 Y23.38 Z13.88 U89.34 V-130.35 E0.034129
G1 F X-31.95 Y23.38 Z13.88 U89.34 V-130.61 E0.034129
G1 F X-32.11 Y23.38 Z13.88 U89.34 V-130.87 E0.034129
G1 F X-32.26 Y23.38 Z13.89 U89.34 V-131.13 E0.034129
G1 F X-32.42 Y23.38 Z13.89 U89.35 V-131.39 E0.034129
G1 F X-32.58 Y23.38 Z13.89 U89.35 V-131.65 E0.034129
G1 F X-32.74 Y23.38 Z13.89 U89.35 V-131.91 E0.034129
G1 F X-32.9 Y23.38 Z13.89 U89.35 V-132.17 E0.034129
G1 F X-33.06 Y23.38 Z13.89 U89.36 V-132.43 E0.034129
G1 F X-33.22 Y23.37 Z13.89 U89.36 V-132.69 E0.034129
G1 F X-33.38 Y23.37 Z13.89 U89.37 V-132.94 E0.034129
G1 F X-33.55 Y23.37 Z13.89 U89.37 V-133.2 E0.034129
G1 F X-33.71 Y23.37 Z13.89 U89.37 V-133.46 E0.034129
G1 F X-33.87 Y23.37 Z13.89 U89.38 V-133.71 E0.034129
G1 F X-34.03 Y23.37 Z13.89 U89.38 V-133.97 E0.034129
G1 F X-34.19 Y23.37 Z13.89 U89.39 V-134.22 E0.034129
G1 F X-34.35 Y23.37 Z13.89 U89.39 V-134.48 E0.034129
G1 F X-34.52 Y23.37 Z13.89 U89.4 V-134.73 E0.034129
G1 F X-34.68 Y23.37 Z13.89 U89.4 V-134.98 E0.034129
G1 F X-34.84 Y23.37 Z13.89 U89.4 V-135.23 E0.034129
G1 F X-35.01 Y23.37 Z13.89 U89.41 V-135.49 E0.034129
G1 F X-35.17 Y23.37 Z13.89 U89.41 V-135.74 E0.034129
G1 F X-35.33 Y23.37 Z13.89 U89.42 V-135.99 E0.034129
G1 F X-35.5 Y23.37 Z13.89 U89.42 V-136.23 E0.034129
G1 F X-35.66 Y23.37 Z13.88 U89.43 V-136.48 E0.034129
G1 F X-35.83 Y23.37 Z13.88 U89.43 V-136.73 E0.034129
G1 F X-35.99 Y23.37 Z13.88 U89.44 V-136.98 E0.034129
G1 F X-36.16 Y23.37 Z13.88 U89.44 V-137.22 E0.034129
G1 F X-36.32 Y23.37 Z13.88 U89.45 V-137.46 E0.034129
G1 F X-36.49 Y23.37 Z13.88 U89.45 V-137.71 E0.034129
G1 F X-36.65 Y23.37 Z13.88 U89.46 V-137.95 E0.034129
G1 F X-36.82 Y23.37 Z13.88 U89.46 V-138.19 E0.034129
G1 F X-36.99 Y23.37 Z13.88 U89.46 V-138.43 E0.034129
G1 F X-37.15 Y23.37 Z13.88 U89.47 V-138.67 E0.034129
G1 F X-37.32 Y23.37 Z13.88 U89.47 V-138.9 E0.034129
G1 F X-37.49 Y23.37 Z13.88 U89.47 V-139.14 E0.034129
G1 F X-37.66 Y23.37 Z13.88 U89.48 V-139.37 E0.034129
G1 F X-37.82 Y23.37 Z13.88 U89.48 V-139.61 E0.034129
G1 F X-37.99 Y23.37 Z13.88 U89.48 V-139.84 E0.034129
G1 F X-38.16 Y23.37 Z13.88 U89.49 V-140.07 E0.034129
G1 F X-38.33 Y23.36 Z13.88 U89.49 V-140.3 E0.034129
G1 F X-38.5 Y23.36 Z13.87 U89.49 V-140.53 E0.034129
G1 F X-38.67 Y23.36 Z13.87 U89.5 V-140.76 E0.034129
G1 F X-38.84 Y23.36 Z13.87 U89.5 V-140.98 E0.034129
G1 F X-39.01 Y23.36 Z13.87 U89.5 V-141.21 E0.034129
G1 F X-39.18 Y23.36 Z13.87 U89.51 V-141.43 E0.034129
G1 F X-39.36 Y23.36 Z13.87 U89.51 V-141.66 E0.034129
G1 F X-39.53 Y23.36 Z13.87 U89.52 V-141.88 E0.034129
G1 F X-39.7 Y23.36 Z13.87 U89.52 V-142.1 E0.034129
G1 F X-39.87 Y23.36 Z13.86 U89.53 V-142.32 E0.034129
G1 F X-40.05 Y23.36 Z13.86 U89.53 V-142.53 E0.034129
G1 F X-40.22 Y23.36 Z13.86 U89.54 V-142.75 E0.034129
G1 F X-40.4 Y23.36 Z13.86 U89.54 V-142.96 E0.034129
G1 F X-40.57 Y23.36 Z13.86 U89.55 V-143.17 E0.034129
G1 F X-40.75 Y23.36 Z13.85 U89.55 V-143.38 E0.034129
G1 F X-40.92 Y23.36 Z13.85 U89.56 V-143.59 E0.034129
G1 F X-41.1 Y23.36 Z13.85 U89.57 V-143.8 E0.034129
G1 F X-41.28 Y23.36 Z13.85 U89.57 V-144 E0.034129
G1 F X-41.45 Y23.36 Z13.84 U89.58 V-144.21 E0.034129
G1 F X-41.63 Y23.36 Z13.84 U89.58 V-144.41 E0.034129
G1 F X-41.81 Y23.36 Z13.84 U89.59 V-144.61 E0.034129
G1 F X-41.99 Y23.36 Z13.84 U89.6 V-144.81 E0.034129
G1 F X-42.17 Y23.36 Z13.83 U89.6 V-145 E0.034129
G1 F X-42.35 Y23.36 Z13.83 U89.61 V-145.2 E0.034129
G1 F X-42.53 Y23.36 Z13.83 U89.61 V-145.39 E0.034129
G1 F X-42.71 Y23.36 Z13.82 U89.62 V-145.58 E0.034129
G1 F X-42.89 Y23.36 Z13.82 U89.63 V-145.76 E0.034129
G1 F X-43.07 Y23.36 Z13.82 U89.63 V-145.95 E0.034129
G1 F X-43.26 Y23.36 Z13.81 U89.64 V-146.13 E0.034129
G1 F X-43.44 Y23.36 Z13.81 U89.64 V-146.31 E0.034129
G1 F X-43.62 Y23.36 Z13.81 U89.65 V-146.49 E0.034129
G1 F X-43.81 Y23.36 Z13.8 U89.66 V-146.66 E0.034129
G1 F X-43.99 Y23.36 Z13.8 U89.66 V-146.83 E0.034129
G1 F X-44.18 Y23.36 Z13.8 U89.67 V-147 E0.034129
G1 F X-44.36 Y23.36 Z13.79 U89.68 V-147.17 E0.034129
G1 F X-44.55 Y23.36 Z13.79 U89.68 V-147.33 E0.034129
G1 F X-44.74 Y23.36 Z13.78 U89.69 V-147.5 E0.034129
G1 F X-44.92 Y23.36 Z13.78 U89.69 V-147.65 E0.034129
G1 F X-45.11 Y23.36 Z13.78 U89.7 V-147.81 E0.034129
G1 F X-45.3 Y23.36 Z13.77 U89.71 V-147.96 E0.034129
G1 F X-45.49 Y23.36 Z13.77 U89.71 V-148.11 E0.034129
G1 F X-45.68 Y23.36 Z13.76 U89.72 V-148.26 E0.034129
G1 F X-45.87 Y23.36 Z13.76 U89.73 V-148.4 E0.034129
G1 F X-46.06 Y23.36 Z13.76 U89.73 V-148.54 E0.034129
G1 F X-46.25 Y23.36 Z13.75 U89.74 V-148.68 E0.034129
G1 F X-46.44 Y23.36 Z13.75 U89.75 V-148.81 E0.034129
G1 F X-46.63 Y23.36 Z13.74 U89.75 V-148.94 E0.034129
G1 F X-46.83 Y23.36 Z13.74 U89.76 V-149.07 E0.034129
G1 F X-47.02 Y23.36 Z13.73 U89.77 V-149.19 E0.034129
G1 F X-47.21 Y23.36 Z13.73 U89.77 V-149.31 E0.034129
G1 F X-47.32 Y23.36 Z13.72 U89.78 V-149.37 E0.018311
G1 F X-47.33 Y23.31 Z13.76 U89.84 V-149.39 E0.015818
G1 F X-47.36 Y23.2 Z13.84 U89.96 V-149.42 E0.034129
G1 F X-47.39 Y23.09 Z13.92 U90.09 V-149.44 E0.034129
G1 F X-47.42 Y22.98 Z14 U90.21 V-149.47 E0.034129
G1 F X-47.42 Y23.15 Z14.11 U90.21 V-149.47 E0
G1 F X-47.71 Y22.92 Z14.3 U90.44 V-149.65 E0
G1 F X-47.71 Y22.75 Z14.2 U90.44 V-149.65 E0
G1 F X-47.52 Y22.75 Z14.19 U90.46 V-149.54 E0.034059
G1 F300 E-1.00 ;Filament Retraction!!
G1 F X-47.33 Y22.74 Z14.18 U90.48 V-149.44 E0.034059
G1 F X-47.14 Y22.74 Z14.17 U90.5 V-149.33 E0.034059
G1 F300 E1.1;Filament (De)-Retraction!!
G1 F X-46.96 Y22.74 Z14.16 U90.52 V-149.22 E0.034059
G1 F X-46.77 Y22.74 Z14.15 U90.54 V-149.1 E0.034059
G1 F X-46.58 Y22.74 Z14.13 U90.55 V-148.98 E0.034059
G1 F X-46.4 Y22.73 Z14.12 U90.57 V-148.86 E0.034059
G1 F X-46.21 Y22.73 Z14.11 U90.59 V-148.74 E0.034059
G1 F X-46.03 Y22.73 Z14.1 U90.61 V-148.61 E0.034059
G1 F X-45.84 Y22.73 Z14.09 U90.63 V-148.48 E0.034059
G1 F X-45.66 Y22.73 Z14.08 U90.65 V-148.34 E0.034059
G1 F X-45.48 Y22.72 Z14.08 U90.67 V-148.21 E0.034059
G1 F X-45.3 Y22.72 Z14.07 U90.69 V-148.07 E0.034059
G1 F X-45.11 Y22.72 Z14.06 U90.71 V-147.92 E0.034059
G1 F X-44.93 Y22.72 Z14.05 U90.73 V-147.78 E0.034059
G1 F X-44.75 Y22.71 Z14.04 U90.74 V-147.63 E0.034059
G1 F X-44.57 Y22.71 Z14.03 U90.76 V-147.48 E0.034059
G1 F X-44.39 Y22.71 Z14.02 U90.78 V-147.33 E0.034059
G1 F X-44.21 Y22.71 Z14.01 U90.8 V-147.17 E0.034059
G1 F X-44.03 Y22.7 Z14.01 U90.82 V-147.02 E0.034059
G1 F X-43.85 Y22.7 Z14 U90.84 V-146.86 E0.034059
G1 F X-43.68 Y22.7 Z13.99 U90.86 V-146.69 E0.034059
G1 F X-43.5 Y22.7 Z13.98 U90.88 V-146.53 E0.034059
G1 F X-43.32 Y22.69 Z13.98 U90.9 V-146.36 E0.034059
G1 F X-43.15 Y22.69 Z13.97 U90.92 V-146.19 E0.034059
G1 F X-42.97 Y22.69 Z13.96 U90.93 V-146.02 E0.034059
G1 F X-42.8 Y22.68 Z13.96 U90.95 V-145.85 E0.034059
G1 F X-42.62 Y22.68 Z13.95 U90.97 V-145.68 E0.034059
G1 F X-42.45 Y22.68 Z13.94 U90.99 V-145.5 E0.034059
G1 F X-42.27 Y22.68 Z13.94 U91.01 V-145.32 E0.034059
G1 F X-42.1 Y22.67 Z13.93 U91.03 V-145.14 E0.034059
G1 F X-41.93 Y22.67 Z13.92 U91.05 V-144.96 E0.034059
G1 F X-41.75 Y22.67 Z13.92 U91.07 V-144.77 E0.034059
G1 F X-41.58 Y22.66 Z13.91 U91.09 V-144.59 E0.034059
G1 F X-41.41 Y22.66 Z13.91 U91.11 V-144.4 E0.034059
G1 F X-41.24 Y22.66 Z13.9 U91.13 V-144.21 E0.034059
G1 F X-41.07 Y22.65 Z13.9 U91.15 V-144.02 E0.034059
G1 F X-40.9 Y22.65 Z13.89 U91.17 V-143.82 E0.034059
G1 F X-40.73 Y22.65 Z13.89 U91.18 V-143.63 E0.034059
G1 F X-40.56 Y22.64 Z13.88 U91.2 V-143.43 E0.034059
G1 F X-40.39 Y22.64 Z13.88 U91.22 V-143.24 E0.034059
G1 F X-40.23 Y22.64 Z13.87 U91.24 V-143.04 E0.034059
G1 F X-40.06 Y22.63 Z13.87 U91.26 V-142.84 E0.034059
G1 F X-39.89 Y22.63 Z13.86 U91.28 V-142.64 E0.034059
G1 F X-39.72 Y22.63 Z13.86 U91.3 V-142.43 E0.034059
G1 F X-39.56 Y22.62 Z13.85 U91.32 V-142.23 E0.034059
G1 F X-39.39 Y22.62 Z13.85 U91.35 V-142.02 E0.034059
G1 F X-39.23 Y22.62 Z13.84 U91.37 V-141.82 E0.034059
G1 F X-39.06 Y22.61 Z13.84 U91.39 V-141.61 E0.034059
G1 F X-38.9 Y22.61 Z13.84 U91.41 V-141.4 E0.034059
G1 F X-38.73 Y22.6 Z13.83 U91.43 V-141.19 E0.034059
G1 F X-38.57 Y22.6 Z13.83 U91.45 V-140.98 E0.034059
G1 F X-38.41 Y22.6 Z13.82 U91.47 V-140.77 E0.034059
G1 F X-38.25 Y22.59 Z13.82 U91.49 V-140.56 E0.034059
G1 F X-38.08 Y22.59 Z13.82 U91.51 V-140.34 E0.034059
G1 F X-37.92 Y22.58 Z13.81 U91.54 V-140.13 E0.034059
G1 F X-37.76 Y22.58 Z13.81 U91.56 V-139.91 E0.034059
G1 F X-37.6 Y22.58 Z13.81 U91.58 V-139.69 E0.034059
G1 F X-37.44 Y22.57 Z13.8 U91.6 V-139.47 E0.034059
G1 F X-37.28 Y22.57 Z13.8 U91.62 V-139.26 E0.034059
G1 F X-37.12 Y22.56 Z13.8 U91.65 V-139.04 E0.034059
G1 F X-36.96 Y22.56 Z13.79 U91.67 V-138.81 E0.034059
G1 F X-36.8 Y22.55 Z13.79 U91.69 V-138.59 E0.034059
G1 F X-36.64 Y22.55 Z13.79 U91.71 V-138.37 E0.034059
G1 F X-36.48 Y22.55 Z13.79 U91.73 V-138.14 E0.034059
G1 F X-36.32 Y22.54 Z13.78 U91.76 V-137.92 E0.034059
G1 F X-36.16 Y22.54 Z13.78 U91.78 V-137.69 E0.034059
G1 F X-36 Y22.53 Z13.78 U91.8 V-137.47 E0.034059
G1 F X-35.85 Y22.53 Z13.78 U91.82 V-137.24 E0.034059
G1 F X-35.69 Y22.53 Z13.78 U91.84 V-137.01 E0.034059
G1 F X-35.53 Y22.52 Z13.78 U91.86 V-136.78 E0.034059
G1 F X-35.37 Y22.52 Z13.78 U91.88 V-136.55 E0.034059
G1 F X-35.22 Y22.51 Z13.78 U91.9 V-136.32 E0.034059
G1 F X-35.06 Y22.51 Z13.78 U91.92 V-136.08 E0.034059
G1 F X-34.9 Y22.51 Z13.78 U91.94 V-135.85 E0.034059
G1 F X-34.75 Y22.5 Z13.78 U91.96 V-135.62 E0.034059
G1 F X-34.59 Y22.5 Z13.78 U91.98 V-135.38 E0.034059
G1 F X-34.43 Y22.49 Z13.78 U92 V-135.15 E0.034059
G1 F X-34.28 Y22.49 Z13.78 U92.02 V-134.91 E0.034059
G1 F X-34.12 Y22.49 Z13.78 U92.04 V-134.67 E0.034059
G1 F X-33.97 Y22.48 Z13.78 U92.06 V-134.44 E0.034059
G1 F X-33.81 Y22.48 Z13.78 U92.07 V-134.2 E0.034059
G1 F X-33.66 Y22.47 Z13.78 U92.09 V-133.96 E0.034059
G1 F X-33.5 Y22.47 Z13.78 U92.11 V-133.72 E0.034059
G1 F X-33.35 Y22.47 Z13.78 U92.13 V-133.48 E0.034059
G1 F X-33.19 Y22.46 Z13.78 U92.15 V-133.24 E0.034059
G1 F X-33.04 Y22.46 Z13.78 U92.17 V-133 E0.034059
G1 F X-32.88 Y22.45 Z13.78 U92.19 V-132.75 E0.034059
G1 F X-32.73 Y22.45 Z13.79 U92.2 V-132.51 E0.034059
G1 F X-32.58 Y22.45 Z13.79 U92.22 V-132.27 E0.034059
G1 F X-32.42 Y22.44 Z13.79 U92.24 V-132.03 E0.034059
G1 F X-32.27 Y22.44 Z13.79 U92.26 V-131.78 E0.034059
G1 F X-32.12 Y22.43 Z13.79 U92.28 V-131.54 E0.034059
G1 F X-31.96 Y22.43 Z13.79 U92.3 V-131.29 E0.034059
G1 F X-31.81 Y22.43 Z13.8 U92.32 V-131.05 E0.034059
G1 F X-31.66 Y22.42 Z13.8 U92.33 V-130.8 E0.034059
G1 F X-31.51 Y22.42 Z13.8 U92.35 V-130.56 E0.034059
G1 F X-31.35 Y22.41 Z13.8 U92.37 V-130.31 E0.034059
G1 F X-31.2 Y22.41 Z13.81 U92.39 V-130.06 E0.034059
G1 F X-31.05 Y22.41 Z13.81 U92.41 V-129.82 E0.034059
G1 F X-30.9 Y22.4 Z13.81 U92.43 V-129.57 E0.034059
G1 F X-30.75 Y22.4 Z13.81 U92.45 V-129.32 E0.034059
G1 F X-30.59 Y22.4 Z13.82 U92.47 V-129.07 E0.034059
G1 F X-30.44 Y22.39 Z13.82 U92.48 V-128.82 E0.034059
G1 F X-30.29 Y22.39 Z13.82 U92.5 V-128.57 E0.034059
G1 F X-30.14 Y22.38 Z13.83 U92.51 V-128.32 E0.034059
G1 F X-29.99 Y22.38 Z13.83 U92.53 V-128.07 E0.034059
G1 F X-29.83 Y22.38 Z13.83 U92.54 V-127.81 E0.034059
G1 F X-29.68 Y22.38 Z13.84 U92.56 V-127.56 E0.034059
G1 F X-29.53 Y22.37 Z13.84 U92.57 V-127.3 E0.034059
G1 F X-29.38 Y22.37 Z13.85 U92.58 V-127.05 E0.034059
G1 F X-29.22 Y22.37 Z13.85 U92.59 V-126.79 E0.034059
G1 F X-29.07 Y22.37 Z13.86 U92.6 V-126.54 E0.034059
G1 F X-28.92 Y22.36 Z13.86 U92.61 V-126.28 E0.034059
G1 F X-28.87 Y22.36 Z13.86 U92.62 V-126.2 E0.010037
G1 F X-28.74 Y22.52 Z13.86 U92.12 V-125.88 E0.024021
G1 F X-28.56 Y22.74 Z13.86 U91.41 V-125.42 E0.034059
G1 F X-28.38 Y22.96 Z13.86 U90.69 V-124.94 E0.034059
G1 F X-28.2 Y23.18 Z13.86 U89.96 V-124.47 E0.034059
G1 F X-28.03 Y23.4 Z13.85 U89.23 V-123.98 E0.034059
G1 F X-27.85 Y23.62 Z13.84 U88.49 V-123.49 E0.034059
G1 F X-27.69 Y23.83 Z13.83 U87.75 V-123 E0.034059
G1 F X-27.59 Y23.96 Z13.82 U87.29 V-122.71 E0.020687
G1 F X-27.65 Y23.96 Z13.82 U87.3 V-122.81 E0.013372
G1 F X-27.81 Y23.96 Z13.82 U87.3 V-123.08 E0.034059
G1 F X-27.96 Y23.95 Z13.83 U87.31 V-123.36 E0.034059
G1 F X-28.12 Y23.95 Z13.84 U87.32 V-123.63 E0.034059
G1 F X-28.28 Y23.95 Z13.84 U87.33 V-123.9 E0.034059
G1 F X-28.44 Y23.95 Z13.85 U87.34 V-124.18 E0.034059
G1 F X-28.59 Y23.95 Z13.85 U87.35 V-124.45 E0.034059
G1 F X-28.75 Y23.95 Z13.86 U87.36 V-124.72 E0.034059
G1 F X-28.91 Y23.94 Z13.87 U87.37 V-125 E0.034059
G1 F X-29.07 Y23.94 Z13.87 U87.38 V-125.27 E0.034059
G1 F X-29.23 Y23.94 Z13.88 U87.39 V-125.55 E0.034059
G1 F X-29.39 Y23.94 Z13.88 U87.41 V-125.82 E0.034059
G1 F X-29.55 Y23.93 Z13.89 U87.42 V-126.09 E0.034059
G1 F X-29.71 Y23.93 Z13.89 U87.43 V-126.37 E0.034059
G1 F X-29.87 Y23.93 Z13.9 U87.45 V-126.64 E0.034059
G1 F X-30.02 Y23.93 Z13.9 U87.46 V-126.92 E0.034059
G1 F X-30.18 Y23.92 Z13.9 U87.47 V-127.19 E0.034059
G1 F X-30.35 Y23.92 Z13.91 U87.49 V-127.47 E0.034059
G1 F X-30.51 Y23.92 Z13.91 U87.5 V-127.74 E0.034059
G1 F X-30.67 Y23.92 Z13.92 U87.52 V-128.02 E0.034059
G1 F X-30.83 Y23.91 Z13.92 U87.53 V-128.29 E0.034059
G1 F X-30.99 Y23.91 Z13.93 U87.55 V-128.56 E0.034059
G1 F X-31.15 Y23.91 Z13.93 U87.56 V-128.84 E0.034059
G1 F X-31.31 Y23.9 Z13.93 U87.58 V-129.11 E0.034059
G1 F X-31.47 Y23.9 Z13.94 U87.59 V-129.38 E0.034059
G1 F X-31.63 Y23.9 Z13.94 U87.61 V-129.65 E0.034059
G1 F X-31.79 Y23.9 Z13.94 U87.62 V-129.92 E0.034059
G1 F X-31.96 Y23.89 Z13.95 U87.64 V-130.2 E0.034059
G1 F X-32.12 Y23.89 Z13.95 U87.65 V-130.47 E0.034059
G1 F X-32.28 Y23.89 Z13.95 U87.67 V-130.74 E0.034059
G1 F X-32.44 Y23.88 Z13.96 U87.69 V-131.01 E0.034059
G1 F X-32.61 Y23.88 Z13.96 U87.71 V-131.28 E0.034059
G1 F X-32.77 Y23.88 Z13.96 U87.73 V-131.55 E0.034059
G1 F X-32.94 Y23.87 Z13.96 U87.75 V-131.82 E0.034059
G1 F X-33.1 Y23.87 Z13.96 U87.77 V-132.09 E0.034059
G1 F X-33.26 Y23.86 Z13.96 U87.79 V-132.36 E0.034059
G1 F X-33.43 Y23.86 Z13.97 U87.81 V-132.63 E0.034059
G1 F X-33.6 Y23.86 Z13.97 U87.83 V-132.9 E0.034059
G1 F X-33.76 Y23.85 Z13.97 U87.85 V-133.17 E0.034059
G1 F X-33.93 Y23.85 Z13.97 U87.87 V-133.44 E0.034059
G1 F X-34.09 Y23.84 Z13.97 U87.9 V-133.71 E0.034059
G1 F X-34.26 Y23.84 Z13.97 U87.92 V-133.98 E0.034059
G1 F X-34.43 Y23.84 Z13.97 U87.94 V-134.24 E0.034059
G1 F X-34.59 Y23.83 Z13.97 U87.97 V-134.51 E0.034059
G1 F X-34.76 Y23.83 Z13.96 U87.99 V-134.78 E0.034059
G1 F X-34.93 Y23.82 Z13.96 U88.01 V-135.04 E0.034059
G1 F X-35.1 Y23.82 Z13.96 U88.04 V-135.31 E0.034059
G1 F X-35.27 Y23.81 Z13.96 U88.06 V-135.57 E0.034059
G1 F X-35.44 Y23.81 Z13.96 U88.08 V-135.83 E0.034059
G1 F X-35.61 Y23.81 Z13.96 U88.11 V-136.09 E0.034059
G1 F X-35.78 Y23.8 Z13.96 U88.13 V-136.35 E0.034059
G1 F X-35.95 Y23.8 Z13.95 U88.16 V-136.61 E0.034059
G1 F X-36.12 Y23.79 Z13.95 U88.18 V-136.87 E0.034059
G1 F X-36.29 Y23.79 Z13.95 U88.21 V-137.13 E0.034059
G1 F X-36.46 Y23.78 Z13.95 U88.23 V-137.39 E0.034059
G1 F X-36.63 Y23.78 Z13.95 U88.25 V-137.64 E0.034059
G1 F X-36.8 Y23.78 Z13.94 U88.28 V-137.9 E0.034059
G1 F X-36.97 Y23.77 Z13.94 U88.3 V-138.15 E0.034059
G1 F X-37.14 Y23.77 Z13.94 U88.32 V-138.4 E0.034059
G1 F X-37.31 Y23.76 Z13.93 U88.34 V-138.65 E0.034059
G1 F X-37.49 Y23.76 Z13.93 U88.37 V-138.9 E0.034059
G1 F X-37.66 Y23.76 Z13.93 U88.39 V-139.15 E0.034059
G1 F X-37.83 Y23.75 Z13.93 U88.41 V-139.39 E0.034059
G1 F X-38.01 Y23.75 Z13.92 U88.43 V-139.64 E0.034059
G1 F X-38.18 Y23.74 Z13.92 U88.45 V-139.88 E0.034059
G1 F X-38.35 Y23.74 Z13.92 U88.48 V-140.12 E0.034059
G1 F X-38.53 Y23.74 Z13.91 U88.5 V-140.37 E0.034059
G1 F X-38.7 Y23.73 Z13.91 U88.52 V-140.6 E0.034059
G1 F X-38.88 Y23.73 Z13.9 U88.54 V-140.84 E0.034059
G1 F X-39.06 Y23.73 Z13.9 U88.56 V-141.08 E0.034059
G1 F X-39.23 Y23.72 Z13.9 U88.59 V-141.31 E0.034059
G1 F X-39.41 Y23.72 Z13.89 U88.61 V-141.55 E0.034059
G1 F X-39.59 Y23.72 Z13.89 U88.63 V-141.78 E0.034059
G1 F X-39.76 Y23.71 Z13.88 U88.65 V-142.01 E0.034059
G1 F X-39.94 Y23.71 Z13.88 U88.68 V-142.24 E0.034059
G1 F X-40.12 Y23.7 Z13.87 U88.7 V-142.47 E0.034059
G1 F X-40.3 Y23.7 Z13.87 U88.72 V-142.69 E0.034059
G1 F X-40.48 Y23.7 Z13.86 U88.74 V-142.91 E0.034059
G1 F X-40.66 Y23.69 Z13.85 U88.77 V-143.14 E0.034059
G1 F X-40.84 Y23.69 Z13.85 U88.79 V-143.35 E0.034059
G1 F X-41.02 Y23.69 Z13.84 U88.81 V-143.57 E0.034059
G1 F X-41.2 Y23.68 Z13.84 U88.83 V-143.79 E0.034059
G1 F X-41.38 Y23.68 Z13.83 U88.86 V-144 E0.034059
G1 F X-41.56 Y23.68 Z13.82 U88.88 V-144.21 E0.034059
G1 F X-41.75 Y23.67 Z13.82 U88.9 V-144.42 E0.034059
G1 F X-41.93 Y23.67 Z13.81 U88.92 V-144.63 E0.034059
G1 F X-42.11 Y23.67 Z13.8 U88.94 V-144.83 E0.034059
G1 F X-42.3 Y23.66 Z13.8 U88.96 V-145.04 E0.034059
G1 F X-42.48 Y23.66 Z13.79 U88.99 V-145.24 E0.034059
G1 F X-42.67 Y23.66 Z13.78 U89.01 V-145.43 E0.034059
G1 F X-42.85 Y23.65 Z13.77 U89.03 V-145.63 E0.034059
G1 F X-43.04 Y23.65 Z13.77 U89.05 V-145.82 E0.034059
G1 F X-43.22 Y23.65 Z13.76 U89.07 V-146.01 E0.034059
G1 F X-43.41 Y23.65 Z13.75 U89.09 V-146.2 E0.034059
G1 F X-43.6 Y23.64 Z13.74 U89.11 V-146.39 E0.034059
G1 F X-43.79 Y23.64 Z13.73 U89.14 V-146.57 E0.034059
G1 F X-43.98 Y23.64 Z13.72 U89.16 V-146.75 E0.034059
G1 F X-44.16 Y23.63 Z13.72 U89.18 V-146.92 E0.034059
G1 F X-44.35 Y23.63 Z13.71 U89.2 V-147.1 E0.034059
G1 F X-44.54 Y23.63 Z13.7 U89.22 V-147.27 E0.034059
G1 F X-44.73 Y23.63 Z13.69 U89.24 V-147.44 E0.034059
G1 F X-44.92 Y23.62 Z13.68 U89.26 V-147.6 E0.034059
G1 F X-45.12 Y23.62 Z13.67 U89.28 V-147.76 E0.034059
G1 F X-45.31 Y23.62 Z13.66 U89.3 V-147.92 E0.034059
G1 F X-45.5 Y23.62 Z13.65 U89.32 V-148.08 E0.034059
G1 F X-45.69 Y23.62 Z13.64 U89.34 V-148.23 E0.034059
G1 F X-45.89 Y23.61 Z13.63 U89.36 V-148.38 E0.034059
G1 F X-46.08 Y23.61 Z13.62 U89.38 V-148.52 E0.034059
G1 F X-46.28 Y23.61 Z13.61 U89.4 V-148.66 E0.034059
G1 F X-46.47 Y23.61 Z13.6 U89.42 V-148.8 E0.034059
G1 F X-46.67 Y23.61 Z13.59 U89.44 V-148.93 E0.034059
G1 F X-46.86 Y23.6 Z13.58 U89.45 V-149.06 E0.034059
G1 F X-47.06 Y23.6 Z13.57 U89.47 V-149.19 E0.034059
G1 F X-47.25 Y23.6 Z13.56 U89.49 V-149.31 E0.034059
G1 F X-47.45 Y23.6 Z13.55 U89.51 V-149.43 E0.034059
G1 F X-47.65 Y23.6 Z13.54 U89.53 V-149.54 E0.034059
G1 F X-47.68 Y23.6 Z13.53 U89.54 V-149.56 E0.005449
G1 F X-47.71 Y23.51 Z13.6 U89.64 V-149.58 E0.02861
G1 F X-47.73 Y23.4 Z13.68 U89.76 V-149.61 E0.034059
G1 F X-47.76 Y23.29 Z13.77 U89.87 V-149.63 E0.034059
G1 F X-47.79 Y23.18 Z13.85 U89.99 V-149.66 E0.034059
G1 F X-47.81 Y23.07 Z13.94 U90.1 V-149.68 E0.034059
G1 F X-47.84 Y22.96 Z14.03 U90.21 V-149.7 E0.034059
G1 F X-47.87 Y22.86 Z14.12 U90.32 V-149.72 E0.034059
G1 F X-47.9 Y22.75 Z14.21 U90.42 V-149.74 E0.034059
G1 F X-47.9 Y22.92 Z14.31 U90.42 V-149.74 E0
G1 F X-47.23 Y24.87 Z15.13 U90.22 V-149.36 E0
G1 F X-47.24 Y24.7 Z15.02 U90.22 V-149.36 E0
G1 F X-47.05 Y24.7 Z15.02 U90.22 V-149.25 E0.034035
G1 F300 E-1.00 ;Filament Retraction!!
G1 F X-46.86 Y24.7 Z15.01 U90.23 V-149.13 E0.034035
G1 F X-46.67 Y24.7 Z15.01 U90.24 V-149.01 E0.034035
G1 F300 E1.1;Filament (De)-Retraction!!
G1 F X-46.48 Y24.7 Z15 U90.25 V-148.89 E0.034035
G1 F X-46.29 Y24.7 Z15 U90.25 V-148.77 E0.034035
G1 F X-46.11 Y24.7 Z14.99 U90.26 V-148.64 E0.034035
G1 F X-45.92 Y24.7 Z14.99 U90.27 V-148.5 E0.034035
G1 F X-45.74 Y24.7 Z14.98 U90.28 V-148.37 E0.034035
G1 F X-45.55 Y24.7 Z14.98 U90.28 V-148.23 E0.034035
G1 F X-45.37 Y24.7 Z14.97 U90.29 V-148.09 E0.034035
G1 F X-45.18 Y24.7 Z14.97 U90.3 V-147.94 E0.034035
G1 F X-45 Y24.7 Z14.96 U90.31 V-147.79 E0.034035
G1 F X-44.82 Y24.7 Z14.96 U90.31 V-147.64 E0.034035
G1 F X-44.63 Y24.7 Z14.96 U90.32 V-147.49 E0.034035
G1 F X-44.45 Y24.7 Z14.95 U90.33 V-147.34 E0.034035
G1 F X-44.27 Y24.7 Z14.95 U90.33 V-147.18 E0.034035
G1 F X-44.09 Y24.69 Z14.94 U90.34 V-147.02 E0.034035
G1 F X-43.91 Y24.69 Z14.94 U90.35 V-146.85 E0.034035
G1 F X-43.73 Y24.69 Z14.94 U90.35 V-146.69 E0.034035
G1 F X-43.55 Y24.69 Z14.93 U90.36 V-146.52 E0.034035
G1 F X-43.37 Y24.69 Z14.93 U90.36 V-146.35 E0.034035
G1 F X-43.2 Y24.69 Z14.93 U90.37 V-146.18 E0.034035
G1 F X-43.02 Y24.69 Z14.92 U90.37 V-146 E0.034035
G1 F X-42.84 Y24.69 Z14.92 U90.38 V-145.83 E0.034035
G1 F X-42.66 Y24.69 Z14.92 U90.39 V-145.65 E0.034035
G1 F X-42.49 Y24.69 Z14.92 U90.39 V-145.47 E0.034035
G1 F X-42.31 Y24.69 Z14.91 U90.4 V-145.28 E0.034035
G1 F X-42.14 Y24.69 Z14.91 U90.4 V-145.1 E0.034035
G1 F X-41.96 Y24.69 Z14.91 U90.41 V-144.91 E0.034035
G1 F X-41.79 Y24.69 Z14.91 U90.41 V-144.72 E0.034035
G1 F X-41.62 Y24.69 Z14.9 U90.42 V-144.53 E0.034035
G1 F X-41.44 Y24.69 Z14.9 U90.42 V-144.34 E0.034035
G1 F X-41.27 Y24.69 Z14.9 U90.43 V-144.15 E0.034035
G1 F X-41.1 Y24.69 Z14.9 U90.43 V-143.95 E0.034035
G1 F X-40.93 Y24.69 Z14.9 U90.44 V-143.75 E0.034035
G1 F X-40.76 Y24.69 Z14.89 U90.44 V-143.55 E0.034035
G1 F X-40.59 Y24.69 Z14.89 U90.45 V-143.35 E0.034035
G1 F X-40.42 Y24.69 Z14.89 U90.45 V-143.15 E0.034035
G1 F X-40.25 Y24.69 Z14.89 U90.46 V-142.95 E0.034035
G1 F X-40.08 Y24.69 Z14.89 U90.46 V-142.74 E0.034035
G1 F X-39.91 Y24.69 Z14.88 U90.47 V-142.54 E0.034035
G1 F X-39.74 Y24.69 Z14.88 U90.47 V-142.33 E0.034035
G1 F X-39.57 Y24.69 Z14.88 U90.48 V-142.12 E0.034035
G1 F X-39.41 Y24.69 Z14.88 U90.48 V-141.91 E0.034035
G1 F X-39.24 Y24.69 Z14.88 U90.49 V-141.7 E0.034035
G1 F X-39.07 Y24.69 Z14.88 U90.49 V-141.48 E0.034035
G1 F X-38.91 Y24.69 Z14.88 U90.5 V-141.27 E0.034035
G1 F X-38.74 Y24.69 Z14.87 U90.5 V-141.05 E0.034035
G1 F X-38.58 Y24.69 Z14.87 U90.51 V-140.84 E0.034035
G1 F X-38.41 Y24.69 Z14.87 U90.51 V-140.62 E0.034035
G1 F X-38.25 Y24.69 Z14.87 U90.52 V-140.4 E0.034035
G1 F X-38.08 Y24.69 Z14.87 U90.52 V-140.18 E0.034035
G1 F X-37.92 Y24.69 Z14.87 U90.53 V-139.96 E0.034035
G1 F X-37.76 Y24.69 Z14.87 U90.54 V-139.74 E0.034035
G1 F X-37.6 Y24.69 Z14.86 U90.54 V-139.51 E0.034035
G1 F X-37.43 Y24.68 Z14.86 U90.55 V-139.29 E0.034035
G1 F X-37.27 Y24.68 Z14.86 U90.56 V-139.07 E0.034035
G1 F X-37.11 Y24.68 Z14.86 U90.56 V-138.84 E0.034035
G1 F X-36.95 Y24.68 Z14.86 U90.57 V-138.61 E0.034035
G1 F X-36.79 Y24.68 Z14.86 U90.57 V-138.39 E0.034035
G1 F X-36.63 Y24.68 Z14.86 U90.58 V-138.16 E0.034035
G1 F X-36.47 Y24.68 Z14.86 U90.58 V-137.93 E0.034035
G1 F X-36.31 Y24.68 Z14.86 U90.59 V-137.69 E0.034035
G1 F X-36.15 Y24.68 Z14.86 U90.59 V-137.46 E0.034035
G1 F X-35.99 Y24.68 Z14.86 U90.59 V-137.23 E0.034035
G1 F X-35.83 Y24.68 Z14.86 U90.6 V-136.99 E0.034035
G1 F X-35.67 Y24.68 Z14.85 U90.6 V-136.76 E0.034035
G1 F X-35.51 Y24.68 Z14.86 U90.61 V-136.52 E0.034035
G1 F X-35.35 Y24.68 Z14.86 U90.61 V-136.29 E0.034035
G1 F X-35.2 Y24.68 Z14.86 U90.61 V-136.05 E0.034035
G1 F X-35.04 Y24.68 Z14.86 U90.61 V-135.81 E0.034035
G1 F X-34.88 Y24.68 Z14.86 U90.62 V-135.57 E0.034035
G1 F X-34.72 Y24.68 Z14.86 U90.62 V-135.33 E0.034035
G1 F X-34.57 Y24.68 Z14.86 U90.62 V-135.09 E0.034035
G1 F X-34.41 Y24.68 Z14.86 U90.63 V-134.85 E0.034035
G1 F X-34.25 Y24.68 Z14.86 U90.63 V-134.61 E0.034035
G1 F X-34.1 Y24.68 Z14.86 U90.63 V-134.36 E0.034035
G1 F X-33.94 Y24.68 Z14.86 U90.63 V-134.12 E0.034035
G1 F X-33.78 Y24.68 Z14.86 U90.64 V-133.88 E0.034035
G1 F X-33.63 Y24.68 Z14.86 U90.64 V-133.63 E0.034035
G1 F X-33.47 Y24.68 Z14.86 U90.64 V-133.39 E0.034035
G1 F X-33.32 Y24.68 Z14.86 U90.65 V-133.14 E0.034035
G1 F X-33.16 Y24.68 Z14.86 U90.65 V-132.9 E0.034035
G1 F X-33.01 Y24.68 Z14.86 U90.65 V-132.65 E0.034035
G1 F X-32.85 Y24.68 Z14.86 U90.66 V-132.41 E0.034035
G1 F X-32.7 Y24.67 Z14.86 U90.66 V-132.16 E0.034035
G1 F X-32.55 Y24.67 Z14.86 U90.66 V-131.91 E0.034035
G1 F X-32.39 Y24.67 Z14.86 U90.67 V-131.66 E0.034035
G1 F X-32.24 Y24.67 Z14.87 U90.67 V-131.42 E0.034035
G1 F X-32.09 Y24.67 Z14.87 U90.68 V-131.17 E0.034035
G1 F X-31.93 Y24.67 Z14.87 U90.68 V-130.92 E0.034035
G1 F X-31.78 Y24.67 Z14.87 U90.69 V-130.67 E0.034035
G1 F X-31.63 Y24.67 Z14.87 U90.69 V-130.42 E0.034035
G1 F X-31.48 Y24.67 Z14.87 U90.7 V-130.17 E0.034035
G1 F X-31.32 Y24.67 Z14.87 U90.7 V-129.93 E0.034035
G1 F X-31.17 Y24.67 Z14.87 U90.71 V-129.68 E0.034035
G1 F X-31.02 Y24.67 Z14.87 U90.72 V-129.43 E0.034035
G1 F X-30.87 Y24.67 Z14.87 U90.72 V-129.18 E0.034035
G1 F X-30.72 Y24.66 Z14.87 U90.73 V-128.93 E0.034035
G1 F X-30.57 Y24.66 Z14.87 U90.73 V-128.68 E0.034035
G1 F X-30.42 Y24.66 Z14.87 U90.74 V-128.43 E0.034035
G1 F X-30.26 Y24.66 Z14.87 U90.74 V-128.17 E0.034035
G1 F X-30.11 Y24.66 Z14.87 U90.75 V-127.92 E0.034035
G1 F X-29.96 Y24.66 Z14.87 U90.75 V-127.67 E0.034035
G1 F X-29.81 Y24.66 Z14.87 U90.75 V-127.41 E0.034035
G1 F X-29.66 Y24.66 Z14.88 U90.75 V-127.16 E0.034035
G1 F X-29.51 Y24.66 Z14.88 U90.76 V-126.9 E0.034035
G1 F X-29.36 Y24.66 Z14.88 U90.76 V-126.65 E0.034035
G1 F X-29.21 Y24.66 Z14.88 U90.76 V-126.39 E0.034035
G1 F X-29.05 Y24.66 Z14.88 U90.76 V-126.13 E0.034035
G1 F X-28.9 Y24.66 Z14.88 U90.76 V-125.88 E0.034035
G1 F X-28.83 Y24.66 Z14.88 U90.76 V-125.75 E0.016582
G1 F X-28.71 Y24.8 Z14.88 U90.31 V-125.43 E0.017454
G1 F X-28.48 Y25.07 Z14.88 U89.4 V-124.78 E0.034035
G1 F X-28.44 Y25.11 Z14.88 U89.24 V-124.67 E0.005958
G1 F X-28.56 Y25.11 Z14.88 U89.25 V-124.88 E0.028078
G1 F X-28.71 Y25.11 Z14.88 U89.25 V-125.14 E0.034035
G1 F X-28.87 Y25.11 Z14.89 U89.26 V-125.4 E0.034035
G1 F X-29.02 Y25.11 Z14.89 U89.26 V-125.66 E0.034035
G1 F X-29.17 Y25.11 Z14.89 U89.26 V-125.92 E0.034035
G1 F X-29.32 Y25.11 Z14.89 U89.27 V-126.18 E0.034035
G1 F X-29.47 Y25.11 Z14.89 U89.27 V-126.44 E0.034035
G1 F X-29.63 Y25.11 Z14.89 U89.27 V-126.7 E0.034035
G1 F X-29.78 Y25.11 Z14.89 U89.28 V-126.96 E0.034035
G1 F X-29.93 Y25.11 Z14.89 U89.28 V-127.22 E0.034035
G1 F X-30.08 Y25.11 Z14.89 U89.28 V-127.48 E0.034035
G1 F X-30.24 Y25.11 Z14.9 U89.29 V-127.74 E0.034035
G1 F X-30.39 Y25.11 Z14.9 U89.29 V-127.99 E0.034035
G1 F X-30.54 Y25.11 Z14.9 U89.29 V-128.25 E0.034035
G1 F X-30.69 Y25.11 Z14.9 U89.29 V-128.51 E0.034035
G1 F X-30.85 Y25.11 Z14.9 U89.29 V-128.76 E0.034035
G1 F X-31 Y25.11 Z14.9 U89.29 V-129.02 E0.034035
G1 F X-31.15 Y25.11 Z14.9 U89.3 V-129.27 E0.034035
G1 F X-31.31 Y25.11 Z14.91 U89.3 V-129.52 E0.034035
G1 F X-31.46 Y25.11 Z14.91 U89.29 V-129.78 E0.034035
G1 F X-31.61 Y25.11 Z14.91 U89.3 V-130.03 E0.034035
G1 F X-31.76 Y25.11 Z14.91 U89.3 V-130.28 E0.034035
G1 F X-31.92 Y25.11 Z14.91 U89.3 V-130.54 E0.034035
G1 F X-32.07 Y25.11 Z14.91 U89.3 V-130.79 E0.034035
G1 F X-32.23 Y25.11 Z14.91 U89.3 V-131.04 E0.034035
G1 F X-32.38 Y25.11 Z14.91 U89.3 V-131.3 E0.034035
G1 F X-32.54 Y25.1 Z14.92 U89.31 V-131.55 E0.034035
G1 F X-32.69 Y25.1 Z14.92 U89.31 V-131.8 E0.034035
G1 F X-32.85 Y25.1 Z14.92 U89.31 V-132.05 E0.034035
G1 F X-33 Y25.1 Z14.92 U89.32 V-132.3 E0.034035
G1 F X-33.16 Y25.1 Z14.92 U89.32 V-132.55 E0.034035
G1 F X-33.31 Y25.1 Z14.92 U89.33 V-132.81 E0.034035
G1 F X-33.47 Y25.1 Z14.92 U89.33 V-133.06 E0.034035
G1 F X-33.63 Y25.1 Z14.92 U89.34 V-133.31 E0.034035
G1 F X-33.79 Y25.1 Z14.92 U89.34 V-133.56 E0.034035
G1 F X-33.94 Y25.1 Z14.92 U89.35 V-133.81 E0.034035
G1 F X-34.1 Y25.1 Z14.92 U89.35 V-134.05 E0.034035
G1 F X-34.26 Y25.1 Z14.92 U89.36 V-134.3 E0.034035
G1 F X-34.42 Y25.1 Z14.92 U89.36 V-134.55 E0.034035
G1 F X-34.57 Y25.1 Z14.92 U89.37 V-134.8 E0.034035
G1 F X-34.73 Y25.1 Z14.92 U89.37 V-135.04 E0.034035
G1 F X-34.89 Y25.09 Z14.92 U89.38 V-135.29 E0.034035
G1 F X-35.05 Y25.09 Z14.91 U89.39 V-135.53 E0.034035
G1 F X-35.21 Y25.09 Z14.91 U89.39 V-135.78 E0.034035
G1 F X-35.37 Y25.09 Z14.91 U89.4 V-136.02 E0.034035
G1 F X-35.53 Y25.09 Z14.91 U89.4 V-136.26 E0.034035
G1 F X-35.69 Y25.09 Z14.91 U89.41 V-136.51 E0.034035
G1 F X-35.85 Y25.09 Z14.91 U89.41 V-136.75 E0.034035
G1 F X-36.01 Y25.09 Z14.91 U89.42 V-136.99 E0.034035
G1 F X-36.17 Y25.09 Z14.91 U89.42 V-137.23 E0.034035
G1 F X-36.33 Y25.09 Z14.91 U89.43 V-137.46 E0.034035
G1 F X-36.5 Y25.09 Z14.91 U89.43 V-137.7 E0.034035
G1 F X-36.66 Y25.09 Z14.91 U89.44 V-137.94 E0.034035
G1 F X-36.82 Y25.09 Z14.91 U89.44 V-138.17 E0.034035
G1 F X-36.98 Y25.09 Z14.91 U89.45 V-138.41 E0.034035
G1 F X-37.15 Y25.09 Z14.91 U89.45 V-138.64 E0.034035
G1 F X-37.31 Y25.09 Z14.91 U89.46 V-138.87 E0.034035
G1 F X-37.47 Y25.09 Z14.91 U89.46 V-139.1 E0.034035
G1 F X-37.63 Y25.09 Z14.91 U89.46 V-139.33 E0.034035
G1 F X-37.8 Y25.09 Z14.9 U89.47 V-139.56 E0.034035
G1 F X-37.96 Y25.08 Z14.9 U89.47 V-139.79 E0.034035
G1 F X-38.13 Y25.08 Z14.9 U89.47 V-140.01 E0.034035
G1 F X-38.29 Y25.08 Z14.9 U89.48 V-140.24 E0.034035
G1 F X-38.46 Y25.08 Z14.9 U89.48 V-140.46 E0.034035
G1 F X-38.62 Y25.08 Z14.9 U89.48 V-140.68 E0.034035
G1 F X-38.79 Y25.08 Z14.9 U89.49 V-140.91 E0.034035
G1 F X-38.96 Y25.08 Z14.9 U89.49 V-141.13 E0.034035
G1 F X-39.13 Y25.08 Z14.9 U89.5 V-141.35 E0.034035
G1 F X-39.29 Y25.08 Z14.9 U89.5 V-141.56 E0.034035
G1 F X-39.46 Y25.08 Z14.89 U89.51 V-141.78 E0.034035
G1 F X-39.63 Y25.08 Z14.89 U89.51 V-142 E0.034035
G1 F X-39.8 Y25.08 Z14.89 U89.52 V-142.21 E0.034035
G1 F X-39.97 Y25.08 Z14.89 U89.52 V-142.42 E0.034035
G1 F X-40.14 Y25.08 Z14.89 U89.53 V-142.64 E0.034035
G1 F X-40.31 Y25.08 Z14.89 U89.53 V-142.85 E0.034035
G1 F X-40.48 Y25.08 Z14.88 U89.54 V-143.06 E0.034035
G1 F X-40.65 Y25.08 Z14.88 U89.54 V-143.26 E0.034035
G1 F X-40.83 Y25.08 Z14.88 U89.55 V-143.47 E0.034035
G1 F X-41 Y25.08 Z14.88 U89.56 V-143.67 E0.034035
G1 F X-41.17 Y25.08 Z14.87 U89.56 V-143.88 E0.034035
G1 F X-41.35 Y25.08 Z14.87 U89.57 V-144.08 E0.034035
G1 F X-41.52 Y25.08 Z14.87 U89.57 V-144.28 E0.034035
G1 F X-41.7 Y25.08 Z14.87 U89.58 V-144.47 E0.034035
G1 F X-41.87 Y25.08 Z14.86 U89.59 V-144.67 E0.034035
G1 F X-42.05 Y25.08 Z14.86 U89.59 V-144.86 E0.034035
G1 F X-42.22 Y25.08 Z14.86 U89.6 V-145.05 E0.034035
G1 F X-42.4 Y25.08 Z14.86 U89.6 V-145.24 E0.034035
G1 F X-42.58 Y25.08 Z14.85 U89.61 V-145.43 E0.034035
G1 F X-42.76 Y25.08 Z14.85 U89.62 V-145.62 E0.034035
G1 F X-42.93 Y25.08 Z14.85 U89.62 V-145.8 E0.034035
G1 F X-43.11 Y25.08 Z14.84 U89.63 V-145.98 E0.034035
G1 F X-43.29 Y25.08 Z14.84 U89.64 V-146.16 E0.034035
G1 F X-43.47 Y25.08 Z14.84 U89.64 V-146.34 E0.034035
G1 F X-43.65 Y25.08 Z14.83 U89.65 V-146.51 E0.034035
G1 F X-43.84 Y25.08 Z14.83 U89.66 V-146.68 E0.034035
G1 F X-44.02 Y25.08 Z14.83 U89.66 V-146.85 E0.034035
G1 F X-44.2 Y25.08 Z14.82 U89.67 V-147.02 E0.034035
G1 F X-44.38 Y25.08 Z14.82 U89.67 V-147.19 E0.034035
G1 F X-44.57 Y25.08 Z14.81 U89.68 V-147.35 E0.034035
G1 F X-44.75 Y25.08 Z14.81 U89.69 V-147.51 E0.034035
G1 F X-44.94 Y25.08 Z14.81 U89.69 V-147.66 E0.034035
G1 F X-45.12 Y25.08 Z14.8 U89.7 V-147.82 E0.034035
G1 F X-45.31 Y25.08 Z14.8 U89.71 V-147.97 E0.034035
G1 F X-45.5 Y25.08 Z14.8 U89.71 V-148.12 E0.034035
G1 F X-45.68 Y25.08 Z14.79 U89.72 V-148.26 E0.034035
G1 F X-45.87 Y25.08 Z14.79 U89.73 V-148.4 E0.034035
G1 F X-46.06 Y25.08 Z14.78 U89.73 V-148.54 E0.034035
G1 F X-46.25 Y25.08 Z14.78 U89.74 V-148.68 E0.034035
G1 F X-46.44 Y25.08 Z14.77 U89.75 V-148.81 E0.034035
G1 F X-46.63 Y25.08 Z14.77 U89.75 V-148.94 E0.034035
G1 F X-46.82 Y25.08 Z14.76 U89.76 V-149.06 E0.034035
G1 F X-47.01 Y25.08 Z14.76 U89.77 V-149.19 E0.034035
G1 F X-47.2 Y25.08 Z14.75 U89.77 V-149.3 E0.034035
G1 F X-47.31 Y25.08 Z14.75 U89.78 V-149.37 E0.019122
G1 F X-47.33 Y25.03 Z14.79 U89.83 V-149.38 E0.014913
G1 F X-47.36 Y24.92 Z14.87 U89.96 V-149.41 E0.034035
G1 F X-47.39 Y24.81 Z14.95 U90.09 V-149.45 E0.034035
G1 F X-47.42 Y24.7 Z15.03 U90.21 V-149.47 E0.034035
G1 F X-47.42 Y24.87 Z15.13 U90.21 V-149.47 E0
G1 F X-47.72 Y24.63 Z15.33 U90.44 V-149.66 E0
G1 F X-47.72 Y24.46 Z15.23 U90.44 V-149.66 E0
G1 F X-47.53 Y24.46 Z15.22 U90.46 V-149.55 E0.034025
G1 F300 E-1.00 ;Filament Retraction!!
G1 F X-47.34 Y24.46 Z15.21 U90.48 V-149.45 E0.034025
G1 F X-47.16 Y24.45 Z15.2 U90.5 V-149.34 E0.034025
G1 F300 E1.1;Filament (De)-Retraction!!
G1 F X-46.97 Y24.45 Z15.19 U90.52 V-149.23 E0.034025
G1 F X-46.79 Y24.45 Z15.18 U90.54 V-149.12 E0.034025
G1 F X-46.6 Y24.45 Z15.17 U90.56 V-149 E0.034025
G1 F X-46.42 Y24.44 Z15.16 U90.58 V-148.88 E0.034025
G1 F X-46.24 Y24.44 Z15.15 U90.6 V-148.76 E0.034025
G1 F X-46.05 Y24.44 Z15.14 U90.62 V-148.63 E0.034025
G1 F X-45.87 Y24.44 Z15.13 U90.64 V-148.51 E0.034025
G1 F X-45.69 Y24.43 Z15.12 U90.66 V-148.37 E0.034025
G1 F X-45.51 Y24.43 Z15.11 U90.68 V-148.24 E0.034025
G1 F X-45.33 Y24.43 Z15.1 U90.7 V-148.1 E0.034025
G1 F X-45.15 Y24.43 Z15.09 U90.72 V-147.97 E0.034025
G1 F X-44.97 Y24.42 Z15.08 U90.74 V-147.82 E0.034025
G1 F X-44.79 Y24.42 Z15.07 U90.75 V-147.68 E0.034025
G1 F X-44.62 Y24.42 Z15.06 U90.77 V-147.53 E0.034025
G1 F X-44.44 Y24.41 Z15.06 U90.79 V-147.38 E0.034025
G1 F X-44.26 Y24.41 Z15.05 U90.82 V-147.23 E0.034025
G1 F X-44.09 Y24.41 Z15.04 U90.84 V-147.08 E0.034025
G1 F X-43.91 Y24.4 Z15.03 U90.86 V-146.92 E0.034025
G1 F X-43.74 Y24.4 Z15.03 U90.88 V-146.77 E0.034025
G1 F X-43.56 Y24.4 Z15.02 U90.9 V-146.61 E0.034025
G1 F X-43.39 Y24.39 Z15.01 U90.92 V-146.44 E0.034025
G1 F X-43.22 Y24.39 Z15 U90.94 V-146.28 E0.034025
G1 F X-43.04 Y24.39 Z15 U90.96 V-146.11 E0.034025
G1 F X-42.87 Y24.38 Z14.99 U90.98 V-145.95 E0.034025
G1 F X-42.7 Y24.38 Z14.98 U91 V-145.78 E0.034025
G1 F X-42.53 Y24.38 Z14.98 U91.02 V-145.61 E0.034025
G1 F X-42.36 Y24.37 Z14.97 U91.04 V-145.43 E0.034025
G1 F X-42.19 Y24.37 Z14.96 U91.06 V-145.26 E0.034025
G1 F X-42.02 Y24.37 Z14.96 U91.08 V-145.08 E0.034025
G1 F X-41.85 Y24.36 Z14.95 U91.1 V-144.9 E0.034025
G1 F X-41.68 Y24.36 Z14.95 U91.12 V-144.72 E0.034025
G1 F X-41.52 Y24.35 Z14.94 U91.14 V-144.54 E0.034025
G1 F X-41.35 Y24.35 Z14.94 U91.17 V-144.36 E0.034025
G1 F X-41.18 Y24.35 Z14.93 U91.19 V-144.17 E0.034025
G1 F X-41.02 Y24.34 Z14.92 U91.21 V-143.99 E0.034025
G1 F X-40.85 Y24.34 Z14.92 U91.23 V-143.8 E0.034025
G1 F X-40.69 Y24.33 Z14.91 U91.25 V-143.61 E0.034025
G1 F X-40.52 Y24.33 Z14.91 U91.28 V-143.42 E0.034025
G1 F X-40.36 Y24.32 Z14.9 U91.3 V-143.23 E0.034025
G1 F X-40.2 Y24.32 Z14.9 U91.32 V-143.04 E0.034025
G1 F X-40.03 Y24.31 Z14.89 U91.34 V-142.85 E0.034025
G1 F X-39.87 Y24.31 Z14.89 U91.37 V-142.65 E0.034025
G1 F X-39.71 Y24.31 Z14.88 U91.39 V-142.46 E0.034025
G1 F X-39.55 Y24.3 Z14.88 U91.41 V-142.26 E0.034025
G1 F X-39.39 Y24.3 Z14.88 U91.44 V-142.06 E0.034025
G1 F X-39.23 Y24.29 Z14.87 U91.46 V-141.86 E0.034025
G1 F X-39.07 Y24.29 Z14.87 U91.48 V-141.66 E0.034025
G1 F X-38.91 Y24.28 Z14.86 U91.51 V-141.46 E0.034025
G1 F X-38.75 Y24.28 Z14.86 U91.53 V-141.26 E0.034025
G1 F X-38.59 Y24.27 Z14.86 U91.56 V-141.06 E0.034025
G1 F X-38.43 Y24.27 Z14.85 U91.58 V-140.85 E0.034025
G1 F X-38.27 Y24.26 Z14.85 U91.61 V-140.65 E0.034025
G1 F X-38.12 Y24.25 Z14.84 U91.63 V-140.45 E0.034025
G1 F X-37.96 Y24.25 Z14.84 U91.66 V-140.24 E0.034025
G1 F X-37.8 Y24.24 Z14.84 U91.68 V-140.03 E0.034025
G1 F X-37.65 Y24.24 Z14.83 U91.71 V-139.83 E0.034025
G1 F X-37.49 Y24.23 Z14.83 U91.74 V-139.62 E0.034025
G1 F X-37.34 Y24.23 Z14.83 U91.76 V-139.41 E0.034025
G1 F X-37.18 Y24.22 Z14.82 U91.79 V-139.2 E0.034025
G1 F X-37.03 Y24.21 Z14.82 U91.82 V-138.99 E0.034025
G1 F X-36.88 Y24.21 Z14.82 U91.84 V-138.78 E0.034025
G1 F X-36.72 Y24.2 Z14.81 U91.87 V-138.56 E0.034025
G1 F X-36.57 Y24.2 Z14.81 U91.9 V-138.35 E0.034025
G1 F X-36.42 Y24.19 Z14.81 U91.92 V-138.14 E0.034025
G1 F X-36.26 Y24.19 Z14.81 U91.95 V-137.92 E0.034025
G1 F X-36.11 Y24.18 Z14.8 U91.98 V-137.71 E0.034025
G1 F X-35.96 Y24.17 Z14.8 U92 V-137.49 E0.034025
G1 F X-35.81 Y24.17 Z14.8 U92.03 V-137.27 E0.034025
G1 F X-35.66 Y24.16 Z14.8 U92.06 V-137.06 E0.034025
G1 F X-35.51 Y24.16 Z14.8 U92.08 V-136.84 E0.034025
G1 F X-35.36 Y24.15 Z14.8 U92.11 V-136.62 E0.034025
G1 F X-35.2 Y24.14 Z14.8 U92.13 V-136.4 E0.034025
G1 F X-35.05 Y24.14 Z14.79 U92.16 V-136.18 E0.034025
G1 F X-34.9 Y24.13 Z14.79 U92.19 V-135.96 E0.034025
G1 F X-34.75 Y24.13 Z14.79 U92.21 V-135.73 E0.034025
G1 F X-34.6 Y24.12 Z14.79 U92.24 V-135.51 E0.034025
G1 F X-34.46 Y24.11 Z14.79 U92.26 V-135.29 E0.034025
G1 F X-34.31 Y24.11 Z14.79 U92.29 V-135.07 E0.034025
G1 F X-34.16 Y24.1 Z14.79 U92.31 V-134.84 E0.034025
G1 F X-34.01 Y24.1 Z14.79 U92.34 V-134.62 E0.034025
G1 F X-33.86 Y24.09 Z14.8 U92.37 V-134.39 E0.034025
G1 F X-33.71 Y24.08 Z14.8 U92.39 V-134.17 E0.034025
G1 F X-33.56 Y24.08 Z14.8 U92.42 V-133.94 E0.034025
G1 F X-33.42 Y24.07 Z14.8 U92.44 V-133.71 E0.034025
G1 F X-33.27 Y24.07 Z14.8 U92.47 V-133.49 E0.034025
G1 F X-33.12 Y24.06 Z14.8 U92.49 V-133.26 E0.034025
G1 F X-32.97 Y24.05 Z14.8 U92.52 V-133.03 E0.034025
G1 F X-32.83 Y24.05 Z14.8 U92.54 V-132.8 E0.034025
G1 F X-32.68 Y24.04 Z14.8 U92.57 V-132.57 E0.034025
G1 F X-32.53 Y24.04 Z14.81 U92.59 V-132.34 E0.034025
G1 F X-32.39 Y24.03 Z14.81 U92.62 V-132.11 E0.034025
G1 F X-32.24 Y24.02 Z14.81 U92.65 V-131.88 E0.034025
G1 F X-32.09 Y24.02 Z14.81 U92.67 V-131.65 E0.034025
G1 F X-31.95 Y24.01 Z14.81 U92.7 V-131.42 E0.034025
G1 F X-31.8 Y24 Z14.82 U92.72 V-131.19 E0.034025
G1 F X-31.66 Y24 Z14.82 U92.75 V-130.96 E0.034025
G1 F X-31.51 Y23.99 Z14.82 U92.77 V-130.73 E0.034025
G1 F X-31.37 Y23.99 Z14.82 U92.8 V-130.49 E0.034025
G1 F X-31.22 Y23.98 Z14.83 U92.83 V-130.26 E0.034025
G1 F X-31.08 Y23.97 Z14.83 U92.85 V-130.03 E0.034025
G1 F X-30.93 Y23.97 Z14.83 U92.88 V-129.79 E0.034025
G1 F X-30.79 Y23.96 Z14.83 U92.91 V-129.56 E0.034025
G1 F X-30.64 Y23.96 Z14.84 U92.93 V-129.33 E0.034025
G1 F X-30.5 Y23.95 Z14.84 U92.96 V-129.09 E0.034025
G1 F X-30.35 Y23.94 Z14.84 U92.98 V-128.86 E0.034025
G1 F X-30.21 Y23.94 Z14.85 U93 V-128.62 E0.034025
G1 F X-30.06 Y23.93 Z14.85 U93.03 V-128.38 E0.034025
G1 F X-29.92 Y23.93 Z14.86 U93.05 V-128.14 E0.034025
G1 F X-29.77 Y23.92 Z14.86 U93.07 V-127.91 E0.034025
G1 F X-29.63 Y23.92 Z14.87 U93.09 V-127.67 E0.034025
G1 F X-29.48 Y23.91 Z14.87 U93.11 V-127.42 E0.034025
G1 F X-29.34 Y23.91 Z14.88 U93.13 V-127.18 E0.034025
G1 F X-29.19 Y23.9 Z14.88 U93.15 V-126.94 E0.034025
G1 F X-29.07 Y23.9 Z14.89 U93.16 V-126.74 E0.027421
G1 F X-29.03 Y23.95 Z14.89 U93 V-126.63 E0.006604
G1 F X-28.79 Y24.23 Z14.89 U92.15 V-126.03 E0.034025
G1 F X-28.55 Y24.5 Z14.89 U91.28 V-125.41 E0.034025
G1 F X-28.31 Y24.77 Z14.89 U90.39 V-124.77 E0.034025
G1 F X-28.08 Y25.04 Z14.88 U89.48 V-124.12 E0.034025
G1 F X-27.84 Y25.31 Z14.87 U88.56 V-123.45 E0.034025
G1 F X-27.62 Y25.58 Z14.85 U87.63 V-122.78 E0.034025
G1 F X-27.39 Y25.85 Z14.82 U86.66 V-122.09 E0.035681
G1 F X-27.54 Y25.85 Z14.83 U86.66 V-122.34 E0.032369
G1 F X-27.69 Y25.85 Z14.84 U86.67 V-122.6 E0.034025
G1 F X-27.84 Y25.84 Z14.85 U86.68 V-122.87 E0.034025
G1 F X-28 Y25.84 Z14.85 U86.69 V-123.14 E0.034025
G1 F X-28.15 Y25.84 Z14.86 U86.7 V-123.4 E0.034025
G1 F X-28.3 Y25.84 Z14.87 U86.72 V-123.67 E0.034025
G1 F X-28.46 Y25.83 Z14.88 U86.73 V-123.94 E0.034025
G1 F X-28.61 Y25.83 Z14.88 U86.75 V-124.21 E0.034025
G1 F X-28.77 Y25.83 Z14.89 U86.76 V-124.48 E0.034025
G1 F X-28.92 Y25.82 Z14.9 U86.78 V-124.75 E0.034025
G1 F X-29.08 Y25.82 Z14.9 U86.8 V-125.03 E0.034025
G1 F X-29.23 Y25.82 Z14.91 U86.81 V-125.3 E0.034025
G1 F X-29.39 Y25.81 Z14.92 U86.83 V-125.57 E0.034025
G1 F X-29.55 Y25.81 Z14.92 U86.85 V-125.84 E0.034025
G1 F X-29.7 Y25.8 Z14.93 U86.87 V-126.12 E0.034025
G1 F X-29.86 Y25.8 Z14.93 U86.89 V-126.39 E0.034025
G1 F X-30.02 Y25.8 Z14.94 U86.92 V-126.66 E0.034025
G1 F X-30.17 Y25.79 Z14.94 U86.94 V-126.94 E0.034025
G1 F X-30.33 Y25.79 Z14.95 U86.96 V-127.21 E0.034025
G1 F X-30.49 Y25.78 Z14.95 U86.98 V-127.49 E0.034025
G1 F X-30.65 Y25.78 Z14.96 U87.01 V-127.76 E0.034025
G1 F X-30.81 Y25.77 Z14.96 U87.03 V-128.03 E0.034025
G1 F X-30.97 Y25.77 Z14.97 U87.05 V-128.31 E0.034025
G1 F X-31.12 Y25.76 Z14.97 U87.08 V-128.58 E0.034025
G1 F X-31.28 Y25.76 Z14.98 U87.1 V-128.85 E0.034025
G1 F X-31.44 Y25.75 Z14.98 U87.12 V-129.12 E0.034025
G1 F X-31.6 Y25.75 Z14.98 U87.15 V-129.4 E0.034025
G1 F X-31.76 Y25.74 Z14.99 U87.17 V-129.67 E0.034025
G1 F X-31.92 Y25.74 Z14.99 U87.19 V-129.94 E0.034025
G1 F X-32.08 Y25.73 Z15 U87.22 V-130.21 E0.034025
G1 F X-32.24 Y25.73 Z15 U87.24 V-130.48 E0.034025
G1 F X-32.4 Y25.72 Z15 U87.27 V-130.75 E0.034025
G1 F X-32.56 Y25.72 Z15 U87.29 V-131.02 E0.034025
G1 F X-32.73 Y25.71 Z15.01 U87.32 V-131.3 E0.034025
G1 F X-32.89 Y25.7 Z15.01 U87.35 V-131.57 E0.034025
G1 F X-33.05 Y25.7 Z15.01 U87.38 V-131.84 E0.034025
G1 F X-33.21 Y25.69 Z15.01 U87.41 V-132.11 E0.034025
G1 F X-33.38 Y25.69 Z15.01 U87.44 V-132.38 E0.034025
G1 F X-33.54 Y25.68 Z15.01 U87.47 V-132.65 E0.034025
G1 F X-33.7 Y25.67 Z15.01 U87.5 V-132.92 E0.034025
G1 F X-33.87 Y25.67 Z15.01 U87.53 V-133.19 E0.034025
G1 F X-34.03 Y25.66 Z15.01 U87.56 V-133.46 E0.034025
G1 F X-34.2 Y25.65 Z15.01 U87.59 V-133.73 E0.034025
G1 F X-34.36 Y25.65 Z15.01 U87.62 V-134 E0.034025
G1 F X-34.53 Y25.64 Z15.01 U87.66 V-134.27 E0.034025
G1 F X-34.69 Y25.63 Z15.01 U87.69 V-134.54 E0.034025
G1 F X-34.86 Y25.63 Z15.01 U87.72 V-134.8 E0.034025
G1 F X-35.03 Y25.62 Z15.01 U87.75 V-135.07 E0.034025
G1 F X-35.19 Y25.62 Z15.01 U87.79 V-135.33 E0.034025
G1 F X-35.36 Y25.61 Z15 U87.82 V-135.6 E0.034025
G1 F X-35.53 Y25.6 Z15 U87.85 V-135.86 E0.034025
G1 F X-35.7 Y25.6 Z15 U87.88 V-136.12 E0.034025
G1 F X-35.86 Y25.59 Z15 U87.91 V-136.38 E0.034025
G1 F X-36.03 Y25.58 Z14.99 U87.95 V-136.64 E0.034025
G1 F X-36.2 Y25.58 Z14.99 U87.98 V-136.9 E0.034025
G1 F X-36.37 Y25.57 Z14.99 U88.01 V-137.16 E0.034025
G1 F X-36.54 Y25.56 Z14.99 U88.04 V-137.42 E0.034025
G1 F X-36.71 Y25.56 Z14.98 U88.07 V-137.67 E0.034025
G1 F X-36.88 Y25.55 Z14.98 U88.1 V-137.93 E0.034025
G1 F X-37.05 Y25.55 Z14.98 U88.13 V-138.18 E0.034025
G1 F X-37.22 Y25.54 Z14.97 U88.16 V-138.43 E0.034025
G1 F X-37.39 Y25.53 Z14.97 U88.19 V-138.68 E0.034025
G1 F X-37.56 Y25.53 Z14.97 U88.22 V-138.93 E0.034025
G1 F X-37.73 Y25.52 Z14.96 U88.24 V-139.18 E0.034025
G1 F X-37.9 Y25.52 Z14.96 U88.27 V-139.42 E0.034025
G1 F X-38.07 Y25.51 Z14.96 U88.3 V-139.66 E0.034025
G1 F X-38.25 Y25.51 Z14.95 U88.32 V-139.91 E0.034025
G1 F X-38.42 Y25.5 Z14.95 U88.35 V-140.15 E0.034025
G1 F X-38.59 Y25.5 Z14.94 U88.38 V-140.39 E0.034025
G1 F X-38.77 Y25.49 Z14.94 U88.41 V-140.63 E0.034025
G1 F X-38.94 Y25.49 Z14.94 U88.43 V-140.86 E0.034025
G1 F X-39.11 Y25.48 Z14.93 U88.46 V-141.1 E0.034025
G1 F X-39.29 Y25.48 Z14.93 U88.49 V-141.33 E0.034025
G1 F X-39.46 Y25.47 Z14.92 U88.51 V-141.57 E0.034025
G1 F X-39.64 Y25.47 Z14.92 U88.54 V-141.8 E0.034025
G1 F X-39.81 Y25.46 Z14.91 U88.57 V-142.03 E0.034025
G1 F X-39.99 Y25.46 Z14.9 U88.59 V-142.25 E0.034025
G1 F X-40.17 Y25.45 Z14.9 U88.62 V-142.48 E0.034025
G1 F X-40.34 Y25.45 Z14.89 U88.65 V-142.7 E0.034025
G1 F X-40.52 Y25.44 Z14.89 U88.67 V-142.93 E0.034025
G1 F X-40.7 Y25.44 Z14.88 U88.7 V-143.15 E0.034025
G1 F X-40.88 Y25.43 Z14.88 U88.72 V-143.36 E0.034025
G1 F X-41.06 Y25.43 Z14.87 U88.75 V-143.58 E0.034025
G1 F X-41.24 Y25.42 Z14.86 U88.77 V-143.79 E0.034025
G1 F X-41.42 Y25.42 Z14.86 U88.8 V-144.01 E0.034025
G1 F X-41.6 Y25.42 Z14.85 U88.82 V-144.22 E0.034025
G1 F X-41.78 Y25.41 Z14.84 U88.85 V-144.43 E0.034025
G1 F X-41.96 Y25.41 Z14.83 U88.87 V-144.63 E0.034025
G1 F X-42.14 Y25.4 Z14.83 U88.9 V-144.84 E0.034025
G1 F X-42.32 Y25.4 Z14.82 U88.92 V-145.04 E0.034025
G1 F X-42.51 Y25.4 Z14.81 U88.95 V-145.24 E0.034025
G1 F X-42.69 Y25.39 Z14.8 U88.97 V-145.43 E0.034025
G1 F X-42.87 Y25.39 Z14.8 U88.99 V-145.63 E0.034025
G1 F X-43.06 Y25.38 Z14.79 U89.02 V-145.82 E0.034025
G1 F X-43.24 Y25.38 Z14.78 U89.04 V-146.01 E0.034025
G1 F X-43.43 Y25.38 Z14.77 U89.06 V-146.2 E0.034025
G1 F X-43.61 Y25.37 Z14.76 U89.09 V-146.38 E0.034025
G1 F X-43.8 Y25.37 Z14.76 U89.11 V-146.56 E0.034025
G1 F X-43.99 Y25.37 Z14.75 U89.13 V-146.74 E0.034025
G1 F X-44.17 Y25.36 Z14.74 U89.15 V-146.92 E0.034025
G1 F X-44.36 Y25.36 Z14.73 U89.18 V-147.09 E0.034025
G1 F X-44.55 Y25.36 Z14.72 U89.2 V-147.26 E0.034025
G1 F X-44.74 Y25.35 Z14.71 U89.22 V-147.43 E0.034025
G1 F X-44.93 Y25.35 Z14.7 U89.24 V-147.59 E0.034025
G1 F X-45.12 Y25.35 Z14.69 U89.26 V-147.75 E0.034025
G1 F X-45.31 Y25.34 Z14.68 U89.28 V-147.91 E0.034025
G1 F X-45.5 Y25.34 Z14.68 U89.3 V-148.06 E0.034025
G1 F X-45.69 Y25.34 Z14.67 U89.32 V-148.22 E0.034025
G1 F X-45.88 Y25.34 Z14.66 U89.35 V-148.36 E0.034025
G1 F X-46.08 Y25.33 Z14.65 U89.37 V-148.51 E0.034025
G1 F X-46.27 Y25.33 Z14.64 U89.39 V-148.65 E0.034025
G1 F X-46.46 Y25.33 Z14.63 U89.41 V-148.79 E0.034025
G1 F X-46.66 Y25.33 Z14.62 U89.43 V-148.92 E0.034025
G1 F X-46.85 Y25.33 Z14.61 U89.45 V-149.05 E0.034025
G1 F X-47.05 Y25.32 Z14.59 U89.47 V-149.18 E0.034025
G1 F X-47.25 Y25.32 Z14.58 U89.49 V-149.3 E0.034025
G1 F X-47.44 Y25.32 Z14.57 U89.51 V-149.42 E0.034025
G1 F X-47.64 Y25.32 Z14.56 U89.53 V-149.53 E0.034025
G1 F X-47.67 Y25.32 Z14.56 U89.53 V-149.55 E0.005516
G1 F X-47.7 Y25.23 Z14.63 U89.63 V-149.58 E0.028509
G1 F X-47.73 Y25.12 Z14.71 U89.75 V-149.6 E0.034025
G1 F X-47.76 Y25.01 Z14.79 U89.87 V-149.63 E0.034025
G1 F X-47.79 Y24.9 Z14.88 U89.99 V-149.66 E0.034025
G1 F X-47.82 Y24.79 Z14.97 U90.1 V-149.68 E0.034025
G1 F X-47.85 Y24.68 Z15.06 U90.21 V-149.71 E0.034025
G1 F X-47.88 Y24.57 Z15.15 U90.32 V-149.73 E0.034025
G1 F X-47.9 Y24.46 Z15.24 U90.42 V-149.75 E0.034025
G1 F X-47.83 Y41.63 Z25.51 U90.42 V-149.75 E0
G1 F X-47.15 Y22.98 Z14 U90.22 V-269.31 E0
G1 F X-47.19 Y5.82 Z3.73 U90.22 V-269.31 E0
G1 F X-46.99 Y5.82 Z3.72 U90.23 V-269.19 E0.034106
G1 F300 E-1.00 ;Filament Retraction!!
G1 F X-46.79 Y5.82 Z3.72 U90.24 V-269.06 E0.034106
G1 F X-46.59 Y5.82 Z3.71 U90.24 V-268.93 E0.034106
G1 F300 E1.1;Filament (De)-Retraction!!
G1 F X-46.39 Y5.82 Z3.71 U90.25 V-268.8 E0.034106
G1 F X-46.19 Y5.82 Z3.7 U90.26 V-268.66 E0.034106
G1 F X-45.99 Y5.82 Z3.69 U90.27 V-268.52 E0.034106
G1 F X-45.79 Y5.82 Z3.69 U90.27 V-268.37 E0.034106
G1 F X-45.59 Y5.82 Z3.68 U90.28 V-268.22 E0.034106
G1 F X-45.39 Y5.82 Z3.68 U90.29 V-268.07 E0.034106
G1 F X-45.2 Y5.82 Z3.67 U90.3 V-267.91 E0.034106
G1 F X-45 Y5.82 Z3.67 U90.3 V-267.75 E0.034106
G1 F X-44.8 Y5.82 Z3.66 U90.31 V-267.58 E0.034106
G1 F X-44.6 Y5.82 Z3.66 U90.32 V-267.41 E0.034106
G1 F X-44.4 Y5.82 Z3.66 U90.33 V-267.24 E0.034106
G1 F X-44.2 Y5.82 Z3.65 U90.33 V-267.06 E0.034106
G1 F X-44 Y5.82 Z3.65 U90.34 V-266.88 E0.034106
G1 F X-43.81 Y5.82 Z3.64 U90.35 V-266.7 E0.034106
G1 F X-43.61 Y5.82 Z3.64 U90.35 V-266.51 E0.034106
G1 F X-43.41 Y5.82 Z3.64 U90.36 V-266.32 E0.034106
G1 F X-43.21 Y5.82 Z3.63 U90.36 V-266.13 E0.034106
G1 F X-43.01 Y5.82 Z3.63 U90.37 V-265.93 E0.034106
G1 F X-42.81 Y5.82 Z3.63 U90.38 V-265.73 E0.034106
G1 F X-42.62 Y5.82 Z3.62 U90.38 V-265.52 E0.034106
G1 F X-42.42 Y5.82 Z3.62 U90.39 V-265.32 E0.034106
G1 F X-42.22 Y5.82 Z3.62 U90.39 V-265.11 E0.034106
G1 F X-42.02 Y5.82 Z3.62 U90.4 V-264.89 E0.034106
G1 F X-41.82 Y5.82 Z3.61 U90.4 V-264.68 E0.034106
G1 F X-41.63 Y5.82 Z3.61 U90.41 V-264.46 E0.034106
G1 F X-41.43 Y5.82 Z3.61 U90.41 V-264.23 E0.034106
G1 F X-41.23 Y5.82 Z3.61 U90.42 V-264.01 E0.034106
G1 F X-41.03 Y5.82 Z3.6 U90.42 V-263.78 E0.034106
G1 F X-40.83 Y5.82 Z3.6 U90.43 V-263.55 E0.034106
G1 F X-40.64 Y5.82 Z3.6 U90.43 V-263.31 E0.034106
G1 F X-40.44 Y5.82 Z3.6 U90.44 V-263.08 E0.034106
G1 F X-40.24 Y5.82 Z3.59 U90.44 V-262.84 E0.034106
G1 F X-40.04 Y5.82 Z3.59 U90.45 V-262.6 E0.034106
G1 F X-39.85 Y5.82 Z3.59 U90.45 V-262.35 E0.034106
G1 F X-39.65 Y5.82 Z3.59 U90.46 V-262.1 E0.034106
G1 F X-39.45 Y5.82 Z3.59 U90.46 V-261.85 E0.034106
G1 F X-39.25 Y5.82 Z3.59 U90.47 V-261.6 E0.034106
G1 F X-39.06 Y5.82 Z3.58 U90.47 V-261.34 E0.034106
G1 F X-38.86 Y5.82 Z3.58 U90.48 V-261.08 E0.034106
G1 F X-38.66 Y5.82 Z3.58 U90.48 V-260.82 E0.034106
G1 F X-38.46 Y5.82 Z3.58 U90.49 V-260.56 E0.034106
G1 F X-38.27 Y5.82 Z3.58 U90.49 V-260.3 E0.034106
G1 F X-38.07 Y5.82 Z3.58 U90.5 V-260.03 E0.034106
G1 F X-37.87 Y5.82 Z3.57 U90.5 V-259.76 E0.034107
G1 F X-37.68 Y5.82 Z3.57 U90.51 V-259.49 E0.034106
G1 F X-37.48 Y5.82 Z3.57 U90.51 V-259.21 E0.034106
G1 F X-37.28 Y5.82 Z3.57 U90.52 V-258.94 E0.034106
G1 F X-37.08 Y5.82 Z3.57 U90.52 V-258.66 E0.034106
G1 F X-36.89 Y5.82 Z3.57 U90.53 V-258.38 E0.034106
G1 F X-36.69 Y5.82 Z3.57 U90.53 V-258.09 E0.034106
G1 F X-36.49 Y5.82 Z3.57 U90.53 V-257.81 E0.034106
G1 F X-36.3 Y5.82 Z3.57 U90.54 V-257.52 E0.034106
G1 F X-36.1 Y5.82 Z3.56 U90.54 V-257.23 E0.034106
G1 F X-35.9 Y5.82 Z3.56 U90.54 V-256.94 E0.034106
G1 F X-35.71 Y5.82 Z3.56 U90.55 V-256.65 E0.034106
G1 F X-35.51 Y5.82 Z3.56 U90.55 V-256.35 E0.034106
G1 F X-35.31 Y5.82 Z3.57 U90.55 V-256.06 E0.034106
G1 F X-35.12 Y5.82 Z3.57 U90.55 V-255.76 E0.034106
G1 F X-34.92 Y5.82 Z3.57 U90.55 V-255.46 E0.034106
G1 F X-34.72 Y5.82 Z3.57 U90.56 V-255.16 E0.034106
G1 F X-34.53 Y5.82 Z3.57 U90.56 V-254.86 E0.034106
G1 F X-34.33 Y5.82 Z3.57 U90.56 V-254.55 E0.034106
G1 F X-34.13 Y5.82 Z3.57 U90.56 V-254.24 E0.034106
G1 F X-33.94 Y5.82 Z3.57 U90.56 V-253.94 E0.034106
G1 F X-33.74 Y5.82 Z3.57 U90.57 V-253.63 E0.034106
G1 F X-33.54 Y5.82 Z3.57 U90.57 V-253.32 E0.034106
G1 F X-33.35 Y5.82 Z3.57 U90.57 V-253.01 E0.034106
G1 F X-33.15 Y5.82 Z3.57 U90.57 V-252.69 E0.034106
G1 F X-32.96 Y5.82 Z3.57 U90.57 V-252.38 E0.034106
G1 F X-32.76 Y5.82 Z3.57 U90.58 V-252.06 E0.034106
G1 F X-32.56 Y5.82 Z3.57 U90.58 V-251.75 E0.034106
G1 F X-32.37 Y5.82 Z3.57 U90.58 V-251.43 E0.034106
G1 F X-32.17 Y5.82 Z3.58 U90.58 V-251.11 E0.034106
G1 F X-31.98 Y5.82 Z3.58 U90.59 V-250.79 E0.034106
G1 F X-31.78 Y5.82 Z3.58 U90.59 V-250.47 E0.034106
G1 F X-31.58 Y5.82 Z3.58 U90.59 V-250.14 E0.034106
G1 F X-31.39 Y5.82 Z3.58 U90.6 V-249.82 E0.034106
G1 F X-31.19 Y5.82 Z3.58 U90.6 V-249.5 E0.034106
G1 F X-31 Y5.82 Z3.58 U90.6 V-249.17 E0.034106
G1 F X-30.8 Y5.82 Z3.58 U90.61 V-248.84 E0.034106
G1 F X-30.6 Y5.82 Z3.58 U90.61 V-248.52 E0.034106
G1 F X-30.41 Y5.82 Z3.58 U90.61 V-248.19 E0.034106
G1 F X-30.21 Y5.82 Z3.58 U90.61 V-247.86 E0.034106
G1 F X-30.02 Y5.82 Z3.58 U90.62 V-247.53 E0.034106
G1 F X-29.82 Y5.82 Z3.58 U90.62 V-247.2 E0.034106
G1 F X-29.62 Y5.82 Z3.58 U90.62 V-246.87 E0.034106
G1 F X-29.43 Y5.82 Z3.59 U90.62 V-246.53 E0.034106
G1 F X-29.23 Y5.82 Z3.59 U90.62 V-246.2 E0.034106
G1 F X-29.04 Y5.82 Z3.59 U90.62 V-245.87 E0.034106
G1 F X-28.84 Y5.82 Z3.59 U90.62 V-245.54 E0.034106
G1 F X-28.67 Y5.82 Z3.59 U90.62 V-245.24 E0.029643
G1 F X-28.67 Y5.84 Z3.59 U90.57 V-245.24 E0.004464
G1 F X-28.64 Y5.94 Z3.59 U90.23 V-245.22 E0.034106
G1 F X-28.62 Y6.04 Z3.59 U89.88 V-245.2 E0.034106
G1 F X-28.6 Y6.15 Z3.59 U89.54 V-245.18 E0.034106
G1 F X-28.59 Y6.19 Z3.59 U89.39 V-245.17 E0.01471
G1 F X-28.7 Y6.19 Z3.59 U89.39 V-245.36 E0.019396
G1 F X-28.9 Y6.19 Z3.59 U89.39 V-245.7 E0.034106
G1 F X-29.1 Y6.19 Z3.59 U89.39 V-246.03 E0.034106
G1 F X-29.29 Y6.19 Z3.59 U89.39 V-246.36 E0.034106
G1 F X-29.49 Y6.19 Z3.6 U89.39 V-246.69 E0.034106
G1 F X-29.68 Y6.19 Z3.6 U89.4 V-247.03 E0.034106
G1 F X-29.88 Y6.19 Z3.6 U89.4 V-247.36 E0.034106
G1 F X-30.08 Y6.19 Z3.6 U89.4 V-247.69 E0.034106
G1 F X-30.27 Y6.19 Z3.6 U89.4 V-248.02 E0.034106
G1 F X-30.47 Y6.19 Z3.6 U89.4 V-248.35 E0.034106
G1 F X-30.66 Y6.19 Z3.6 U89.4 V-248.67 E0.034106
G1 F X-30.86 Y6.19 Z3.6 U89.4 V-249 E0.034106
G1 F X-31.06 Y6.19 Z3.61 U89.4 V-249.33 E0.034106
G1 F X-31.25 Y6.19 Z3.61 U89.4 V-249.65 E0.034106
G1 F X-31.45 Y6.19 Z3.61 U89.4 V-249.98 E0.034106
G1 F X-31.65 Y6.19 Z3.61 U89.4 V-250.3 E0.034106
G1 F X-31.84 Y6.19 Z3.61 U89.4 V-250.62 E0.034106
G1 F X-32.04 Y6.19 Z3.62 U89.4 V-250.94 E0.034106
G1 F X-32.23 Y6.19 Z3.62 U89.41 V-251.26 E0.034106
G1 F X-32.43 Y6.19 Z3.62 U89.41 V-251.58 E0.034106
G1 F X-32.63 Y6.19 Z3.62 U89.41 V-251.9 E0.034106
G1 F X-32.82 Y6.19 Z3.62 U89.41 V-252.22 E0.034106
G1 F X-33.02 Y6.19 Z3.62 U89.41 V-252.53 E0.034106
G1 F X-33.22 Y6.19 Z3.62 U89.42 V-252.85 E0.034106
G1 F X-33.41 Y6.19 Z3.62 U89.42 V-253.16 E0.034106
G1 F X-33.61 Y6.19 Z3.62 U89.42 V-253.47 E0.034106
G1 F X-33.81 Y6.19 Z3.62 U89.43 V-253.78 E0.034106
G1 F X-34 Y6.19 Z3.62 U89.43 V-254.09 E0.034106
G1 F X-34.2 Y6.19 Z3.62 U89.43 V-254.4 E0.034106
G1 F X-34.4 Y6.19 Z3.62 U89.44 V-254.7 E0.034106
G1 F X-34.59 Y6.19 Z3.62 U89.44 V-255.01 E0.034106
G1 F X-34.79 Y6.19 Z3.62 U89.44 V-255.31 E0.034106
G1 F X-34.99 Y6.19 Z3.62 U89.45 V-255.61 E0.034106
G1 F X-35.18 Y6.19 Z3.62 U89.45 V-255.91 E0.034106
G1 F X-35.38 Y6.19 Z3.62 U89.46 V-256.21 E0.034106
G1 F X-35.58 Y6.19 Z3.62 U89.46 V-256.5 E0.034106
G1 F X-35.78 Y6.19 Z3.62 U89.46 V-256.8 E0.034106
G1 F X-35.97 Y6.19 Z3.62 U89.47 V-257.09 E0.034106
G1 F X-36.17 Y6.19 Z3.61 U89.47 V-257.38 E0.034106
G1 F X-36.37 Y6.19 Z3.61 U89.48 V-257.67 E0.034106
G1 F X-36.56 Y6.19 Z3.61 U89.48 V-257.95 E0.034106
G1 F X-36.76 Y6.19 Z3.61 U89.48 V-258.24 E0.034106
G1 F X-36.96 Y6.19 Z3.61 U89.49 V-258.52 E0.034106
G1 F X-37.16 Y6.19 Z3.61 U89.49 V-258.8 E0.034106
G1 F X-37.35 Y6.19 Z3.61 U89.49 V-259.08 E0.034106
G1 F X-37.55 Y6.19 Z3.61 U89.5 V-259.35 E0.034106
G1 F X-37.75 Y6.19 Z3.61 U89.5 V-259.63 E0.034106
G1 F X-37.95 Y6.19 Z3.61 U89.5 V-259.9 E0.034106
G1 F X-38.14 Y6.19 Z3.61 U89.51 V-260.17 E0.034106
G1 F X-38.34 Y6.19 Z3.61 U89.51 V-260.43 E0.034106
G1 F X-38.54 Y6.19 Z3.61 U89.51 V-260.7 E0.034106
G1 F X-38.74 Y6.19 Z3.61 U89.52 V-260.96 E0.034106
G1 F X-38.94 Y6.19 Z3.61 U89.52 V-261.22 E0.034106
G1 F X-39.13 Y6.19 Z3.6 U89.53 V-261.48 E0.034106
G1 F X-39.33 Y6.19 Z3.6 U89.53 V-261.73 E0.034106
G1 F X-39.53 Y6.19 Z3.6 U89.54 V-261.98 E0.034106
G1 F X-39.73 Y6.19 Z3.6 U89.54 V-262.23 E0.034106
G1 F X-39.93 Y6.2 Z3.6 U89.55 V-262.48 E0.034106
G1 F X-40.12 Y6.2 Z3.59 U89.55 V-262.72 E0.034106
G1 F X-40.32 Y6.2 Z3.59 U89.56 V-262.97 E0.034106
G1 F X-40.52 Y6.2 Z3.59 U89.56 V-263.2 E0.034106
G1 F X-40.72 Y6.2 Z3.59 U89.57 V-263.44 E0.034106
G1 F X-40.92 Y6.2 Z3.59 U89.57 V-263.67 E0.034106
G1 F X-41.12 Y6.2 Z3.58 U89.58 V-263.9 E0.034106
G1 F X-41.31 Y6.2 Z3.58 U89.58 V-264.13 E0.034106
G1 F X-41.51 Y6.2 Z3.58 U89.59 V-264.36 E0.034106
G1 F X-41.71 Y6.2 Z3.57 U89.59 V-264.58 E0.034106
G1 F X-41.91 Y6.2 Z3.57 U89.6 V-264.8 E0.034106
G1 F X-42.11 Y6.2 Z3.57 U89.61 V-265.01 E0.034106
G1 F X-42.31 Y6.2 Z3.56 U89.61 V-265.22 E0.034106
G1 F X-42.51 Y6.2 Z3.56 U89.62 V-265.43 E0.034106
G1 F X-42.7 Y6.2 Z3.56 U89.62 V-265.64 E0.034106
G1 F X-42.9 Y6.2 Z3.55 U89.63 V-265.84 E0.034106
G1 F X-43.1 Y6.2 Z3.55 U89.64 V-266.04 E0.034106
G1 F X-43.3 Y6.2 Z3.55 U89.64 V-266.24 E0.034106
G1 F X-43.5 Y6.2 Z3.54 U89.65 V-266.43 E0.034106
G1 F X-43.7 Y6.2 Z3.54 U89.66 V-266.62 E0.034106
G1 F X-43.9 Y6.2 Z3.54 U89.66 V-266.8 E0.034106
G1 F X-44.1 Y6.2 Z3.53 U89.67 V-266.98 E0.034106
G1 F X-44.3 Y6.2 Z3.53 U89.68 V-267.16 E0.034106
G1 F X-44.5 Y6.2 Z3.52 U89.68 V-267.34 E0.034106
G1 F X-44.7 Y6.2 Z3.52 U89.69 V-267.51 E0.034106
G1 F X-44.9 Y6.2 Z3.52 U89.7 V-267.68 E0.034106
G1 F X-45.1 Y6.2 Z3.51 U89.7 V-267.84 E0.034106
G1 F X-45.3 Y6.2 Z3.51 U89.71 V-268 E0.034106
G1 F X-45.49 Y6.2 Z3.5 U89.72 V-268.16 E0.034106
G1 F X-45.69 Y6.2 Z3.5 U89.72 V-268.31 E0.034106
G1 F X-45.89 Y6.2 Z3.49 U89.73 V-268.46 E0.034106
G1 F X-46.09 Y6.2 Z3.49 U89.74 V-268.6 E0.034106
G1 F X-46.29 Y6.2 Z3.48 U89.74 V-268.74 E0.034106
G1 F X-46.49 Y6.2 Z3.48 U89.75 V-268.88 E0.034106
G1 F X-46.69 Y6.2 Z3.47 U89.76 V-269.01 E0.034106
G1 F X-46.89 Y6.2 Z3.47 U89.76 V-269.14 E0.034106
G1 F X-47.09 Y6.2 Z3.46 U89.77 V-269.26 E0.034106
G1 F X-47.29 Y6.2 Z3.46 U89.78 V-269.38 E0.034107
G1 F X-47.36 Y6.2 Z3.46 U89.78 V-269.42 E0.010852
G1 F X-47.36 Y6.13 Z3.51 U89.86 V-269.42 E0.023254
G1 F X-47.37 Y6.02 Z3.58 U89.98 V-269.42 E0.034106
G1 F X-47.38 Y5.92 Z3.66 U90.09 V-269.43 E0.034106
G1 F X-47.38 Y5.82 Z3.74 U90.21 V-269.43 E0.034106
G1 F X-47.38 Y5.99 Z3.84 U90.21 V-269.43 E0
G1 F X-47.62 Y5.77 Z4.01 U90.44 V-269.56 E0
G1 F X-47.62 Y5.6 Z3.91 U90.44 V-269.56 E0
G1 F X-47.42 Y5.6 Z3.9 U90.45 V-269.45 E0.034109
G1 F300 E-1.00 ;Filament Retraction!!
G1 F X-47.22 Y5.6 Z3.88 U90.47 V-269.33 E0.034109
G1 F X-47.03 Y5.6 Z3.87 U90.49 V-269.21 E0.034109
G1 F300 E1.1;Filament (De)-Retraction!!
G1 F X-46.83 Y5.6 Z3.86 U90.5 V-269.08 E0.034109
G1 F X-46.63 Y5.6 Z3.85 U90.52 V-268.95 E0.034109
G1 F X-46.43 Y5.6 Z3.84 U90.54 V-268.82 E0.034109
G1 F X-46.23 Y5.6 Z3.82 U90.55 V-268.68 E0.034109
G1 F X-46.03 Y5.6 Z3.81 U90.57 V-268.54 E0.034109
G1 F X-45.84 Y5.6 Z3.8 U90.59 V-268.39 E0.034109
G1 F X-45.64 Y5.6 Z3.79 U90.6 V-268.24 E0.034109
G1 F X-45.44 Y5.6 Z3.78 U90.62 V-268.09 E0.034109
G1 F X-45.24 Y5.6 Z3.77 U90.64 V-267.93 E0.034109
G1 F X-45.04 Y5.6 Z3.76 U90.65 V-267.77 E0.034109
G1 F X-44.85 Y5.6 Z3.75 U90.67 V-267.61 E0.034109
G1 F X-44.65 Y5.6 Z3.74 U90.68 V-267.44 E0.034109
G1 F X-44.45 Y5.6 Z3.73 U90.7 V-267.27 E0.034109
G1 F X-44.25 Y5.6 Z3.72 U90.71 V-267.09 E0.034109
G1 F X-44.05 Y5.6 Z3.72 U90.72 V-266.91 E0.034109
G1 F X-43.86 Y5.6 Z3.71 U90.74 V-266.73 E0.034109
G1 F X-43.66 Y5.6 Z3.7 U90.75 V-266.54 E0.034109
G1 F X-43.46 Y5.6 Z3.69 U90.77 V-266.35 E0.034109
G1 F X-43.26 Y5.6 Z3.68 U90.78 V-266.16 E0.034109
G1 F X-43.06 Y5.6 Z3.68 U90.79 V-265.97 E0.034109
G1 F X-42.87 Y5.6 Z3.67 U90.81 V-265.77 E0.034109
G1 F X-42.67 Y5.6 Z3.66 U90.82 V-265.56 E0.034109
G1 F X-42.47 Y5.6 Z3.66 U90.83 V-265.36 E0.034109
G1 F X-42.27 Y5.6 Z3.65 U90.85 V-265.15 E0.034109
G1 F X-42.08 Y5.6 Z3.64 U90.86 V-264.93 E0.034109
G1 F X-41.88 Y5.6 Z3.64 U90.87 V-264.72 E0.034109
G1 F X-41.68 Y5.6 Z3.63 U90.88 V-264.5 E0.034109
G1 F X-41.48 Y5.6 Z3.63 U90.89 V-264.28 E0.034109
G1 F X-41.29 Y5.6 Z3.62 U90.91 V-264.05 E0.034109
G1 F X-41.09 Y5.6 Z3.62 U90.92 V-263.82 E0.034109
G1 F X-40.89 Y5.6 Z3.61 U90.93 V-263.59 E0.034109
G1 F X-40.69 Y5.6 Z3.61 U90.94 V-263.36 E0.034109
G1 F X-40.5 Y5.6 Z3.6 U90.95 V-263.12 E0.034109
G1 F X-40.3 Y5.6 Z3.6 U90.96 V-262.89 E0.034109
G1 F X-40.1 Y5.6 Z3.59 U90.97 V-262.64 E0.034109
G1 F X-39.9 Y5.6 Z3.59 U90.98 V-262.4 E0.034109
G1 F X-39.71 Y5.6 Z3.58 U91 V-262.15 E0.034109
G1 F X-39.51 Y5.6 Z3.58 U91.01 V-261.9 E0.034109
G1 F X-39.31 Y5.6 Z3.58 U91.02 V-261.65 E0.034109
G1 F X-39.12 Y5.6 Z3.57 U91.03 V-261.4 E0.034109
G1 F X-38.92 Y5.6 Z3.57 U91.04 V-261.14 E0.034109
G1 F X-38.72 Y5.6 Z3.57 U91.05 V-260.88 E0.034109
G1 F X-38.53 Y5.6 Z3.56 U91.06 V-260.62 E0.034109
G1 F X-38.33 Y5.6 Z3.56 U91.07 V-260.35 E0.034109
G1 F X-38.13 Y5.6 Z3.56 U91.08 V-260.08 E0.034109
G1 F X-37.94 Y5.6 Z3.55 U91.09 V-259.82 E0.034109
G1 F X-37.74 Y5.6 Z3.55 U91.1 V-259.54 E0.034109
G1 F X-37.54 Y5.6 Z3.55 U91.11 V-259.27 E0.034109
G1 F X-37.35 Y5.6 Z3.54 U91.12 V-258.99 E0.034109
G1 F X-37.15 Y5.6 Z3.54 U91.13 V-258.72 E0.034109
G1 F X-36.95 Y5.6 Z3.54 U91.14 V-258.44 E0.034109
G1 F X-36.76 Y5.6 Z3.54 U91.15 V-258.15 E0.034109
G1 F X-36.56 Y5.6 Z3.54 U91.16 V-257.87 E0.034109
G1 F X-36.36 Y5.6 Z3.54 U91.16 V-257.58 E0.034109
G1 F X-36.17 Y5.6 Z3.54 U91.17 V-257.3 E0.034109
G1 F X-35.97 Y5.6 Z3.53 U91.18 V-257.01 E0.034109
G1 F X-35.77 Y5.6 Z3.53 U91.19 V-256.71 E0.034109
G1 F X-35.58 Y5.6 Z3.53 U91.19 V-256.42 E0.034109
G1 F X-35.38 Y5.6 Z3.53 U91.2 V-256.12 E0.034109
G1 F X-35.18 Y5.6 Z3.53 U91.21 V-255.83 E0.034109
G1 F X-34.99 Y5.6 Z3.53 U91.21 V-255.53 E0.034108
G1 F X-34.79 Y5.6 Z3.53 U91.22 V-255.23 E0.034109
G1 F X-34.6 Y5.6 Z3.54 U91.22 V-254.92 E0.034109
G1 F X-34.4 Y5.6 Z3.54 U91.23 V-254.62 E0.034109
G1 F X-34.2 Y5.6 Z3.54 U91.24 V-254.32 E0.034109
G1 F X-34.01 Y5.6 Z3.54 U91.24 V-254.01 E0.034109
G1 F X-33.81 Y5.6 Z3.54 U91.25 V-253.7 E0.034109
G1 F X-33.61 Y5.6 Z3.54 U91.25 V-253.39 E0.034109
G1 F X-33.42 Y5.6 Z3.54 U91.26 V-253.08 E0.034109
G1 F X-33.22 Y5.6 Z3.54 U91.26 V-252.77 E0.034109
G1 F X-33.03 Y5.6 Z3.54 U91.27 V-252.45 E0.034109
G1 F X-32.83 Y5.6 Z3.55 U91.27 V-252.14 E0.034109
G1 F X-32.63 Y5.6 Z3.55 U91.28 V-251.82 E0.034109
G1 F X-32.44 Y5.6 Z3.55 U91.28 V-251.5 E0.034109
G1 F X-32.24 Y5.6 Z3.55 U91.29 V-251.18 E0.034109
G1 F X-32.05 Y5.6 Z3.55 U91.29 V-250.86 E0.034109
G1 F X-31.85 Y5.6 Z3.55 U91.3 V-250.54 E0.034109
G1 F X-31.66 Y5.6 Z3.55 U91.31 V-250.22 E0.034109
G1 F X-31.46 Y5.6 Z3.56 U91.31 V-249.9 E0.034109
G1 F X-31.26 Y5.6 Z3.56 U91.32 V-249.57 E0.034109
G1 F X-31.07 Y5.6 Z3.56 U91.32 V-249.25 E0.034109
G1 F X-30.87 Y5.6 Z3.56 U91.33 V-248.92 E0.034109
G1 F X-30.68 Y5.6 Z3.56 U91.33 V-248.6 E0.034109
G1 F X-30.48 Y5.6 Z3.56 U91.34 V-248.27 E0.034109
G1 F X-30.29 Y5.6 Z3.57 U91.34 V-247.94 E0.034109
G1 F X-30.09 Y5.6 Z3.57 U91.35 V-247.61 E0.034109
G1 F X-29.89 Y5.6 Z3.57 U91.35 V-247.28 E0.034109
G1 F X-29.7 Y5.6 Z3.58 U91.35 V-246.95 E0.034109
G1 F X-29.5 Y5.6 Z3.58 U91.35 V-246.62 E0.034109
G1 F X-29.31 Y5.6 Z3.58 U91.36 V-246.28 E0.034109
G1 F X-29.11 Y5.6 Z3.59 U91.36 V-245.95 E0.034109
G1 F X-28.92 Y5.6 Z3.59 U91.36 V-245.62 E0.034109
G1 F X-28.72 Y5.6 Z3.59 U91.36 V-245.28 E0.034109
G1 F X-28.52 Y5.6 Z3.6 U91.36 V-244.95 E0.034109
G1 F X-28.33 Y5.6 Z3.6 U91.36 V-244.61 E0.034109
G1 F X-28.3 Y5.6 Z3.6 U91.36 V-244.57 E0.004351
G1 F X-28.28 Y5.69 Z3.6 U91.06 V-244.55 E0.029758
G1 F X-28.26 Y5.79 Z3.6 U90.71 V-244.53 E0.034109
G1 F X-28.23 Y5.9 Z3.6 U90.37 V-244.51 E0.034109
G1 F X-28.21 Y6 Z3.59 U90.02 V-244.49 E0.034109
G1 F X-28.19 Y6.11 Z3.59 U89.67 V-244.47 E0.034109
G1 F X-28.17 Y6.21 Z3.59 U89.32 V-244.45 E0.034109
G1 F X-28.15 Y6.31 Z3.58 U88.98 V-244.43 E0.034109
G1 F X-28.13 Y6.42 Z3.58 U88.64 V-244.41 E0.033308
G1 F X-28.33 Y6.42 Z3.58 U88.64 V-244.75 E0.03491
G1 F X-28.53 Y6.42 Z3.59 U88.64 V-245.09 E0.034109
G1 F X-28.73 Y6.42 Z3.59 U88.65 V-245.42 E0.034109
G1 F X-28.92 Y6.42 Z3.59 U88.65 V-245.76 E0.034109
G1 F X-29.12 Y6.42 Z3.6 U88.65 V-246.09 E0.034109
G1 F X-29.31 Y6.42 Z3.6 U88.66 V-246.42 E0.034109
G1 F X-29.51 Y6.42 Z3.6 U88.66 V-246.75 E0.034109
G1 F X-29.71 Y6.42 Z3.6 U88.66 V-247.09 E0.034109
G1 F X-29.9 Y6.42 Z3.61 U88.67 V-247.42 E0.034109
G1 F X-30.1 Y6.42 Z3.61 U88.67 V-247.75 E0.034109
G1 F X-30.29 Y6.42 Z3.61 U88.67 V-248.08 E0.034109
G1 F X-30.49 Y6.42 Z3.62 U88.67 V-248.41 E0.034109
G1 F X-30.69 Y6.42 Z3.62 U88.68 V-248.73 E0.034109
G1 F X-30.88 Y6.42 Z3.62 U88.68 V-249.06 E0.034109
G1 F X-31.08 Y6.42 Z3.63 U88.68 V-249.39 E0.034109
G1 F X-31.27 Y6.42 Z3.63 U88.68 V-249.71 E0.034109
G1 F X-31.47 Y6.41 Z3.63 U88.69 V-250.04 E0.034109
G1 F X-31.67 Y6.41 Z3.63 U88.69 V-250.36 E0.034109
G1 F X-31.86 Y6.41 Z3.64 U88.69 V-250.68 E0.034109
G1 F X-32.06 Y6.41 Z3.64 U88.7 V-251 E0.034109
G1 F X-32.26 Y6.41 Z3.64 U88.7 V-251.32 E0.034109
G1 F X-32.45 Y6.41 Z3.64 U88.71 V-251.64 E0.034109
G1 F X-32.65 Y6.41 Z3.65 U88.71 V-251.96 E0.034109
G1 F X-32.85 Y6.41 Z3.65 U88.72 V-252.28 E0.034109
G1 F X-33.04 Y6.41 Z3.65 U88.72 V-252.59 E0.034109
G1 F X-33.24 Y6.41 Z3.65 U88.73 V-252.9 E0.034109
G1 F X-33.44 Y6.41 Z3.65 U88.73 V-253.22 E0.034109
G1 F X-33.63 Y6.41 Z3.65 U88.74 V-253.53 E0.034109
G1 F X-33.83 Y6.41 Z3.65 U88.75 V-253.84 E0.034109
G1 F X-34.03 Y6.41 Z3.65 U88.75 V-254.15 E0.034109
G1 F X-34.22 Y6.41 Z3.65 U88.76 V-254.45 E0.034109
G1 F X-34.42 Y6.41 Z3.65 U88.77 V-254.76 E0.034109
G1 F X-34.62 Y6.41 Z3.65 U88.78 V-255.06 E0.034109
G1 F X-34.82 Y6.41 Z3.65 U88.78 V-255.37 E0.034109
G1 F X-35.01 Y6.41 Z3.65 U88.79 V-255.67 E0.034109
G1 F X-35.21 Y6.41 Z3.65 U88.8 V-255.97 E0.034109
G1 F X-35.41 Y6.41 Z3.65 U88.81 V-256.26 E0.034109
G1 F X-35.6 Y6.41 Z3.65 U88.82 V-256.56 E0.034109
G1 F X-35.8 Y6.41 Z3.65 U88.82 V-256.85 E0.034109
G1 F X-36 Y6.41 Z3.64 U88.83 V-257.14 E0.034109
G1 F X-36.2 Y6.41 Z3.64 U88.84 V-257.43 E0.034109
G1 F X-36.39 Y6.41 Z3.64 U88.85 V-257.72 E0.034109
G1 F X-36.59 Y6.41 Z3.64 U88.86 V-258.01 E0.034109
G1 F X-36.79 Y6.41 Z3.64 U88.87 V-258.29 E0.034109
G1 F X-36.99 Y6.41 Z3.64 U88.88 V-258.58 E0.034109
G1 F X-37.18 Y6.41 Z3.64 U88.88 V-258.86 E0.034109
G1 F X-37.38 Y6.41 Z3.64 U88.89 V-259.13 E0.034109
G1 F X-37.58 Y6.41 Z3.63 U88.9 V-259.41 E0.034109
G1 F X-37.78 Y6.41 Z3.63 U88.91 V-259.68 E0.034109
G1 F X-37.98 Y6.41 Z3.63 U88.92 V-259.95 E0.034109
G1 F X-38.17 Y6.41 Z3.63 U88.93 V-260.22 E0.034109
G1 F X-38.37 Y6.41 Z3.63 U88.94 V-260.49 E0.034109
G1 F X-38.57 Y6.41 Z3.62 U88.94 V-260.75 E0.034109
G1 F X-38.77 Y6.41 Z3.62 U88.95 V-261.01 E0.034109
G1 F X-38.97 Y6.41 Z3.62 U88.96 V-261.27 E0.034109
G1 F X-39.16 Y6.41 Z3.61 U88.97 V-261.53 E0.034109
G1 F X-39.36 Y6.41 Z3.61 U88.98 V-261.78 E0.034109
G1 F X-39.56 Y6.41 Z3.61 U89 V-262.04 E0.034109
G1 F X-39.76 Y6.41 Z3.6 U89.01 V-262.29 E0.034109
G1 F X-39.96 Y6.41 Z3.6 U89.02 V-262.53 E0.034109
G1 F X-40.16 Y6.41 Z3.59 U89.03 V-262.78 E0.034109
G1 F X-40.35 Y6.41 Z3.59 U89.04 V-263.02 E0.034109
G1 F X-40.55 Y6.41 Z3.58 U89.05 V-263.26 E0.034109
G1 F X-40.75 Y6.41 Z3.58 U89.06 V-263.49 E0.034109
G1 F X-40.95 Y6.41 Z3.57 U89.08 V-263.72 E0.034109
G1 F X-41.15 Y6.41 Z3.57 U89.09 V-263.95 E0.034109
G1 F X-41.35 Y6.41 Z3.56 U89.1 V-264.18 E0.034109
G1 F X-41.55 Y6.41 Z3.56 U89.11 V-264.41 E0.034109
G1 F X-41.75 Y6.41 Z3.55 U89.13 V-264.63 E0.034109
G1 F X-41.95 Y6.41 Z3.54 U89.14 V-264.84 E0.034109
G1 F X-42.15 Y6.41 Z3.54 U89.15 V-265.06 E0.034109
G1 F X-42.34 Y6.41 Z3.53 U89.16 V-265.27 E0.034109
G1 F X-42.54 Y6.41 Z3.52 U89.18 V-265.48 E0.034109
G1 F X-42.74 Y6.41 Z3.52 U89.19 V-265.69 E0.034109
G1 F X-42.94 Y6.41 Z3.51 U89.2 V-265.89 E0.034109
G1 F X-43.14 Y6.41 Z3.5 U89.22 V-266.09 E0.034109
G1 F X-43.34 Y6.41 Z3.49 U89.23 V-266.28 E0.034109
G1 F X-43.54 Y6.41 Z3.49 U89.25 V-266.47 E0.034109
G1 F X-43.74 Y6.41 Z3.48 U89.26 V-266.66 E0.034109
G1 F X-43.94 Y6.41 Z3.47 U89.28 V-266.85 E0.034109
G1 F X-44.14 Y6.41 Z3.46 U89.29 V-267.03 E0.034109
G1 F X-44.34 Y6.41 Z3.45 U89.3 V-267.21 E0.034109
G1 F X-44.54 Y6.41 Z3.44 U89.32 V-267.38 E0.034109
G1 F X-44.74 Y6.41 Z3.43 U89.33 V-267.55 E0.034109
G1 F X-44.94 Y6.41 Z3.43 U89.35 V-267.72 E0.034109
G1 F X-45.14 Y6.41 Z3.42 U89.36 V-267.88 E0.034109
G1 F X-45.34 Y6.41 Z3.41 U89.38 V-268.04 E0.034109
G1 F X-45.54 Y6.41 Z3.4 U89.39 V-268.2 E0.034109
G1 F X-45.74 Y6.41 Z3.39 U89.41 V-268.35 E0.034109
G1 F X-45.94 Y6.41 Z3.38 U89.42 V-268.49 E0.034109
G1 F X-46.14 Y6.41 Z3.37 U89.44 V-268.64 E0.034109
G1 F X-46.34 Y6.41 Z3.36 U89.45 V-268.78 E0.034109
G1 F X-46.54 Y6.41 Z3.34 U89.47 V-268.91 E0.034109
G1 F X-46.74 Y6.41 Z3.33 U89.49 V-269.04 E0.034109
G1 F X-46.94 Y6.41 Z3.32 U89.5 V-269.17 E0.034109
G1 F X-47.14 Y6.41 Z3.31 U89.52 V-269.3 E0.034109
G1 F X-47.34 Y6.41 Z3.3 U89.54 V-269.41 E0.034109
G1 F X-47.54 Y6.41 Z3.29 U89.55 V-269.53 E0.034109
G1 F X-47.74 Y6.41 Z3.27 U89.57 V-269.64 E0.034109
G1 F X-47.77 Y6.41 Z3.27 U89.57 V-269.65 E0.003758
G1 F X-47.77 Y6.32 Z3.34 U89.67 V-269.65 E0.030351
G1 F X-47.78 Y6.22 Z3.43 U89.78 V-269.65 E0.034109
G1 F X-47.78 Y6.12 Z3.51 U89.88 V-269.66 E0.034109
G1 F X-47.79 Y6.01 Z3.59 U89.99 V-269.66 E0.034109
G1 F X-47.8 Y5.91 Z3.67 U90.1 V-269.66 E0.034109
G1 F X-47.8 Y5.81 Z3.76 U90.21 V-269.66 E0.034109
G1 F X-47.81 Y5.7 Z3.84 U90.31 V-269.66 E0.034109
G1 F X-47.82 Y5.6 Z3.92 U90.42 V-269.67 E0.034109
G1 F X-47.82 Y5.77 Z4.02 U90.42 V-269.67 E0
G1 F X-47.19 Y7.71 Z4.86 U90.22 V-269.32 E0
G1 F X-47.19 Y7.53 Z4.76 U90.22 V-269.32 E0
G1 F X-46.99 Y7.53 Z4.75 U90.23 V-269.19 E0.03402
G1 F300 E-1.00 ;Filament Retraction!!
G1 F X-46.79 Y7.53 Z4.74 U90.23 V-269.07 E0.03402
G1 F X-46.6 Y7.53 Z4.74 U90.24 V-268.94 E0.03402
G1 F300 E1.1;Filament (De)-Retraction!!
G1 F X-46.4 Y7.53 Z4.73 U90.25 V-268.81 E0.03402
G1 F X-46.2 Y7.53 Z4.73 U90.26 V-268.67 E0.03402
G1 F X-46 Y7.53 Z4.72 U90.27 V-268.53 E0.03402
G1 F X-45.8 Y7.53 Z4.72 U90.27 V-268.38 E0.03402
G1 F X-45.61 Y7.54 Z4.71 U90.28 V-268.23 E0.03402
G1 F X-45.41 Y7.54 Z4.71 U90.29 V-268.08 E0.03402
G1 F X-45.21 Y7.54 Z4.7 U90.3 V-267.92 E0.03402
G1 F X-45.01 Y7.54 Z4.7 U90.3 V-267.76 E0.03402
G1 F X-44.82 Y7.54 Z4.69 U90.31 V-267.6 E0.03402
G1 F X-44.62 Y7.54 Z4.69 U90.32 V-267.43 E0.03402
G1 F X-44.42 Y7.54 Z4.68 U90.32 V-267.26 E0.03402
G1 F X-44.23 Y7.54 Z4.68 U90.33 V-267.09 E0.03402
G1 F X-44.03 Y7.54 Z4.68 U90.34 V-266.91 E0.03402
G1 F X-43.83 Y7.54 Z4.67 U90.34 V-266.73 E0.03402
G1 F X-43.63 Y7.54 Z4.67 U90.35 V-266.54 E0.03402
G1 F X-43.44 Y7.54 Z4.66 U90.36 V-266.35 E0.03402
G1 F X-43.24 Y7.54 Z4.66 U90.36 V-266.16 E0.03402
G1 F X-43.04 Y7.54 Z4.66 U90.37 V-265.97 E0.03402
G1 F X-42.85 Y7.54 Z4.65 U90.37 V-265.77 E0.03402
G1 F X-42.65 Y7.54 Z4.65 U90.38 V-265.57 E0.03402
G1 F X-42.45 Y7.54 Z4.65 U90.39 V-265.36 E0.03402
G1 F X-42.26 Y7.54 Z4.65 U90.39 V-265.15 E0.03402
G1 F X-42.06 Y7.54 Z4.64 U90.4 V-264.94 E0.03402
G1 F X-41.86 Y7.54 Z4.64 U90.4 V-264.73 E0.03402
G1 F X-41.67 Y7.54 Z4.64 U90.41 V-264.51 E0.03402
G1 F X-41.47 Y7.54 Z4.64 U90.41 V-264.29 E0.034019
G1 F X-41.28 Y7.54 Z4.63 U90.42 V-264.07 E0.034019
G1 F X-41.08 Y7.54 Z4.63 U90.42 V-263.84 E0.034019
G1 F X-40.88 Y7.54 Z4.63 U90.43 V-263.62 E0.034019
G1 F X-40.69 Y7.54 Z4.63 U90.43 V-263.38 E0.03402
G1 F X-40.49 Y7.54 Z4.62 U90.44 V-263.15 E0.03402
G1 F X-40.3 Y7.54 Z4.62 U90.44 V-262.91 E0.03402
G1 F X-40.1 Y7.54 Z4.62 U90.45 V-262.67 E0.03402
G1 F X-39.9 Y7.54 Z4.62 U90.45 V-262.43 E0.03402
G1 F X-39.71 Y7.54 Z4.62 U90.46 V-262.19 E0.03402
G1 F X-39.51 Y7.54 Z4.61 U90.46 V-261.94 E0.03402
G1 F X-39.32 Y7.54 Z4.61 U90.47 V-261.69 E0.03402
G1 F X-39.12 Y7.54 Z4.61 U90.47 V-261.44 E0.03402
G1 F X-38.93 Y7.54 Z4.61 U90.47 V-261.19 E0.03402
G1 F X-38.73 Y7.54 Z4.61 U90.48 V-260.93 E0.03402
G1 F X-38.54 Y7.54 Z4.61 U90.48 V-260.67 E0.03402
G1 F X-38.34 Y7.54 Z4.6 U90.49 V-260.41 E0.03402
G1 F X-38.15 Y7.54 Z4.6 U90.49 V-260.15 E0.03402
G1 F X-37.95 Y7.54 Z4.6 U90.5 V-259.88 E0.03402
G1 F X-37.76 Y7.54 Z4.6 U90.5 V-259.61 E0.03402
G1 F X-37.56 Y7.54 Z4.6 U90.51 V-259.34 E0.03402
G1 F X-37.37 Y7.54 Z4.6 U90.51 V-259.07 E0.034019
G1 F X-37.17 Y7.54 Z4.6 U90.52 V-258.8 E0.03402
G1 F X-36.98 Y7.54 Z4.59 U90.52 V-258.52 E0.03402
G1 F X-36.79 Y7.54 Z4.59 U90.53 V-258.24 E0.03402
G1 F X-36.59 Y7.54 Z4.59 U90.53 V-257.96 E0.03402
G1 F X-36.4 Y7.54 Z4.59 U90.53 V-257.68 E0.03402
G1 F X-36.2 Y7.54 Z4.59 U90.54 V-257.4 E0.03402
G1 F X-36.01 Y7.54 Z4.59 U90.54 V-257.11 E0.03402
G1 F X-35.81 Y7.54 Z4.59 U90.54 V-256.82 E0.03402
G1 F X-35.62 Y7.54 Z4.59 U90.54 V-256.53 E0.03402
G1 F X-35.43 Y7.54 Z4.59 U90.55 V-256.24 E0.03402
G1 F X-35.23 Y7.54 Z4.59 U90.55 V-255.95 E0.03402
G1 F X-35.04 Y7.54 Z4.59 U90.55 V-255.65 E0.034019
G1 F X-34.84 Y7.54 Z4.59 U90.55 V-255.36 E0.03402
G1 F X-34.65 Y7.54 Z4.59 U90.56 V-255.06 E0.03402
G1 F X-34.46 Y7.54 Z4.59 U90.56 V-254.76 E0.03402
G1 F X-34.26 Y7.54 Z4.59 U90.56 V-254.46 E0.03402
G1 F X-34.07 Y7.54 Z4.6 U90.56 V-254.16 E0.03402
G1 F X-33.87 Y7.54 Z4.6 U90.56 V-253.85 E0.03402
G1 F X-33.68 Y7.54 Z4.6 U90.56 V-253.55 E0.03402
G1 F X-33.49 Y7.54 Z4.6 U90.57 V-253.24 E0.03402
G1 F X-33.29 Y7.54 Z4.6 U90.57 V-252.93 E0.03402
G1 F X-33.1 Y7.54 Z4.6 U90.57 V-252.62 E0.03402
G1 F X-32.91 Y7.54 Z4.6 U90.57 V-252.31 E0.03402
G1 F X-32.71 Y7.54 Z4.6 U90.57 V-252 E0.03402
G1 F X-32.52 Y7.54 Z4.6 U90.58 V-251.69 E0.03402
G1 F X-32.33 Y7.54 Z4.6 U90.58 V-251.38 E0.03402
G1 F X-32.13 Y7.54 Z4.6 U90.58 V-251.06 E0.03402
G1 F X-31.94 Y7.54 Z4.6 U90.59 V-250.75 E0.03402
G1 F X-31.75 Y7.54 Z4.6 U90.59 V-250.43 E0.03402
G1 F X-31.55 Y7.54 Z4.6 U90.59 V-250.11 E0.03402
G1 F X-31.36 Y7.54 Z4.6 U90.59 V-249.79 E0.03402
G1 F X-31.17 Y7.54 Z4.6 U90.6 V-249.47 E0.03402
G1 F X-30.98 Y7.54 Z4.6 U90.6 V-249.15 E0.03402
G1 F X-30.78 Y7.54 Z4.6 U90.6 V-248.83 E0.03402
G1 F X-30.59 Y7.54 Z4.6 U90.61 V-248.51 E0.03402
G1 F X-30.4 Y7.54 Z4.61 U90.61 V-248.19 E0.03402
G1 F X-30.2 Y7.54 Z4.61 U90.61 V-247.86 E0.03402
G1 F X-30.01 Y7.54 Z4.61 U90.61 V-247.54 E0.03402
G1 F X-29.82 Y7.54 Z4.61 U90.61 V-247.21 E0.03402
G1 F X-29.63 Y7.54 Z4.61 U90.61 V-246.89 E0.03402
G1 F X-29.43 Y7.54 Z4.61 U90.62 V-246.56 E0.03402
G1 F X-29.24 Y7.54 Z4.61 U90.62 V-246.23 E0.03402
G1 F X-29.05 Y7.54 Z4.62 U90.62 V-245.91 E0.03402
G1 F X-28.85 Y7.54 Z4.62 U90.62 V-245.58 E0.03402
G1 F X-28.68 Y7.54 Z4.62 U90.62 V-245.28 E0.030576
G1 F X-28.68 Y7.55 Z4.62 U90.58 V-245.28 E0.003444
G1 F X-28.65 Y7.66 Z4.62 U90.23 V-245.24 E0.03402
G1 F X-28.62 Y7.76 Z4.62 U89.88 V-245.19 E0.03402
G1 F X-28.59 Y7.87 Z4.62 U89.52 V-245.15 E0.03402
G1 F X-28.58 Y7.91 Z4.62 U89.39 V-245.14 E0.013029
G1 F X-28.7 Y7.91 Z4.62 U89.39 V-245.34 E0.02099
G1 F X-28.89 Y7.91 Z4.62 U89.39 V-245.67 E0.03402
G1 F X-29.09 Y7.91 Z4.62 U89.39 V-246 E0.03402
G1 F X-29.28 Y7.91 Z4.62 U89.4 V-246.32 E0.034019
G1 F X-29.47 Y7.91 Z4.62 U89.4 V-246.65 E0.03402
G1 F X-29.67 Y7.91 Z4.62 U89.4 V-246.98 E0.03402
G1 F X-29.86 Y7.91 Z4.62 U89.4 V-247.3 E0.03402
G1 F X-30.05 Y7.91 Z4.63 U89.4 V-247.63 E0.03402
G1 F X-30.25 Y7.91 Z4.63 U89.4 V-247.95 E0.03402
G1 F X-30.44 Y7.91 Z4.63 U89.4 V-248.28 E0.03402
G1 F X-30.63 Y7.91 Z4.63 U89.4 V-248.6 E0.03402
G1 F X-30.82 Y7.91 Z4.63 U89.4 V-248.92 E0.03402
G1 F X-31.02 Y7.91 Z4.63 U89.4 V-249.24 E0.03402
G1 F X-31.21 Y7.91 Z4.63 U89.4 V-249.57 E0.03402
G1 F X-31.4 Y7.91 Z4.64 U89.4 V-249.89 E0.034019
G1 F X-31.6 Y7.91 Z4.64 U89.4 V-250.2 E0.03402
G1 F X-31.79 Y7.91 Z4.64 U89.41 V-250.52 E0.03402
G1 F X-31.98 Y7.91 Z4.64 U89.41 V-250.84 E0.03402
G1 F X-32.18 Y7.91 Z4.64 U89.41 V-251.15 E0.03402
G1 F X-32.37 Y7.91 Z4.64 U89.41 V-251.47 E0.03402
G1 F X-32.56 Y7.91 Z4.64 U89.41 V-251.78 E0.03402
G1 F X-32.76 Y7.91 Z4.65 U89.41 V-252.09 E0.03402
G1 F X-32.95 Y7.91 Z4.65 U89.41 V-252.41 E0.03402
G1 F X-33.14 Y7.91 Z4.65 U89.42 V-252.72 E0.03402
G1 F X-33.34 Y7.91 Z4.65 U89.42 V-253.03 E0.03402
G1 F X-33.53 Y7.91 Z4.65 U89.42 V-253.33 E0.03402
G1 F X-33.73 Y7.91 Z4.65 U89.43 V-253.64 E0.03402
G1 F X-33.92 Y7.91 Z4.65 U89.43 V-253.94 E0.03402
G1 F X-34.11 Y7.91 Z4.65 U89.43 V-254.25 E0.03402
G1 F X-34.31 Y7.91 Z4.65 U89.44 V-254.55 E0.03402
G1 F X-34.5 Y7.91 Z4.65 U89.44 V-254.85 E0.03402
G1 F X-34.7 Y7.91 Z4.65 U89.44 V-255.15 E0.03402
G1 F X-34.89 Y7.91 Z4.65 U89.45 V-255.45 E0.03402
G1 F X-35.09 Y7.91 Z4.64 U89.45 V-255.74 E0.03402
G1 F X-35.28 Y7.91 Z4.64 U89.46 V-256.04 E0.03402
G1 F X-35.47 Y7.91 Z4.64 U89.46 V-256.33 E0.03402
G1 F X-35.67 Y7.91 Z4.64 U89.46 V-256.62 E0.03402
G1 F X-35.86 Y7.91 Z4.64 U89.47 V-256.91 E0.03402
G1 F X-36.06 Y7.91 Z4.64 U89.47 V-257.2 E0.03402
G1 F X-36.25 Y7.91 Z4.64 U89.47 V-257.49 E0.03402
G1 F X-36.45 Y7.91 Z4.64 U89.48 V-257.77 E0.03402
G1 F X-36.64 Y7.91 Z4.64 U89.48 V-258.05 E0.03402
G1 F X-36.84 Y7.91 Z4.64 U89.49 V-258.33 E0.03402
G1 F X-37.03 Y7.91 Z4.64 U89.49 V-258.61 E0.03402
G1 F X-37.23 Y7.91 Z4.64 U89.49 V-258.89 E0.03402
G1 F X-37.42 Y7.91 Z4.64 U89.5 V-259.16 E0.034019
G1 F X-37.62 Y7.91 Z4.64 U89.5 V-259.43 E0.03402
G1 F X-37.81 Y7.91 Z4.64 U89.5 V-259.7 E0.03402
G1 F X-38.01 Y7.91 Z4.64 U89.5 V-259.97 E0.03402
G1 F X-38.2 Y7.91 Z4.64 U89.51 V-260.24 E0.03402
G1 F X-38.4 Y7.91 Z4.64 U89.51 V-260.5 E0.03402
G1 F X-38.6 Y7.91 Z4.63 U89.52 V-260.76 E0.03402
G1 F X-38.79 Y7.91 Z4.63 U89.52 V-261.02 E0.03402
G1 F X-38.99 Y7.91 Z4.63 U89.52 V-261.28 E0.03402
G1 F X-39.18 Y7.91 Z4.63 U89.53 V-261.53 E0.03402
G1 F X-39.38 Y7.91 Z4.63 U89.53 V-261.78 E0.03402
G1 F X-39.58 Y7.91 Z4.63 U89.54 V-262.03 E0.03402
G1 F X-39.77 Y7.91 Z4.62 U89.54 V-262.28 E0.03402
G1 F X-39.97 Y7.91 Z4.62 U89.55 V-262.52 E0.03402
G1 F X-40.16 Y7.91 Z4.62 U89.55 V-262.77 E0.03402
G1 F X-40.36 Y7.91 Z4.62 U89.56 V-263 E0.03402
G1 F X-40.56 Y7.91 Z4.62 U89.56 V-263.24 E0.03402
G1 F X-40.75 Y7.91 Z4.61 U89.57 V-263.47 E0.03402
G1 F X-40.95 Y7.91 Z4.61 U89.57 V-263.7 E0.03402
G1 F X-41.15 Y7.91 Z4.61 U89.58 V-263.93 E0.03402
G1 F X-41.34 Y7.91 Z4.61 U89.58 V-264.16 E0.03402
G1 F X-41.54 Y7.91 Z4.6 U89.59 V-264.38 E0.03402
G1 F X-41.74 Y7.91 Z4.6 U89.6 V-264.6 E0.03402
G1 F X-41.94 Y7.91 Z4.6 U89.6 V-264.82 E0.03402
G1 F X-42.13 Y7.91 Z4.59 U89.61 V-265.03 E0.03402
G1 F X-42.33 Y7.91 Z4.59 U89.61 V-265.24 E0.03402
G1 F X-42.53 Y7.91 Z4.59 U89.62 V-265.45 E0.03402
G1 F X-42.73 Y7.91 Z4.58 U89.63 V-265.65 E0.03402
G1 F X-42.92 Y7.91 Z4.58 U89.63 V-265.85 E0.03402
G1 F X-43.12 Y7.91 Z4.58 U89.64 V-266.05 E0.03402
G1 F X-43.32 Y7.91 Z4.57 U89.64 V-266.25 E0.034019
G1 F X-43.52 Y7.91 Z4.57 U89.65 V-266.44 E0.034019
G1 F X-43.71 Y7.91 Z4.57 U89.66 V-266.62 E0.034019
G1 F X-43.91 Y7.91 Z4.56 U89.66 V-266.81 E0.034019
G1 F X-44.11 Y7.91 Z4.56 U89.67 V-266.99 E0.034019
G1 F X-44.31 Y7.91 Z4.55 U89.68 V-267.17 E0.034019
G1 F X-44.51 Y7.91 Z4.55 U89.68 V-267.34 E0.03402
G1 F X-44.7 Y7.91 Z4.55 U89.69 V-267.51 E0.03402
G1 F X-44.9 Y7.91 Z4.54 U89.7 V-267.68 E0.03402
G1 F X-45.1 Y7.91 Z4.54 U89.7 V-267.84 E0.03402
G1 F X-45.3 Y7.91 Z4.53 U89.71 V-268 E0.03402
G1 F X-45.5 Y7.91 Z4.53 U89.72 V-268.16 E0.03402
G1 F X-45.7 Y7.91 Z4.52 U89.72 V-268.31 E0.03402
G1 F X-45.9 Y7.91 Z4.52 U89.73 V-268.45 E0.03402
G1 F X-46.09 Y7.91 Z4.52 U89.74 V-268.6 E0.03402
G1 F X-46.29 Y7.91 Z4.51 U89.74 V-268.74 E0.03402
G1 F X-46.49 Y7.91 Z4.51 U89.75 V-268.87 E0.03402
G1 F X-46.69 Y7.91 Z4.5 U89.76 V-269.01 E0.03402
G1 F X-46.89 Y7.91 Z4.5 U89.76 V-269.13 E0.03402
G1 F X-47.09 Y7.91 Z4.49 U89.77 V-269.26 E0.03402
G1 F X-47.29 Y7.91 Z4.49 U89.78 V-269.38 E0.03402
G1 F X-47.35 Y7.91 Z4.48 U89.78 V-269.42 E0.010859
G1 F X-47.36 Y7.84 Z4.53 U89.86 V-269.42 E0.023161
G1 F X-47.37 Y7.74 Z4.61 U89.98 V-269.42 E0.03402
G1 F X-47.38 Y7.64 Z4.69 U90.09 V-269.43 E0.03402
G1 F X-47.39 Y7.53 Z4.76 U90.21 V-269.43 E0.03402
G1 F X-47.39 Y7.71 Z4.86 U90.21 V-269.43 E0
G1 F X-47.63 Y7.49 Z5.04 U90.44 V-269.57 E0
G1 F X-47.63 Y7.32 Z4.94 U90.44 V-269.57 E0
G1 F X-47.43 Y7.32 Z4.92 U90.45 V-269.46 E0.034049
G1 F300 E-1.00 ;Filament Retraction!!
G1 F X-47.23 Y7.32 Z4.91 U90.47 V-269.34 E0.034049
G1 F X-47.04 Y7.32 Z4.9 U90.49 V-269.22 E0.034049
G1 F300 E1.1;Filament (De)-Retraction!!
G1 F X-46.84 Y7.32 Z4.89 U90.5 V-269.1 E0.034049
G1 F X-46.64 Y7.32 Z4.88 U90.52 V-268.97 E0.034049
G1 F X-46.45 Y7.32 Z4.86 U90.54 V-268.83 E0.034049
G1 F X-46.25 Y7.32 Z4.85 U90.55 V-268.7 E0.034049
G1 F X-46.05 Y7.32 Z4.84 U90.57 V-268.56 E0.034049
G1 F X-45.85 Y7.32 Z4.83 U90.59 V-268.41 E0.034049
G1 F X-45.66 Y7.32 Z4.82 U90.6 V-268.27 E0.034049
G1 F X-45.46 Y7.32 Z4.81 U90.62 V-268.12 E0.034049
G1 F X-45.26 Y7.32 Z4.8 U90.63 V-267.96 E0.034049
G1 F X-45.07 Y7.32 Z4.79 U90.65 V-267.8 E0.034049
G1 F X-44.87 Y7.32 Z4.78 U90.67 V-267.64 E0.034049
G1 F X-44.67 Y7.32 Z4.77 U90.68 V-267.47 E0.034049
G1 F X-44.48 Y7.32 Z4.76 U90.7 V-267.3 E0.034049
G1 F X-44.28 Y7.32 Z4.75 U90.71 V-267.13 E0.034049
G1 F X-44.08 Y7.32 Z4.74 U90.72 V-266.95 E0.034049
G1 F X-43.89 Y7.32 Z4.74 U90.74 V-266.77 E0.034049
G1 F X-43.69 Y7.32 Z4.73 U90.75 V-266.59 E0.034049
G1 F X-43.49 Y7.32 Z4.72 U90.77 V-266.4 E0.034049
G1 F X-43.3 Y7.32 Z4.71 U90.78 V-266.21 E0.034049
G1 F X-43.1 Y7.32 Z4.71 U90.79 V-266.01 E0.034049
G1 F X-42.9 Y7.31 Z4.7 U90.81 V-265.82 E0.034049
G1 F X-42.71 Y7.31 Z4.69 U90.82 V-265.62 E0.034049
G1 F X-42.51 Y7.31 Z4.68 U90.83 V-265.41 E0.034049
G1 F X-42.32 Y7.31 Z4.68 U90.85 V-265.21 E0.034049
G1 F X-42.12 Y7.31 Z4.67 U90.86 V-265 E0.034049
G1 F X-41.92 Y7.31 Z4.67 U90.87 V-264.78 E0.034049
G1 F X-41.73 Y7.31 Z4.66 U90.88 V-264.57 E0.034049
G1 F X-41.53 Y7.31 Z4.65 U90.9 V-264.35 E0.034049
G1 F X-41.34 Y7.31 Z4.65 U90.91 V-264.13 E0.034049
G1 F X-41.14 Y7.31 Z4.64 U90.92 V-263.9 E0.034049
G1 F X-40.95 Y7.31 Z4.64 U90.93 V-263.68 E0.034049
G1 F X-40.75 Y7.31 Z4.63 U90.94 V-263.45 E0.034049
G1 F X-40.56 Y7.31 Z4.63 U90.95 V-263.21 E0.034049
G1 F X-40.36 Y7.31 Z4.63 U90.97 V-262.98 E0.034049
G1 F X-40.16 Y7.31 Z4.62 U90.98 V-262.74 E0.034049
G1 F X-39.97 Y7.31 Z4.62 U90.99 V-262.5 E0.034049
G1 F X-39.77 Y7.31 Z4.61 U91 V-262.26 E0.034049
G1 F X-39.58 Y7.31 Z4.61 U91.01 V-262.01 E0.034049
G1 F X-39.38 Y7.31 Z4.6 U91.02 V-261.76 E0.034049
G1 F X-39.19 Y7.31 Z4.6 U91.03 V-261.51 E0.034049
G1 F X-38.99 Y7.31 Z4.6 U91.04 V-261.26 E0.034049
G1 F X-38.8 Y7.31 Z4.59 U91.05 V-261 E0.03405
G1 F X-38.61 Y7.31 Z4.59 U91.06 V-260.75 E0.034049
G1 F X-38.41 Y7.31 Z4.59 U91.07 V-260.49 E0.034049
G1 F X-38.22 Y7.31 Z4.58 U91.08 V-260.22 E0.034049
G1 F X-38.02 Y7.31 Z4.58 U91.1 V-259.96 E0.034049
G1 F X-37.83 Y7.31 Z4.58 U91.11 V-259.69 E0.034049
G1 F X-37.63 Y7.31 Z4.58 U91.12 V-259.42 E0.034049
G1 F X-37.44 Y7.31 Z4.57 U91.13 V-259.15 E0.034049
G1 F X-37.24 Y7.31 Z4.57 U91.14 V-258.88 E0.034049
G1 F X-37.05 Y7.31 Z4.57 U91.15 V-258.6 E0.034049
G1 F X-36.86 Y7.31 Z4.57 U91.16 V-258.33 E0.034049
G1 F X-36.66 Y7.31 Z4.56 U91.16 V-258.05 E0.034049
G1 F X-36.47 Y7.31 Z4.56 U91.17 V-257.77 E0.034049
G1 F X-36.27 Y7.31 Z4.56 U91.18 V-257.48 E0.034049
G1 F X-36.08 Y7.31 Z4.56 U91.19 V-257.2 E0.034049
G1 F X-35.89 Y7.31 Z4.56 U91.2 V-256.91 E0.034049
G1 F X-35.69 Y7.31 Z4.56 U91.2 V-256.62 E0.034049
G1 F X-35.5 Y7.31 Z4.56 U91.21 V-256.33 E0.034049
G1 F X-35.3 Y7.31 Z4.56 U91.22 V-256.04 E0.034049
G1 F X-35.11 Y7.31 Z4.56 U91.22 V-255.75 E0.034049
G1 F X-34.92 Y7.31 Z4.56 U91.23 V-255.45 E0.034049
G1 F X-34.72 Y7.31 Z4.56 U91.24 V-255.15 E0.034049
G1 F X-34.53 Y7.31 Z4.56 U91.24 V-254.85 E0.034049
G1 F X-34.34 Y7.31 Z4.56 U91.25 V-254.55 E0.034049
G1 F X-34.14 Y7.31 Z4.56 U91.25 V-254.25 E0.034049
G1 F X-33.95 Y7.31 Z4.56 U91.26 V-253.95 E0.034049
G1 F X-33.76 Y7.31 Z4.57 U91.27 V-253.65 E0.034049
G1 F X-33.56 Y7.31 Z4.57 U91.27 V-253.34 E0.034049
G1 F X-33.37 Y7.31 Z4.57 U91.28 V-253.03 E0.034049
G1 F X-33.18 Y7.31 Z4.57 U91.28 V-252.72 E0.034049
G1 F X-32.98 Y7.31 Z4.57 U91.29 V-252.41 E0.034049
G1 F X-32.79 Y7.31 Z4.57 U91.29 V-252.1 E0.034049
G1 F X-32.6 Y7.31 Z4.57 U91.3 V-251.79 E0.034049
G1 F X-32.4 Y7.31 Z4.58 U91.3 V-251.48 E0.034049
G1 F X-32.21 Y7.31 Z4.58 U91.31 V-251.16 E0.034049
G1 F X-32.02 Y7.31 Z4.58 U91.32 V-250.85 E0.034049
G1 F X-31.82 Y7.31 Z4.58 U91.32 V-250.53 E0.034049
G1 F X-31.63 Y7.31 Z4.58 U91.33 V-250.22 E0.034049
G1 F X-31.44 Y7.31 Z4.58 U91.33 V-249.9 E0.034049
G1 F X-31.25 Y7.31 Z4.58 U91.34 V-249.58 E0.034049
G1 F X-31.05 Y7.31 Z4.58 U91.34 V-249.26 E0.034049
G1 F X-30.86 Y7.31 Z4.59 U91.35 V-248.94 E0.034049
G1 F X-30.67 Y7.31 Z4.59 U91.36 V-248.62 E0.034049
G1 F X-30.47 Y7.31 Z4.59 U91.36 V-248.29 E0.034049
G1 F X-30.28 Y7.31 Z4.59 U91.36 V-247.97 E0.034049
G1 F X-30.09 Y7.31 Z4.6 U91.37 V-247.65 E0.034049
G1 F X-29.9 Y7.31 Z4.6 U91.37 V-247.32 E0.034049
G1 F X-29.7 Y7.31 Z4.6 U91.37 V-246.99 E0.034049
G1 F X-29.51 Y7.31 Z4.61 U91.38 V-246.67 E0.034049
G1 F X-29.32 Y7.31 Z4.61 U91.38 V-246.34 E0.034049
G1 F X-29.13 Y7.31 Z4.61 U91.38 V-246.01 E0.034049
G1 F X-28.93 Y7.31 Z4.62 U91.38 V-245.68 E0.034049
G1 F X-28.74 Y7.31 Z4.62 U91.38 V-245.36 E0.034049
G1 F X-28.55 Y7.31 Z4.63 U91.38 V-245.03 E0.034049
G1 F X-28.35 Y7.31 Z4.63 U91.38 V-244.7 E0.034049
G1 F X-28.33 Y7.31 Z4.63 U91.38 V-244.66 E0.004308
G1 F X-28.3 Y7.4 Z4.63 U91.08 V-244.62 E0.029742
G1 F X-28.27 Y7.51 Z4.63 U90.72 V-244.58 E0.034049
G1 F X-28.24 Y7.61 Z4.62 U90.37 V-244.53 E0.034049
G1 F X-28.21 Y7.72 Z4.62 U90.02 V-244.49 E0.034049
G1 F X-28.18 Y7.83 Z4.62 U89.66 V-244.45 E0.034049
G1 F X-28.16 Y7.93 Z4.61 U89.31 V-244.41 E0.034049
G1 F X-28.13 Y8.04 Z4.61 U88.95 V-244.36 E0.034049
G1 F X-28.11 Y8.14 Z4.61 U88.61 V-244.32 E0.032688
G1 F X-28.31 Y8.14 Z4.61 U88.62 V-244.67 E0.035411
G1 F X-28.5 Y8.14 Z4.61 U88.62 V-245 E0.034049
G1 F X-28.69 Y8.14 Z4.62 U88.62 V-245.33 E0.034049
G1 F X-28.89 Y8.14 Z4.62 U88.63 V-245.66 E0.034049
G1 F X-29.08 Y8.14 Z4.62 U88.63 V-245.99 E0.034049
G1 F X-29.27 Y8.14 Z4.63 U88.63 V-246.31 E0.034049
G1 F X-29.47 Y8.14 Z4.63 U88.64 V-246.64 E0.034049
G1 F X-29.66 Y8.14 Z4.63 U88.64 V-246.97 E0.034049
G1 F X-29.85 Y8.14 Z4.63 U88.64 V-247.3 E0.034049
G1 F X-30.05 Y8.14 Z4.64 U88.65 V-247.62 E0.034049
G1 F X-30.24 Y8.14 Z4.64 U88.65 V-247.95 E0.034049
G1 F X-30.43 Y8.14 Z4.64 U88.65 V-248.27 E0.034049
G1 F X-30.63 Y8.14 Z4.65 U88.66 V-248.6 E0.034049
G1 F X-30.82 Y8.14 Z4.65 U88.66 V-248.92 E0.034049
G1 F X-31.01 Y8.14 Z4.65 U88.66 V-249.24 E0.034049
G1 F X-31.21 Y8.14 Z4.66 U88.66 V-249.56 E0.034049
G1 F X-31.4 Y8.14 Z4.66 U88.67 V-249.88 E0.034049
G1 F X-31.59 Y8.14 Z4.66 U88.67 V-250.2 E0.034049
G1 F X-31.79 Y8.14 Z4.66 U88.67 V-250.52 E0.034049
G1 F X-31.98 Y8.14 Z4.67 U88.68 V-250.84 E0.034049
G1 F X-32.17 Y8.14 Z4.67 U88.68 V-251.15 E0.034049
G1 F X-32.37 Y8.14 Z4.67 U88.69 V-251.47 E0.034049
G1 F X-32.56 Y8.14 Z4.67 U88.69 V-251.78 E0.034049
G1 F X-32.76 Y8.14 Z4.67 U88.7 V-252.1 E0.034049
G1 F X-32.95 Y8.14 Z4.68 U88.7 V-252.41 E0.034049
G1 F X-33.14 Y8.14 Z4.68 U88.71 V-252.72 E0.034049
G1 F X-33.34 Y8.14 Z4.68 U88.71 V-253.03 E0.034049
G1 F X-33.53 Y8.14 Z4.68 U88.72 V-253.34 E0.034049
G1 F X-33.73 Y8.14 Z4.68 U88.73 V-253.64 E0.034049
G1 F X-33.92 Y8.14 Z4.68 U88.73 V-253.95 E0.034049
G1 F X-34.12 Y8.14 Z4.68 U88.74 V-254.25 E0.034049
G1 F X-34.31 Y8.14 Z4.68 U88.75 V-254.56 E0.034049
G1 F X-34.51 Y8.14 Z4.68 U88.76 V-254.86 E0.034049
G1 F X-34.7 Y8.14 Z4.68 U88.76 V-255.16 E0.034049
G1 F X-34.9 Y8.14 Z4.68 U88.77 V-255.46 E0.034049
G1 F X-35.09 Y8.14 Z4.68 U88.78 V-255.75 E0.034049
G1 F X-35.29 Y8.14 Z4.68 U88.79 V-256.05 E0.034049
G1 F X-35.48 Y8.14 Z4.68 U88.8 V-256.34 E0.034049
G1 F X-35.68 Y8.14 Z4.67 U88.8 V-256.64 E0.034049
G1 F X-35.87 Y8.14 Z4.67 U88.81 V-256.93 E0.034049
G1 F X-36.07 Y8.14 Z4.67 U88.82 V-257.21 E0.034049
G1 F X-36.26 Y8.14 Z4.67 U88.83 V-257.5 E0.034049
G1 F X-36.46 Y8.14 Z4.67 U88.84 V-257.79 E0.034049
G1 F X-36.65 Y8.14 Z4.67 U88.85 V-258.07 E0.034049
G1 F X-36.85 Y8.14 Z4.67 U88.86 V-258.35 E0.034049
G1 F X-37.04 Y8.14 Z4.67 U88.86 V-258.63 E0.034049
G1 F X-37.24 Y8.14 Z4.66 U88.87 V-258.91 E0.034049
G1 F X-37.43 Y8.14 Z4.66 U88.88 V-259.18 E0.034049
G1 F X-37.63 Y8.13 Z4.66 U88.89 V-259.45 E0.034049
G1 F X-37.83 Y8.13 Z4.66 U88.9 V-259.72 E0.034049
G1 F X-38.02 Y8.13 Z4.66 U88.91 V-259.99 E0.034049
G1 F X-38.22 Y8.13 Z4.66 U88.92 V-260.26 E0.034049
G1 F X-38.41 Y8.13 Z4.65 U88.93 V-260.52 E0.034049
G1 F X-38.61 Y8.13 Z4.65 U88.94 V-260.78 E0.034049
G1 F X-38.81 Y8.13 Z4.65 U88.95 V-261.04 E0.034049
G1 F X-39 Y8.13 Z4.64 U88.96 V-261.3 E0.034049
G1 F X-39.2 Y8.13 Z4.64 U88.97 V-261.55 E0.034049
G1 F X-39.4 Y8.13 Z4.64 U88.98 V-261.81 E0.034049
G1 F X-39.59 Y8.13 Z4.63 U88.99 V-262.06 E0.034049
G1 F X-39.79 Y8.13 Z4.63 U89 V-262.3 E0.034049
G1 F X-39.99 Y8.13 Z4.62 U89.01 V-262.55 E0.034049
G1 F X-40.18 Y8.13 Z4.62 U89.02 V-262.79 E0.034049
G1 F X-40.38 Y8.13 Z4.62 U89.03 V-263.03 E0.034049
G1 F X-40.58 Y8.13 Z4.61 U89.04 V-263.27 E0.034049
G1 F X-40.78 Y8.13 Z4.61 U89.06 V-263.5 E0.034049
G1 F X-40.97 Y8.13 Z4.6 U89.07 V-263.73 E0.034049
G1 F X-41.17 Y8.13 Z4.59 U89.08 V-263.96 E0.034049
G1 F X-41.37 Y8.13 Z4.59 U89.09 V-264.19 E0.034049
G1 F X-41.57 Y8.13 Z4.58 U89.11 V-264.41 E0.034049
G1 F X-41.76 Y8.13 Z4.58 U89.12 V-264.63 E0.034049
G1 F X-41.96 Y8.13 Z4.57 U89.13 V-264.85 E0.034049
G1 F X-42.16 Y8.13 Z4.56 U89.15 V-265.06 E0.034049
G1 F X-42.36 Y8.13 Z4.56 U89.16 V-265.27 E0.034049
G1 F X-42.56 Y8.13 Z4.55 U89.17 V-265.48 E0.034049
G1 F X-42.75 Y8.13 Z4.54 U89.19 V-265.68 E0.034049
G1 F X-42.95 Y8.13 Z4.54 U89.2 V-265.88 E0.034049
G1 F X-43.15 Y8.13 Z4.53 U89.21 V-266.08 E0.034049
G1 F X-43.35 Y8.13 Z4.52 U89.23 V-266.28 E0.034049
G1 F X-43.55 Y8.13 Z4.51 U89.24 V-266.47 E0.034049
G1 F X-43.75 Y8.13 Z4.5 U89.26 V-266.66 E0.034049
G1 F X-43.95 Y8.13 Z4.5 U89.27 V-266.84 E0.034049
G1 F X-44.15 Y8.13 Z4.49 U89.29 V-267.02 E0.034049
G1 F X-44.34 Y8.13 Z4.48 U89.3 V-267.2 E0.034049
G1 F X-44.54 Y8.13 Z4.47 U89.32 V-267.37 E0.034049
G1 F X-44.74 Y8.13 Z4.46 U89.33 V-267.54 E0.034049
G1 F X-44.94 Y8.13 Z4.45 U89.35 V-267.71 E0.034049
G1 F X-45.14 Y8.13 Z4.44 U89.36 V-267.87 E0.034049
G1 F X-45.34 Y8.13 Z4.43 U89.38 V-268.03 E0.034049
G1 F X-45.54 Y8.13 Z4.42 U89.39 V-268.19 E0.034049
G1 F X-45.74 Y8.13 Z4.41 U89.41 V-268.34 E0.034049
G1 F X-45.94 Y8.13 Z4.4 U89.42 V-268.49 E0.034049
G1 F X-46.14 Y8.13 Z4.39 U89.44 V-268.63 E0.034049
G1 F X-46.34 Y8.13 Z4.38 U89.45 V-268.77 E0.03405
G1 F X-46.54 Y8.13 Z4.37 U89.47 V-268.91 E0.034049
G1 F X-46.74 Y8.13 Z4.36 U89.48 V-269.04 E0.034049
G1 F X-46.94 Y8.13 Z4.35 U89.5 V-269.16 E0.034049
G1 F X-47.14 Y8.13 Z4.34 U89.52 V-269.29 E0.034049
G1 F X-47.34 Y8.13 Z4.33 U89.53 V-269.41 E0.034049
G1 F X-47.54 Y8.13 Z4.31 U89.55 V-269.52 E0.034049
G1 F X-47.74 Y8.13 Z4.3 U89.57 V-269.63 E0.034049
G1 F X-47.76 Y8.13 Z4.3 U89.57 V-269.64 E0.003383
G1 F X-47.77 Y8.04 Z4.37 U89.67 V-269.65 E0.030667
G1 F X-47.77 Y7.93 Z4.45 U89.78 V-269.65 E0.034049
G1 F X-47.78 Y7.83 Z4.54 U89.88 V-269.65 E0.034049
G1 F X-47.79 Y7.73 Z4.62 U89.99 V-269.66 E0.034049
G1 F X-47.8 Y7.63 Z4.7 U90.1 V-269.66 E0.034049
G1 F X-47.81 Y7.52 Z4.78 U90.21 V-269.67 E0.034049
G1 F X-47.82 Y7.42 Z4.87 U90.31 V-269.67 E0.034049
G1 F X-47.83 Y7.32 Z4.95 U90.42 V-269.67 E0.034049
G1 F X-47.83 Y7.49 Z5.05 U90.42 V-269.67 E0
G1 F X-47.64 Y9.2 Z6.07 U90.44 V-269.58 E0
G1 F X-47.64 Y9.03 Z5.97 U90.44 V-269.58 E0
G1 F X-47.44 Y9.03 Z5.95 U90.45 V-269.46 E0.034051
G1 F300 E-1.00 ;Filament Retraction!!
G1 F X-47.24 Y9.03 Z5.94 U90.47 V-269.35 E0.034051
G1 F X-47.05 Y9.03 Z5.93 U90.49 V-269.23 E0.034051
G1 F300 E1.1;Filament (De)-Retraction!!
G1 F X-46.85 Y9.03 Z5.92 U90.5 V-269.11 E0.034051
G1 F X-46.65 Y9.03 Z5.9 U90.52 V-268.98 E0.034051
G1 F X-46.46 Y9.03 Z5.89 U90.54 V-268.85 E0.034051
G1 F X-46.26 Y9.03 Z5.88 U90.55 V-268.71 E0.034051
G1 F X-46.07 Y9.03 Z5.87 U90.57 V-268.58 E0.034051
G1 F X-45.87 Y9.03 Z5.86 U90.59 V-268.43 E0.034051
G1 F X-45.67 Y9.03 Z5.85 U90.6 V-268.29 E0.034051
G1 F X-45.48 Y9.03 Z5.84 U90.62 V-268.14 E0.034051
G1 F X-45.28 Y9.03 Z5.83 U90.64 V-267.98 E0.034051
G1 F X-45.09 Y9.03 Z5.82 U90.65 V-267.83 E0.034051
G1 F X-44.89 Y9.03 Z5.81 U90.67 V-267.66 E0.034051
G1 F X-44.69 Y9.03 Z5.8 U90.68 V-267.5 E0.034051
G1 F X-44.5 Y9.03 Z5.79 U90.7 V-267.33 E0.034051
G1 F X-44.3 Y9.03 Z5.78 U90.71 V-267.16 E0.034051
G1 F X-44.11 Y9.03 Z5.77 U90.73 V-266.99 E0.034051
G1 F X-43.91 Y9.03 Z5.77 U90.74 V-266.81 E0.034051
G1 F X-43.72 Y9.03 Z5.76 U90.76 V-266.62 E0.034051
G1 F X-43.52 Y9.03 Z5.75 U90.77 V-266.44 E0.034051
G1 F X-43.33 Y9.03 Z5.74 U90.78 V-266.25 E0.034051
G1 F X-43.13 Y9.03 Z5.73 U90.8 V-266.06 E0.034051
G1 F X-42.94 Y9.03 Z5.73 U90.81 V-265.86 E0.034051
G1 F X-42.74 Y9.03 Z5.72 U90.82 V-265.67 E0.034051
G1 F X-42.55 Y9.03 Z5.71 U90.84 V-265.47 E0.034051
G1 F X-42.35 Y9.03 Z5.71 U90.85 V-265.26 E0.034051
G1 F X-42.16 Y9.03 Z5.7 U90.86 V-265.05 E0.034051
G1 F X-41.96 Y9.03 Z5.7 U90.88 V-264.84 E0.034051
G1 F X-41.77 Y9.03 Z5.69 U90.89 V-264.63 E0.034051
G1 F X-41.58 Y9.03 Z5.68 U90.9 V-264.42 E0.034051
G1 F X-41.38 Y9.03 Z5.68 U90.91 V-264.2 E0.034051
G1 F X-41.19 Y9.03 Z5.67 U90.93 V-263.98 E0.034051
G1 F X-41 Y9.03 Z5.67 U90.94 V-263.75 E0.034051
G1 F X-40.8 Y9.03 Z5.66 U90.95 V-263.53 E0.034051
G1 F X-40.61 Y9.03 Z5.66 U90.96 V-263.3 E0.034051
G1 F X-40.41 Y9.03 Z5.65 U90.97 V-263.06 E0.034051
G1 F X-40.22 Y9.02 Z5.65 U90.98 V-262.83 E0.034051
G1 F X-40.03 Y9.02 Z5.65 U91 V-262.59 E0.034051
G1 F X-39.83 Y9.02 Z5.64 U91.01 V-262.35 E0.034051
G1 F X-39.64 Y9.02 Z5.64 U91.02 V-262.11 E0.034051
G1 F X-39.45 Y9.02 Z5.63 U91.03 V-261.87 E0.034051
G1 F X-39.26 Y9.02 Z5.63 U91.04 V-261.62 E0.034051
G1 F X-39.06 Y9.02 Z5.63 U91.05 V-261.37 E0.034051
G1 F X-38.87 Y9.02 Z5.62 U91.06 V-261.12 E0.034051
G1 F X-38.68 Y9.02 Z5.62 U91.07 V-260.87 E0.034051
G1 F X-38.49 Y9.02 Z5.62 U91.08 V-260.61 E0.034051
G1 F X-38.29 Y9.02 Z5.61 U91.09 V-260.35 E0.034051
G1 F X-38.1 Y9.02 Z5.61 U91.11 V-260.09 E0.034051
G1 F X-37.91 Y9.02 Z5.61 U91.12 V-259.83 E0.034051
G1 F X-37.72 Y9.02 Z5.6 U91.13 V-259.57 E0.034051
G1 F X-37.53 Y9.02 Z5.6 U91.14 V-259.3 E0.034051
G1 F X-37.33 Y9.02 Z5.6 U91.15 V-259.03 E0.034051
G1 F X-37.14 Y9.02 Z5.6 U91.16 V-258.76 E0.034051
G1 F X-36.95 Y9.02 Z5.59 U91.17 V-258.49 E0.034051
G1 F X-36.76 Y9.02 Z5.59 U91.18 V-258.21 E0.034051
G1 F X-36.57 Y9.02 Z5.59 U91.19 V-257.94 E0.034051
G1 F X-36.38 Y9.02 Z5.59 U91.2 V-257.66 E0.034051
G1 F X-36.18 Y9.02 Z5.59 U91.2 V-257.38 E0.034051
G1 F X-35.99 Y9.02 Z5.59 U91.21 V-257.1 E0.034051
G1 F X-35.8 Y9.02 Z5.59 U91.22 V-256.81 E0.034051
G1 F X-35.61 Y9.02 Z5.59 U91.23 V-256.53 E0.034051
G1 F X-35.42 Y9.02 Z5.59 U91.24 V-256.24 E0.034051
G1 F X-35.23 Y9.02 Z5.59 U91.24 V-255.95 E0.034051
G1 F X-35.04 Y9.02 Z5.59 U91.25 V-255.66 E0.034051
G1 F X-34.85 Y9.02 Z5.59 U91.26 V-255.37 E0.034051
G1 F X-34.65 Y9.02 Z5.59 U91.26 V-255.08 E0.034051
G1 F X-34.46 Y9.02 Z5.59 U91.27 V-254.78 E0.034051
G1 F X-34.27 Y9.02 Z5.59 U91.27 V-254.49 E0.034051
G1 F X-34.08 Y9.02 Z5.59 U91.28 V-254.19 E0.034051
G1 F X-33.89 Y9.02 Z5.59 U91.29 V-253.89 E0.034051
G1 F X-33.7 Y9.02 Z5.59 U91.29 V-253.59 E0.034051
G1 F X-33.51 Y9.02 Z5.59 U91.3 V-253.29 E0.034051
G1 F X-33.32 Y9.02 Z5.59 U91.3 V-252.99 E0.034051
G1 F X-33.13 Y9.02 Z5.6 U91.31 V-252.69 E0.034051
G1 F X-32.94 Y9.02 Z5.6 U91.31 V-252.38 E0.034051
G1 F X-32.75 Y9.02 Z5.6 U91.32 V-252.07 E0.034051
G1 F X-32.56 Y9.02 Z5.6 U91.33 V-251.77 E0.034051
G1 F X-32.37 Y9.02 Z5.6 U91.33 V-251.46 E0.034051
G1 F X-32.18 Y9.02 Z5.6 U91.34 V-251.15 E0.034051
G1 F X-31.99 Y9.02 Z5.6 U91.34 V-250.84 E0.034051
G1 F X-31.8 Y9.02 Z5.61 U91.35 V-250.53 E0.034051
G1 F X-31.61 Y9.02 Z5.61 U91.36 V-250.22 E0.034051
G1 F X-31.42 Y9.02 Z5.61 U91.36 V-249.9 E0.034051
G1 F X-31.23 Y9.02 Z5.61 U91.37 V-249.59 E0.034051
G1 F X-31.04 Y9.02 Z5.61 U91.37 V-249.28 E0.034051
G1 F X-30.85 Y9.01 Z5.61 U91.38 V-248.96 E0.034051
G1 F X-30.66 Y9.01 Z5.61 U91.39 V-248.64 E0.034051
G1 F X-30.47 Y9.01 Z5.62 U91.39 V-248.33 E0.034051
G1 F X-30.28 Y9.01 Z5.62 U91.39 V-248.01 E0.034051
G1 F X-30.09 Y9.01 Z5.62 U91.4 V-247.69 E0.034051
G1 F X-29.9 Y9.01 Z5.63 U91.4 V-247.37 E0.034051
G1 F X-29.71 Y9.01 Z5.63 U91.4 V-247.05 E0.034051
G1 F X-29.52 Y9.01 Z5.63 U91.41 V-246.73 E0.034051
G1 F X-29.33 Y9.01 Z5.64 U91.41 V-246.41 E0.034051
G1 F X-29.14 Y9.01 Z5.64 U91.41 V-246.08 E0.034051
G1 F X-28.95 Y9.01 Z5.64 U91.41 V-245.76 E0.034051
G1 F X-28.76 Y9.01 Z5.65 U91.41 V-245.44 E0.034051
G1 F X-28.57 Y9.01 Z5.65 U91.42 V-245.11 E0.034051
G1 F X-28.39 Y9.01 Z5.66 U91.42 V-244.79 E0.034051
G1 F X-28.36 Y9.01 Z5.66 U91.42 V-244.74 E0.004824
G1 F X-28.32 Y9.11 Z5.65 U91.11 V-244.69 E0.029228
G1 F X-28.29 Y9.22 Z5.65 U90.74 V-244.62 E0.034051
G1 F X-28.25 Y9.33 Z5.65 U90.38 V-244.56 E0.034051
G1 F X-28.21 Y9.44 Z5.65 U90.01 V-244.49 E0.034051
G1 F X-28.18 Y9.54 Z5.64 U89.65 V-244.43 E0.034051
G1 F X-28.14 Y9.65 Z5.64 U89.29 V-244.36 E0.034051
G1 F X-28.11 Y9.76 Z5.64 U88.92 V-244.3 E0.034051
G1 F X-28.08 Y9.86 Z5.63 U88.58 V-244.24 E0.03197
G1 F X-28.09 Y9.86 Z5.63 U88.58 V-244.26 E0.002081
G1 F X-28.28 Y9.86 Z5.64 U88.58 V-244.58 E0.034051
G1 F X-28.47 Y9.86 Z5.64 U88.59 V-244.91 E0.034051
G1 F X-28.66 Y9.86 Z5.64 U88.59 V-245.23 E0.034051
G1 F X-28.85 Y9.86 Z5.65 U88.59 V-245.56 E0.034051
G1 F X-29.04 Y9.86 Z5.65 U88.6 V-245.88 E0.034051
G1 F X-29.23 Y9.86 Z5.65 U88.6 V-246.2 E0.034051
G1 F X-29.42 Y9.86 Z5.65 U88.6 V-246.53 E0.034051
G1 F X-29.61 Y9.86 Z5.66 U88.61 V-246.85 E0.034051
G1 F X-29.8 Y9.86 Z5.66 U88.61 V-247.17 E0.034051
G1 F X-29.99 Y9.86 Z5.66 U88.61 V-247.49 E0.034051
G1 F X-30.18 Y9.86 Z5.67 U88.62 V-247.81 E0.034051
G1 F X-30.37 Y9.86 Z5.67 U88.62 V-248.13 E0.034051
G1 F X-30.56 Y9.86 Z5.67 U88.62 V-248.45 E0.034051
G1 F X-30.75 Y9.86 Z5.68 U88.63 V-248.77 E0.034051
G1 F X-30.94 Y9.86 Z5.68 U88.63 V-249.09 E0.034051
G1 F X-31.14 Y9.86 Z5.68 U88.63 V-249.4 E0.034051
G1 F X-31.33 Y9.86 Z5.68 U88.64 V-249.72 E0.034051
G1 F X-31.52 Y9.86 Z5.69 U88.64 V-250.04 E0.034051
G1 F X-31.71 Y9.86 Z5.69 U88.64 V-250.35 E0.034051
G1 F X-31.9 Y9.86 Z5.69 U88.65 V-250.66 E0.034051
G1 F X-32.09 Y9.86 Z5.7 U88.65 V-250.98 E0.034051
G1 F X-32.28 Y9.86 Z5.7 U88.65 V-251.29 E0.034051
G1 F X-32.47 Y9.86 Z5.7 U88.66 V-251.6 E0.034051
G1 F X-32.66 Y9.86 Z5.7 U88.66 V-251.91 E0.034051
G1 F X-32.85 Y9.86 Z5.7 U88.67 V-252.22 E0.034051
G1 F X-33.05 Y9.86 Z5.7 U88.68 V-252.52 E0.034051
G1 F X-33.24 Y9.86 Z5.7 U88.68 V-252.83 E0.034051
G1 F X-33.43 Y9.86 Z5.71 U88.69 V-253.14 E0.034051
G1 F X-33.62 Y9.86 Z5.71 U88.7 V-253.44 E0.034051
G1 F X-33.81 Y9.86 Z5.71 U88.7 V-253.74 E0.034051
G1 F X-34 Y9.86 Z5.71 U88.71 V-254.04 E0.034051
G1 F X-34.2 Y9.86 Z5.71 U88.72 V-254.34 E0.034051
G1 F X-34.39 Y9.86 Z5.71 U88.73 V-254.64 E0.034051
G1 F X-34.58 Y9.86 Z5.71 U88.73 V-254.94 E0.034051
G1 F X-34.77 Y9.86 Z5.71 U88.74 V-255.24 E0.034051
G1 F X-34.97 Y9.86 Z5.71 U88.75 V-255.53 E0.034051
G1 F X-35.16 Y9.86 Z5.71 U88.76 V-255.83 E0.034051
G1 F X-35.35 Y9.86 Z5.7 U88.77 V-256.12 E0.034051
G1 F X-35.54 Y9.86 Z5.7 U88.78 V-256.41 E0.034051
G1 F X-35.74 Y9.86 Z5.7 U88.79 V-256.7 E0.034051
G1 F X-35.93 Y9.86 Z5.7 U88.79 V-256.98 E0.034051
G1 F X-36.12 Y9.86 Z5.7 U88.8 V-257.27 E0.034051
G1 F X-36.32 Y9.86 Z5.7 U88.81 V-257.55 E0.034051
G1 F X-36.51 Y9.86 Z5.7 U88.82 V-257.83 E0.034051
G1 F X-36.7 Y9.86 Z5.7 U88.83 V-258.11 E0.034051
G1 F X-36.9 Y9.86 Z5.69 U88.84 V-258.39 E0.034051
G1 F X-37.09 Y9.86 Z5.69 U88.85 V-258.67 E0.034051
G1 F X-37.28 Y9.86 Z5.69 U88.86 V-258.94 E0.034051
G1 F X-37.48 Y9.86 Z5.69 U88.86 V-259.21 E0.034051
G1 F X-37.67 Y9.86 Z5.69 U88.87 V-259.48 E0.034051
G1 F X-37.86 Y9.86 Z5.69 U88.88 V-259.75 E0.034051
G1 F X-38.06 Y9.86 Z5.68 U88.89 V-260.02 E0.034051
G1 F X-38.25 Y9.86 Z5.68 U88.9 V-260.28 E0.034051
G1 F X-38.45 Y9.86 Z5.68 U88.91 V-260.54 E0.034051
G1 F X-38.64 Y9.86 Z5.68 U88.92 V-260.8 E0.034051
G1 F X-38.84 Y9.86 Z5.67 U88.93 V-261.06 E0.034051
G1 F X-39.03 Y9.86 Z5.67 U88.94 V-261.31 E0.034051
G1 F X-39.23 Y9.86 Z5.67 U88.95 V-261.57 E0.034051
G1 F X-39.42 Y9.86 Z5.66 U88.96 V-261.82 E0.034051
G1 F X-39.62 Y9.86 Z5.66 U88.97 V-262.06 E0.034051
G1 F X-39.81 Y9.86 Z5.66 U88.99 V-262.31 E0.034051
G1 F X-40.01 Y9.86 Z5.65 U89 V-262.55 E0.034051
G1 F X-40.2 Y9.85 Z5.65 U89.01 V-262.79 E0.034051
G1 F X-40.4 Y9.85 Z5.64 U89.02 V-263.03 E0.034051
G1 F X-40.59 Y9.85 Z5.64 U89.03 V-263.27 E0.034051
G1 F X-40.79 Y9.85 Z5.63 U89.05 V-263.5 E0.034051
G1 F X-40.99 Y9.85 Z5.63 U89.06 V-263.73 E0.034051
G1 F X-41.18 Y9.85 Z5.62 U89.07 V-263.96 E0.034051
G1 F X-41.38 Y9.85 Z5.62 U89.08 V-264.18 E0.034051
G1 F X-41.58 Y9.85 Z5.61 U89.1 V-264.4 E0.034051
G1 F X-41.77 Y9.85 Z5.6 U89.11 V-264.62 E0.034051
G1 F X-41.97 Y9.85 Z5.6 U89.12 V-264.84 E0.034051
G1 F X-42.17 Y9.85 Z5.59 U89.14 V-265.05 E0.034051
G1 F X-42.36 Y9.85 Z5.58 U89.15 V-265.26 E0.034051
G1 F X-42.56 Y9.85 Z5.58 U89.16 V-265.47 E0.034051
G1 F X-42.76 Y9.85 Z5.57 U89.18 V-265.67 E0.034051
G1 F X-42.95 Y9.85 Z5.56 U89.19 V-265.87 E0.034051
G1 F X-43.15 Y9.85 Z5.56 U89.21 V-266.07 E0.034051
G1 F X-43.35 Y9.85 Z5.55 U89.22 V-266.26 E0.034051
G1 F X-43.55 Y9.85 Z5.54 U89.24 V-266.46 E0.034051
G1 F X-43.75 Y9.85 Z5.53 U89.25 V-266.64 E0.034051
G1 F X-43.94 Y9.85 Z5.52 U89.27 V-266.83 E0.034051
G1 F X-44.14 Y9.85 Z5.51 U89.28 V-267.01 E0.034051
G1 F X-44.34 Y9.85 Z5.51 U89.29 V-267.19 E0.034051
G1 F X-44.54 Y9.85 Z5.5 U89.31 V-267.36 E0.034051
G1 F X-44.74 Y9.85 Z5.49 U89.32 V-267.53 E0.034051
G1 F X-44.94 Y9.85 Z5.48 U89.34 V-267.7 E0.034051
G1 F X-45.14 Y9.85 Z5.47 U89.36 V-267.86 E0.034051
G1 F X-45.33 Y9.85 Z5.46 U89.37 V-268.02 E0.034051
G1 F X-45.53 Y9.85 Z5.45 U89.39 V-268.17 E0.034051
G1 F X-45.73 Y9.85 Z5.44 U89.4 V-268.33 E0.034051
G1 F X-45.93 Y9.85 Z5.43 U89.42 V-268.47 E0.034051
G1 F X-46.13 Y9.85 Z5.42 U89.43 V-268.62 E0.034051
G1 F X-46.33 Y9.85 Z5.41 U89.45 V-268.76 E0.034051
G1 F X-46.53 Y9.85 Z5.4 U89.47 V-268.89 E0.034051
G1 F X-46.73 Y9.85 Z5.39 U89.48 V-269.03 E0.034051
G1 F X-46.93 Y9.85 Z5.38 U89.5 V-269.15 E0.034051
G1 F X-47.13 Y9.85 Z5.36 U89.51 V-269.28 E0.034051
G1 F X-47.33 Y9.85 Z5.35 U89.53 V-269.4 E0.034051
G1 F X-47.53 Y9.85 Z5.34 U89.55 V-269.51 E0.034051
G1 F X-47.73 Y9.85 Z5.33 U89.57 V-269.62 E0.034051
G1 F X-47.75 Y9.85 Z5.33 U89.57 V-269.63 E0.003521
G1 F X-47.76 Y9.76 Z5.4 U89.67 V-269.64 E0.03053
G1 F X-47.77 Y9.65 Z5.48 U89.77 V-269.65 E0.034051
G1 F X-47.78 Y9.55 Z5.56 U89.88 V-269.65 E0.034051
G1 F X-47.79 Y9.45 Z5.64 U89.99 V-269.66 E0.034051
G1 F X-47.8 Y9.34 Z5.73 U90.1 V-269.66 E0.034051
G1 F X-47.81 Y9.24 Z5.81 U90.21 V-269.67 E0.034051
G1 F X-47.82 Y9.14 Z5.89 U90.31 V-269.68 E0.034051
G1 F X-47.83 Y9.03 Z5.98 U90.42 V-269.68 E0.034051
G1 F X-47.83 Y9.2 Z6.08 U90.42 V-269.68 E0
G1 F X-47.2 Y11.14 Z6.91 U90.22 V-269.33 E0
G1 F X-47.2 Y10.97 Z6.81 U90.22 V-269.33 E0
G1 F X-47 Y10.97 Z6.8 U90.23 V-269.21 E0.034027
G1 F300 E-1.00 ;Filament Retraction!!
G1 F X-46.8 Y10.97 Z6.8 U90.23 V-269.08 E0.034027
G1 F X-46.61 Y10.97 Z6.79 U90.24 V-268.95 E0.034027
G1 F300 E1.1;Filament (De)-Retraction!!
G1 F X-46.41 Y10.97 Z6.79 U90.25 V-268.82 E0.034027
G1 F X-46.22 Y10.97 Z6.78 U90.26 V-268.69 E0.034027
G1 F X-46.02 Y10.97 Z6.78 U90.27 V-268.55 E0.034027
G1 F X-45.82 Y10.97 Z6.77 U90.27 V-268.4 E0.034027
G1 F X-45.63 Y10.97 Z6.77 U90.28 V-268.26 E0.034027
G1 F X-45.43 Y10.97 Z6.76 U90.29 V-268.11 E0.034027
G1 F X-45.24 Y10.97 Z6.76 U90.29 V-267.95 E0.034027
G1 F X-45.04 Y10.97 Z6.75 U90.3 V-267.79 E0.034027
G1 F X-44.84 Y10.97 Z6.75 U90.31 V-267.63 E0.034027
G1 F X-44.65 Y10.97 Z6.74 U90.32 V-267.47 E0.034027
G1 F X-44.45 Y10.97 Z6.74 U90.32 V-267.3 E0.034027
G1 F X-44.26 Y10.97 Z6.73 U90.33 V-267.13 E0.034027
G1 F X-44.06 Y10.97 Z6.73 U90.34 V-266.95 E0.034027
G1 F X-43.87 Y10.97 Z6.73 U90.34 V-266.77 E0.034027
G1 F X-43.67 Y10.97 Z6.72 U90.35 V-266.59 E0.034027
G1 F X-43.48 Y10.97 Z6.72 U90.35 V-266.41 E0.034027
G1 F X-43.29 Y10.97 Z6.71 U90.36 V-266.22 E0.034027
G1 F X-43.09 Y10.97 Z6.71 U90.37 V-266.03 E0.034027
G1 F X-42.9 Y10.97 Z6.71 U90.37 V-265.83 E0.034027
G1 F X-42.7 Y10.97 Z6.71 U90.38 V-265.63 E0.034027
G1 F X-42.51 Y10.97 Z6.7 U90.38 V-265.43 E0.034027
G1 F X-42.32 Y10.97 Z6.7 U90.39 V-265.23 E0.034027
G1 F X-42.12 Y10.97 Z6.7 U90.39 V-265.02 E0.034027
G1 F X-41.93 Y10.97 Z6.69 U90.4 V-264.81 E0.034027
G1 F X-41.74 Y10.97 Z6.69 U90.4 V-264.6 E0.034027
G1 F X-41.54 Y10.97 Z6.69 U90.41 V-264.39 E0.034027
G1 F X-41.35 Y10.97 Z6.69 U90.41 V-264.17 E0.034027
G1 F X-41.16 Y10.97 Z6.68 U90.42 V-263.95 E0.034027
G1 F X-40.96 Y10.97 Z6.68 U90.42 V-263.73 E0.034027
G1 F X-40.77 Y10.97 Z6.68 U90.43 V-263.5 E0.034027
G1 F X-40.58 Y10.97 Z6.68 U90.43 V-263.27 E0.034027
G1 F X-40.39 Y10.97 Z6.68 U90.44 V-263.04 E0.034027
G1 F X-40.2 Y10.97 Z6.67 U90.44 V-262.81 E0.034027
G1 F X-40 Y10.97 Z6.67 U90.45 V-262.57 E0.034027
G1 F X-39.81 Y10.97 Z6.67 U90.45 V-262.34 E0.034027
G1 F X-39.62 Y10.97 Z6.67 U90.46 V-262.1 E0.034027
G1 F X-39.43 Y10.97 Z6.67 U90.46 V-261.85 E0.034027
G1 F X-39.24 Y10.97 Z6.67 U90.47 V-261.61 E0.034027
G1 F X-39.05 Y10.97 Z6.66 U90.47 V-261.36 E0.034027
G1 F X-38.86 Y10.97 Z6.66 U90.47 V-261.11 E0.034027
G1 F X-38.66 Y10.97 Z6.66 U90.48 V-260.86 E0.034027
G1 F X-38.47 Y10.97 Z6.66 U90.48 V-260.61 E0.034027
G1 F X-38.28 Y10.97 Z6.66 U90.49 V-260.35 E0.034027
G1 F X-38.09 Y10.97 Z6.66 U90.49 V-260.09 E0.034027
G1 F X-37.9 Y10.97 Z6.65 U90.5 V-259.83 E0.034027
G1 F X-37.71 Y10.97 Z6.65 U90.5 V-259.57 E0.034027
G1 F X-37.52 Y10.97 Z6.65 U90.51 V-259.31 E0.034027
G1 F X-37.33 Y10.97 Z6.65 U90.51 V-259.04 E0.034027
G1 F X-37.14 Y10.97 Z6.65 U90.52 V-258.78 E0.034027
G1 F X-36.95 Y10.97 Z6.65 U90.52 V-258.51 E0.034027
G1 F X-36.76 Y10.97 Z6.65 U90.52 V-258.24 E0.034027
G1 F X-36.57 Y10.97 Z6.65 U90.53 V-257.96 E0.034027
G1 F X-36.39 Y10.97 Z6.65 U90.53 V-257.69 E0.034027
G1 F X-36.2 Y10.97 Z6.65 U90.54 V-257.41 E0.034027
G1 F X-36.01 Y10.97 Z6.65 U90.54 V-257.13 E0.034027
G1 F X-35.82 Y10.97 Z6.64 U90.54 V-256.85 E0.034027
G1 F X-35.63 Y10.97 Z6.65 U90.54 V-256.57 E0.034027
G1 F X-35.44 Y10.97 Z6.65 U90.55 V-256.29 E0.034027
G1 F X-35.25 Y10.97 Z6.65 U90.55 V-256.01 E0.034027
G1 F X-35.06 Y10.97 Z6.65 U90.55 V-255.72 E0.034027
G1 F X-34.87 Y10.97 Z6.65 U90.55 V-255.43 E0.034027
G1 F X-34.69 Y10.97 Z6.65 U90.55 V-255.14 E0.034027
G1 F X-34.5 Y10.97 Z6.65 U90.56 V-254.85 E0.034027
G1 F X-34.31 Y10.97 Z6.65 U90.56 V-254.56 E0.034027
G1 F X-34.12 Y10.97 Z6.65 U90.56 V-254.27 E0.034027
G1 F X-33.93 Y10.97 Z6.65 U90.56 V-253.98 E0.034027
G1 F X-33.75 Y10.97 Z6.65 U90.56 V-253.68 E0.034027
G1 F X-33.56 Y10.97 Z6.65 U90.56 V-253.38 E0.034027
G1 F X-33.37 Y10.97 Z6.65 U90.57 V-253.09 E0.034027
G1 F X-33.18 Y10.97 Z6.65 U90.57 V-252.79 E0.034027
G1 F X-32.99 Y10.97 Z6.65 U90.57 V-252.49 E0.034027
G1 F X-32.81 Y10.97 Z6.65 U90.57 V-252.19 E0.034027
G1 F X-32.62 Y10.97 Z6.65 U90.57 V-251.88 E0.034027
G1 F X-32.43 Y10.97 Z6.65 U90.58 V-251.58 E0.034027
G1 F X-32.25 Y10.97 Z6.66 U90.58 V-251.28 E0.034027
G1 F X-32.06 Y10.97 Z6.66 U90.58 V-250.97 E0.034027
G1 F X-31.87 Y10.97 Z6.66 U90.58 V-250.67 E0.034027
G1 F X-31.68 Y10.97 Z6.66 U90.59 V-250.36 E0.034027
G1 F X-31.5 Y10.97 Z6.66 U90.59 V-250.05 E0.034027
G1 F X-31.31 Y10.97 Z6.66 U90.59 V-249.74 E0.034027
G1 F X-31.12 Y10.97 Z6.66 U90.6 V-249.44 E0.034027
G1 F X-30.94 Y10.97 Z6.66 U90.6 V-249.13 E0.034027
G1 F X-30.75 Y10.97 Z6.66 U90.6 V-248.82 E0.034027
G1 F X-30.57 Y10.97 Z6.66 U90.61 V-248.5 E0.034027
G1 F X-30.38 Y10.97 Z6.66 U90.61 V-248.19 E0.034027
G1 F X-30.19 Y10.97 Z6.66 U90.61 V-247.88 E0.034027
G1 F X-30.01 Y10.97 Z6.66 U90.61 V-247.57 E0.034027
G1 F X-29.82 Y10.97 Z6.66 U90.61 V-247.25 E0.034027
G1 F X-29.63 Y10.97 Z6.66 U90.61 V-246.94 E0.034027
G1 F X-29.45 Y10.97 Z6.67 U90.61 V-246.62 E0.034027
G1 F X-29.26 Y10.97 Z6.67 U90.61 V-246.3 E0.034027
G1 F X-29.07 Y10.97 Z6.67 U90.61 V-245.99 E0.034027
G1 F X-28.89 Y10.97 Z6.67 U90.61 V-245.67 E0.034027
G1 F X-28.7 Y10.97 Z6.67 U90.61 V-245.35 E0.033873
G1 F X-28.66 Y11.09 Z6.67 U90.24 V-245.26 E0.034182
G1 F X-28.61 Y11.2 Z6.67 U89.86 V-245.17 E0.034027
G1 F X-28.57 Y11.31 Z6.67 U89.48 V-245.09 E0.034027
G1 F X-28.56 Y11.34 Z6.67 U89.39 V-245.06 E0.008347
G1 F X-28.7 Y11.34 Z6.67 U89.39 V-245.3 E0.025681
G1 F X-28.89 Y11.34 Z6.67 U89.39 V-245.62 E0.034027
G1 F X-29.07 Y11.34 Z6.67 U89.4 V-245.94 E0.034027
G1 F X-29.26 Y11.34 Z6.67 U89.4 V-246.26 E0.034027
G1 F X-29.45 Y11.34 Z6.67 U89.4 V-246.57 E0.034027
G1 F X-29.63 Y11.34 Z6.68 U89.4 V-246.89 E0.034027
G1 F X-29.82 Y11.34 Z6.68 U89.4 V-247.2 E0.034027
G1 F X-30.01 Y11.34 Z6.68 U89.4 V-247.52 E0.034027
G1 F X-30.19 Y11.34 Z6.68 U89.41 V-247.83 E0.034027
G1 F X-30.38 Y11.34 Z6.68 U89.41 V-248.15 E0.034027
G1 F X-30.57 Y11.34 Z6.68 U89.41 V-248.46 E0.034027
G1 F X-30.75 Y11.34 Z6.68 U89.41 V-248.77 E0.034027
G1 F X-30.94 Y11.34 Z6.69 U89.41 V-249.08 E0.034027
G1 F X-31.13 Y11.34 Z6.69 U89.41 V-249.39 E0.034027
G1 F X-31.31 Y11.34 Z6.69 U89.41 V-249.7 E0.034027
G1 F X-31.5 Y11.34 Z6.69 U89.41 V-250.01 E0.034027
G1 F X-31.69 Y11.34 Z6.69 U89.41 V-250.32 E0.034027
G1 F X-31.87 Y11.34 Z6.69 U89.41 V-250.63 E0.034027
G1 F X-32.06 Y11.34 Z6.7 U89.41 V-250.93 E0.034027
G1 F X-32.25 Y11.34 Z6.7 U89.41 V-251.24 E0.034027
G1 F X-32.44 Y11.34 Z6.7 U89.41 V-251.54 E0.034027
G1 F X-32.62 Y11.34 Z6.7 U89.41 V-251.85 E0.034027
G1 F X-32.81 Y11.34 Z6.7 U89.42 V-252.15 E0.034027
G1 F X-33 Y11.34 Z6.7 U89.42 V-252.45 E0.034027
G1 F X-33.19 Y11.34 Z6.7 U89.42 V-252.75 E0.034027
G1 F X-33.38 Y11.34 Z6.7 U89.42 V-253.05 E0.034027
G1 F X-33.56 Y11.34 Z6.7 U89.43 V-253.35 E0.034027
G1 F X-33.75 Y11.34 Z6.7 U89.43 V-253.65 E0.034027
G1 F X-33.94 Y11.34 Z6.7 U89.43 V-253.94 E0.034027
G1 F X-34.13 Y11.34 Z6.7 U89.44 V-254.24 E0.034027
G1 F X-34.32 Y11.34 Z6.7 U89.44 V-254.53 E0.034027
G1 F X-34.51 Y11.34 Z6.7 U89.44 V-254.83 E0.034027
G1 F X-34.69 Y11.34 Z6.7 U89.45 V-255.12 E0.034027
G1 F X-34.88 Y11.34 Z6.7 U89.45 V-255.41 E0.034027
G1 F X-35.07 Y11.34 Z6.7 U89.45 V-255.7 E0.034027
G1 F X-35.26 Y11.34 Z6.7 U89.46 V-255.98 E0.034027
G1 F X-35.45 Y11.34 Z6.7 U89.46 V-256.27 E0.034027
G1 F X-35.64 Y11.34 Z6.7 U89.46 V-256.55 E0.034027
G1 F X-35.83 Y11.34 Z6.7 U89.47 V-256.84 E0.034027
G1 F X-36.02 Y11.34 Z6.7 U89.47 V-257.12 E0.034027
G1 F X-36.21 Y11.34 Z6.69 U89.48 V-257.4 E0.034027
G1 F X-36.4 Y11.34 Z6.69 U89.48 V-257.67 E0.034027
G1 F X-36.59 Y11.34 Z6.69 U89.48 V-257.95 E0.034027
G1 F X-36.78 Y11.34 Z6.69 U89.49 V-258.22 E0.034027
G1 F X-36.97 Y11.34 Z6.69 U89.49 V-258.5 E0.034027
G1 F X-37.16 Y11.34 Z6.69 U89.49 V-258.77 E0.034027
G1 F X-37.35 Y11.34 Z6.69 U89.5 V-259.03 E0.034027
G1 F X-37.54 Y11.34 Z6.69 U89.5 V-259.3 E0.034027
G1 F X-37.73 Y11.34 Z6.69 U89.5 V-259.57 E0.034027
G1 F X-37.92 Y11.34 Z6.69 U89.5 V-259.83 E0.034027
G1 F X-38.11 Y11.34 Z6.69 U89.51 V-260.09 E0.034027
G1 F X-38.3 Y11.34 Z6.69 U89.51 V-260.35 E0.034027
G1 F X-38.49 Y11.34 Z6.69 U89.51 V-260.61 E0.034027
G1 F X-38.69 Y11.34 Z6.69 U89.52 V-260.86 E0.034027
G1 F X-38.88 Y11.34 Z6.69 U89.52 V-261.11 E0.034027
G1 F X-39.07 Y11.34 Z6.68 U89.53 V-261.36 E0.034027
G1 F X-39.26 Y11.34 Z6.68 U89.53 V-261.61 E0.034027
G1 F X-39.45 Y11.34 Z6.68 U89.54 V-261.86 E0.034027
G1 F X-39.65 Y11.34 Z6.68 U89.54 V-262.1 E0.034027
G1 F X-39.84 Y11.34 Z6.68 U89.54 V-262.34 E0.034027
G1 F X-40.03 Y11.34 Z6.68 U89.55 V-262.58 E0.034027
G1 F X-40.22 Y11.34 Z6.67 U89.55 V-262.82 E0.034027
G1 F X-40.42 Y11.34 Z6.67 U89.56 V-263.05 E0.034027
G1 F X-40.61 Y11.34 Z6.67 U89.56 V-263.29 E0.034027
G1 F X-40.8 Y11.34 Z6.67 U89.57 V-263.52 E0.034027
G1 F X-41 Y11.34 Z6.66 U89.57 V-263.74 E0.034027
G1 F X-41.19 Y11.34 Z6.66 U89.58 V-263.97 E0.034027
G1 F X-41.38 Y11.34 Z6.66 U89.59 V-264.19 E0.034027
G1 F X-41.58 Y11.34 Z6.66 U89.59 V-264.41 E0.034027
G1 F X-41.77 Y11.34 Z6.65 U89.6 V-264.62 E0.034027
G1 F X-41.97 Y11.34 Z6.65 U89.6 V-264.84 E0.034027
G1 F X-42.16 Y11.34 Z6.65 U89.61 V-265.05 E0.034027
G1 F X-42.36 Y11.34 Z6.64 U89.61 V-265.25 E0.034027
G1 F X-42.55 Y11.34 Z6.64 U89.62 V-265.46 E0.034027
G1 F X-42.75 Y11.34 Z6.64 U89.63 V-265.66 E0.034027
G1 F X-42.94 Y11.34 Z6.63 U89.63 V-265.86 E0.034027
G1 F X-43.14 Y11.34 Z6.63 U89.64 V-266.06 E0.034027
G1 F X-43.33 Y11.34 Z6.63 U89.65 V-266.25 E0.034027
G1 F X-43.53 Y11.34 Z6.62 U89.65 V-266.44 E0.034027
G1 F X-43.72 Y11.34 Z6.62 U89.66 V-266.62 E0.034027
G1 F X-43.92 Y11.34 Z6.62 U89.66 V-266.81 E0.034027
G1 F X-44.12 Y11.34 Z6.61 U89.67 V-266.99 E0.034027
G1 F X-44.31 Y11.34 Z6.61 U89.68 V-267.16 E0.034027
G1 F X-44.51 Y11.34 Z6.6 U89.68 V-267.33 E0.034027
G1 F X-44.71 Y11.34 Z6.6 U89.69 V-267.5 E0.034027
G1 F X-44.9 Y11.34 Z6.6 U89.7 V-267.67 E0.034027
G1 F X-45.1 Y11.34 Z6.59 U89.7 V-267.83 E0.034027
G1 F X-45.3 Y11.34 Z6.59 U89.71 V-267.99 E0.034027
G1 F X-45.49 Y11.35 Z6.58 U89.72 V-268.14 E0.034027
G1 F X-45.69 Y11.35 Z6.58 U89.72 V-268.3 E0.034027
G1 F X-45.89 Y11.35 Z6.57 U89.73 V-268.44 E0.034027
G1 F X-46.09 Y11.35 Z6.57 U89.74 V-268.59 E0.034027
G1 F X-46.28 Y11.35 Z6.56 U89.74 V-268.73 E0.034027
G1 F X-46.48 Y11.35 Z6.56 U89.75 V-268.86 E0.034027
G1 F X-46.68 Y11.35 Z6.55 U89.76 V-268.99 E0.034027
G1 F X-46.88 Y11.35 Z6.55 U89.76 V-269.12 E0.034027
G1 F X-47.08 Y11.35 Z6.54 U89.77 V-269.25 E0.034027
G1 F X-47.28 Y11.35 Z6.54 U89.78 V-269.37 E0.034027
G1 F X-47.35 Y11.35 Z6.54 U89.78 V-269.41 E0.011862
G1 F X-47.35 Y11.28 Z6.59 U89.86 V-269.41 E0.022165
G1 F X-47.37 Y11.17 Z6.66 U89.98 V-269.42 E0.034027
G1 F X-47.38 Y11.07 Z6.74 U90.09 V-269.43 E0.034027
G1 F X-47.4 Y10.97 Z6.82 U90.21 V-269.44 E0.034027
G1 F X-47.39 Y11.14 Z6.92 U90.21 V-269.44 E0
G1 F X-47.65 Y10.92 Z7.1 U90.44 V-269.58 E0
G1 F X-47.65 Y10.75 Z6.99 U90.44 V-269.58 E0
G1 F X-47.45 Y10.75 Z6.98 U90.45 V-269.47 E0.03411
G1 F300 E-1.00 ;Filament Retraction!!
G1 F X-47.25 Y10.75 Z6.97 U90.47 V-269.36 E0.03411
G1 F X-47.06 Y10.75 Z6.96 U90.49 V-269.24 E0.03411
G1 F300 E1.1;Filament (De)-Retraction!!
G1 F X-46.86 Y10.75 Z6.95 U90.5 V-269.12 E0.03411
G1 F X-46.67 Y10.75 Z6.93 U90.52 V-268.99 E0.03411
G1 F X-46.47 Y10.75 Z6.92 U90.54 V-268.86 E0.03411
G1 F X-46.27 Y10.75 Z6.91 U90.55 V-268.73 E0.03411
G1 F X-46.08 Y10.75 Z6.9 U90.57 V-268.59 E0.03411
G1 F X-45.88 Y10.75 Z6.89 U90.59 V-268.45 E0.03411
G1 F X-45.69 Y10.74 Z6.88 U90.6 V-268.31 E0.03411
G1 F X-45.49 Y10.74 Z6.87 U90.62 V-268.16 E0.03411
G1 F X-45.3 Y10.74 Z6.86 U90.64 V-268 E0.03411
G1 F X-45.1 Y10.74 Z6.85 U90.65 V-267.85 E0.03411
G1 F X-44.91 Y10.74 Z6.84 U90.67 V-267.69 E0.03411
G1 F X-44.71 Y10.74 Z6.83 U90.68 V-267.53 E0.03411
G1 F X-44.52 Y10.74 Z6.82 U90.7 V-267.36 E0.03411
G1 F X-44.32 Y10.74 Z6.81 U90.72 V-267.19 E0.03411
G1 F X-44.13 Y10.74 Z6.8 U90.73 V-267.02 E0.03411
G1 F X-43.94 Y10.74 Z6.79 U90.74 V-266.84 E0.03411
G1 F X-43.74 Y10.74 Z6.79 U90.76 V-266.66 E0.03411
G1 F X-43.55 Y10.74 Z6.78 U90.77 V-266.48 E0.03411
G1 F X-43.35 Y10.74 Z6.77 U90.79 V-266.29 E0.03411
G1 F X-43.16 Y10.74 Z6.76 U90.8 V-266.1 E0.03411
G1 F X-42.97 Y10.74 Z6.76 U90.82 V-265.91 E0.03411
G1 F X-42.77 Y10.74 Z6.75 U90.83 V-265.71 E0.03411
G1 F X-42.58 Y10.74 Z6.74 U90.84 V-265.51 E0.03411
G1 F X-42.39 Y10.74 Z6.74 U90.86 V-265.31 E0.03411
G1 F X-42.19 Y10.74 Z6.73 U90.87 V-265.11 E0.03411
G1 F X-42 Y10.74 Z6.72 U90.88 V-264.9 E0.03411
G1 F X-41.81 Y10.74 Z6.72 U90.9 V-264.69 E0.03411
G1 F X-41.62 Y10.74 Z6.71 U90.91 V-264.48 E0.03411
G1 F X-41.42 Y10.74 Z6.71 U90.92 V-264.26 E0.03411
G1 F X-41.23 Y10.74 Z6.7 U90.93 V-264.04 E0.03411
G1 F X-41.04 Y10.74 Z6.7 U90.95 V-263.82 E0.03411
G1 F X-40.85 Y10.74 Z6.69 U90.96 V-263.6 E0.03411
G1 F X-40.66 Y10.74 Z6.69 U90.97 V-263.37 E0.03411
G1 F X-40.46 Y10.73 Z6.68 U90.98 V-263.14 E0.03411
G1 F X-40.27 Y10.73 Z6.68 U91 V-262.91 E0.03411
G1 F X-40.08 Y10.73 Z6.67 U91.01 V-262.68 E0.03411
G1 F X-39.89 Y10.73 Z6.67 U91.02 V-262.44 E0.03411
G1 F X-39.7 Y10.73 Z6.67 U91.03 V-262.21 E0.03411
G1 F X-39.51 Y10.73 Z6.66 U91.04 V-261.96 E0.03411
G1 F X-39.32 Y10.73 Z6.66 U91.05 V-261.72 E0.03411
G1 F X-39.13 Y10.73 Z6.65 U91.06 V-261.48 E0.03411
G1 F X-38.94 Y10.73 Z6.65 U91.08 V-261.23 E0.03411
G1 F X-38.75 Y10.73 Z6.65 U91.09 V-260.98 E0.03411
G1 F X-38.56 Y10.73 Z6.64 U91.1 V-260.73 E0.03411
G1 F X-38.37 Y10.73 Z6.64 U91.11 V-260.47 E0.03411
G1 F X-38.18 Y10.73 Z6.64 U91.12 V-260.22 E0.03411
G1 F X-37.99 Y10.73 Z6.63 U91.13 V-259.96 E0.03411
G1 F X-37.8 Y10.73 Z6.63 U91.14 V-259.7 E0.03411
G1 F X-37.61 Y10.73 Z6.63 U91.16 V-259.44 E0.03411
G1 F X-37.42 Y10.73 Z6.63 U91.17 V-259.18 E0.03411
G1 F X-37.23 Y10.73 Z6.62 U91.18 V-258.91 E0.03411
G1 F X-37.04 Y10.73 Z6.62 U91.19 V-258.64 E0.03411
G1 F X-36.85 Y10.73 Z6.62 U91.2 V-258.37 E0.03411
G1 F X-36.66 Y10.73 Z6.62 U91.21 V-258.1 E0.03411
G1 F X-36.47 Y10.73 Z6.62 U91.22 V-257.83 E0.03411
G1 F X-36.28 Y10.73 Z6.61 U91.23 V-257.55 E0.03411
G1 F X-36.09 Y10.73 Z6.61 U91.23 V-257.28 E0.03411
G1 F X-35.9 Y10.73 Z6.61 U91.24 V-257 E0.03411
G1 F X-35.72 Y10.73 Z6.61 U91.25 V-256.72 E0.03411
G1 F X-35.53 Y10.72 Z6.61 U91.26 V-256.44 E0.03411
G1 F X-35.34 Y10.72 Z6.61 U91.27 V-256.16 E0.03411
G1 F X-35.15 Y10.72 Z6.61 U91.27 V-255.87 E0.03411
G1 F X-34.96 Y10.72 Z6.61 U91.28 V-255.58 E0.03411
G1 F X-34.77 Y10.72 Z6.61 U91.29 V-255.3 E0.03411
G1 F X-34.59 Y10.72 Z6.61 U91.3 V-255.01 E0.03411
G1 F X-34.4 Y10.72 Z6.61 U91.3 V-254.72 E0.03411
G1 F X-34.21 Y10.72 Z6.61 U91.31 V-254.43 E0.03411
G1 F X-34.02 Y10.72 Z6.62 U91.31 V-254.13 E0.03411
G1 F X-33.84 Y10.72 Z6.62 U91.32 V-253.84 E0.03411
G1 F X-33.65 Y10.72 Z6.62 U91.33 V-253.54 E0.03411
G1 F X-33.46 Y10.72 Z6.62 U91.33 V-253.25 E0.03411
G1 F X-33.27 Y10.72 Z6.62 U91.34 V-252.95 E0.03411
G1 F X-33.09 Y10.72 Z6.62 U91.35 V-252.65 E0.03411
G1 F X-32.9 Y10.72 Z6.62 U91.35 V-252.35 E0.03411
G1 F X-32.71 Y10.72 Z6.62 U91.36 V-252.05 E0.03411
G1 F X-32.52 Y10.72 Z6.63 U91.36 V-251.75 E0.03411
G1 F X-32.34 Y10.72 Z6.63 U91.37 V-251.45 E0.03411
G1 F X-32.15 Y10.72 Z6.63 U91.38 V-251.14 E0.03411
G1 F X-31.96 Y10.72 Z6.63 U91.38 V-250.84 E0.03411
G1 F X-31.78 Y10.72 Z6.63 U91.39 V-250.53 E0.03411
G1 F X-31.59 Y10.72 Z6.63 U91.4 V-250.22 E0.03411
G1 F X-31.4 Y10.72 Z6.63 U91.4 V-249.92 E0.03411
G1 F X-31.22 Y10.72 Z6.64 U91.41 V-249.61 E0.03411
G1 F X-31.03 Y10.72 Z6.64 U91.41 V-249.3 E0.03411
G1 F X-30.84 Y10.72 Z6.64 U91.42 V-248.99 E0.03411
G1 F X-30.66 Y10.72 Z6.64 U91.43 V-248.68 E0.03411
G1 F X-30.47 Y10.72 Z6.64 U91.43 V-248.37 E0.03411
G1 F X-30.29 Y10.72 Z6.65 U91.44 V-248.05 E0.03411
G1 F X-30.1 Y10.72 Z6.65 U91.44 V-247.74 E0.03411
G1 F X-29.91 Y10.72 Z6.65 U91.44 V-247.43 E0.03411
G1 F X-29.73 Y10.72 Z6.65 U91.45 V-247.11 E0.03411
G1 F X-29.54 Y10.72 Z6.66 U91.45 V-246.8 E0.03411
G1 F X-29.35 Y10.72 Z6.66 U91.45 V-246.48 E0.03411
G1 F X-29.17 Y10.72 Z6.67 U91.46 V-246.16 E0.03411
G1 F X-28.98 Y10.72 Z6.67 U91.46 V-245.85 E0.03411
G1 F X-28.79 Y10.72 Z6.67 U91.46 V-245.53 E0.03411
G1 F X-28.61 Y10.72 Z6.68 U91.46 V-245.21 E0.03411
G1 F X-28.42 Y10.72 Z6.68 U91.46 V-244.89 E0.03411
G1 F X-28.39 Y10.72 Z6.68 U91.46 V-244.84 E0.005852
G1 F X-28.35 Y10.81 Z6.68 U91.15 V-244.76 E0.028258
G1 F X-28.3 Y10.92 Z6.68 U90.77 V-244.67 E0.03411
G1 F X-28.26 Y11.04 Z6.68 U90.39 V-244.58 E0.03411
G1 F X-28.21 Y11.15 Z6.67 U90.02 V-244.49 E0.03411
G1 F X-28.17 Y11.27 Z6.67 U89.64 V-244.4 E0.03411
G1 F X-28.13 Y11.38 Z6.67 U89.26 V-244.31 E0.03411
G1 F X-28.09 Y11.49 Z6.66 U88.88 V-244.22 E0.03411
G1 F X-28.05 Y11.59 Z6.66 U88.53 V-244.14 E0.031146
G1 F X-28.07 Y11.59 Z6.66 U88.53 V-244.17 E0.002964
G1 F X-28.25 Y11.59 Z6.66 U88.54 V-244.49 E0.03411
G1 F X-28.44 Y11.59 Z6.66 U88.54 V-244.81 E0.03411
G1 F X-28.63 Y11.59 Z6.67 U88.54 V-245.13 E0.03411
G1 F X-28.81 Y11.59 Z6.67 U88.55 V-245.45 E0.03411
G1 F X-29 Y11.59 Z6.67 U88.55 V-245.77 E0.03411
G1 F X-29.19 Y11.59 Z6.68 U88.56 V-246.08 E0.03411
G1 F X-29.37 Y11.59 Z6.68 U88.56 V-246.4 E0.03411
G1 F X-29.56 Y11.59 Z6.68 U88.56 V-246.72 E0.03411
G1 F X-29.75 Y11.59 Z6.69 U88.57 V-247.04 E0.03411
G1 F X-29.94 Y11.59 Z6.69 U88.57 V-247.35 E0.03411
G1 F X-30.12 Y11.59 Z6.69 U88.57 V-247.67 E0.03411
G1 F X-30.31 Y11.59 Z6.7 U88.58 V-247.98 E0.03411
G1 F X-30.5 Y11.59 Z6.7 U88.58 V-248.3 E0.03411
G1 F X-30.68 Y11.59 Z6.7 U88.58 V-248.61 E0.03411
G1 F X-30.87 Y11.59 Z6.7 U88.59 V-248.93 E0.03411
G1 F X-31.06 Y11.59 Z6.71 U88.59 V-249.24 E0.03411
G1 F X-31.25 Y11.59 Z6.71 U88.59 V-249.55 E0.03411
G1 F X-31.44 Y11.59 Z6.71 U88.6 V-249.86 E0.03411
G1 F X-31.62 Y11.59 Z6.72 U88.6 V-250.17 E0.03411
G1 F X-31.81 Y11.59 Z6.72 U88.6 V-250.48 E0.03411
G1 F X-32 Y11.59 Z6.72 U88.61 V-250.79 E0.03411
G1 F X-32.19 Y11.59 Z6.73 U88.61 V-251.1 E0.03411
G1 F X-32.38 Y11.59 Z6.73 U88.62 V-251.4 E0.03411
G1 F X-32.56 Y11.59 Z6.73 U88.62 V-251.71 E0.03411
G1 F X-32.75 Y11.59 Z6.73 U88.63 V-252.01 E0.03411
G1 F X-32.94 Y11.59 Z6.73 U88.64 V-252.32 E0.03411
G1 F X-33.13 Y11.59 Z6.73 U88.64 V-252.62 E0.03411
G1 F X-33.32 Y11.59 Z6.73 U88.65 V-252.92 E0.03411
G1 F X-33.51 Y11.59 Z6.73 U88.66 V-253.22 E0.03411
G1 F X-33.7 Y11.59 Z6.74 U88.66 V-253.52 E0.03411
G1 F X-33.89 Y11.59 Z6.74 U88.67 V-253.82 E0.03411
G1 F X-34.08 Y11.59 Z6.74 U88.68 V-254.12 E0.03411
G1 F X-34.27 Y11.59 Z6.74 U88.69 V-254.42 E0.03411
G1 F X-34.46 Y11.59 Z6.74 U88.7 V-254.71 E0.03411
G1 F X-34.64 Y11.59 Z6.74 U88.7 V-255.01 E0.03411
G1 F X-34.83 Y11.59 Z6.73 U88.71 V-255.3 E0.03411
G1 F X-35.02 Y11.59 Z6.73 U88.72 V-255.59 E0.03411
G1 F X-35.22 Y11.59 Z6.73 U88.73 V-255.88 E0.03411
G1 F X-35.41 Y11.59 Z6.73 U88.74 V-256.17 E0.03411
G1 F X-35.6 Y11.59 Z6.73 U88.75 V-256.45 E0.03411
G1 F X-35.79 Y11.58 Z6.73 U88.76 V-256.74 E0.03411
G1 F X-35.98 Y11.58 Z6.73 U88.77 V-257.02 E0.03411
G1 F X-36.17 Y11.58 Z6.73 U88.78 V-257.3 E0.03411
G1 F X-36.36 Y11.58 Z6.73 U88.79 V-257.58 E0.03411
G1 F X-36.55 Y11.58 Z6.73 U88.8 V-257.86 E0.03411
G1 F X-36.74 Y11.58 Z6.72 U88.81 V-258.14 E0.03411
G1 F X-36.93 Y11.58 Z6.72 U88.81 V-258.41 E0.03411
G1 F X-37.12 Y11.58 Z6.72 U88.82 V-258.69 E0.03411
G1 F X-37.32 Y11.58 Z6.72 U88.83 V-258.96 E0.03411
G1 F X-37.51 Y11.58 Z6.72 U88.84 V-259.23 E0.03411
G1 F X-37.7 Y11.58 Z6.72 U88.85 V-259.5 E0.03411
G1 F X-37.89 Y11.58 Z6.71 U88.86 V-259.76 E0.03411
G1 F X-38.08 Y11.58 Z6.71 U88.87 V-260.02 E0.03411
G1 F X-38.28 Y11.58 Z6.71 U88.88 V-260.29 E0.03411
G1 F X-38.47 Y11.58 Z6.71 U88.89 V-260.55 E0.03411
G1 F X-38.66 Y11.58 Z6.7 U88.9 V-260.8 E0.03411
G1 F X-38.86 Y11.58 Z6.7 U88.91 V-261.06 E0.03411
G1 F X-39.05 Y11.58 Z6.7 U88.92 V-261.31 E0.03411
G1 F X-39.24 Y11.58 Z6.69 U88.93 V-261.56 E0.03411
G1 F X-39.44 Y11.58 Z6.69 U88.95 V-261.81 E0.03411
G1 F X-39.63 Y11.58 Z6.69 U88.96 V-262.06 E0.03411
G1 F X-39.82 Y11.58 Z6.68 U88.97 V-262.3 E0.03411
G1 F X-40.02 Y11.58 Z6.68 U88.98 V-262.54 E0.03411
G1 F X-40.21 Y11.58 Z6.67 U88.99 V-262.78 E0.03411
G1 F X-40.41 Y11.58 Z6.67 U89.01 V-263.02 E0.03411
G1 F X-40.6 Y11.58 Z6.66 U89.02 V-263.25 E0.03411
G1 F X-40.79 Y11.58 Z6.66 U89.03 V-263.48 E0.03411
G1 F X-40.99 Y11.58 Z6.65 U89.05 V-263.71 E0.03411
G1 F X-41.18 Y11.58 Z6.65 U89.06 V-263.94 E0.03411
G1 F X-41.38 Y11.57 Z6.64 U89.07 V-264.16 E0.03411
G1 F X-41.58 Y11.57 Z6.64 U89.08 V-264.39 E0.03411
G1 F X-41.77 Y11.57 Z6.63 U89.1 V-264.6 E0.03411
G1 F X-41.97 Y11.57 Z6.62 U89.11 V-264.82 E0.03411
G1 F X-42.16 Y11.57 Z6.62 U89.13 V-265.03 E0.03411
G1 F X-42.36 Y11.57 Z6.61 U89.14 V-265.24 E0.03411
G1 F X-42.56 Y11.57 Z6.6 U89.15 V-265.45 E0.03411
G1 F X-42.75 Y11.57 Z6.6 U89.17 V-265.65 E0.03411
G1 F X-42.95 Y11.57 Z6.59 U89.18 V-265.85 E0.03411
G1 F X-43.15 Y11.57 Z6.58 U89.2 V-266.05 E0.03411
G1 F X-43.34 Y11.57 Z6.57 U89.21 V-266.24 E0.03411
G1 F X-43.54 Y11.57 Z6.57 U89.23 V-266.43 E0.03411
G1 F X-43.74 Y11.57 Z6.56 U89.24 V-266.62 E0.03411
G1 F X-43.93 Y11.57 Z6.55 U89.26 V-266.81 E0.03411
G1 F X-44.13 Y11.57 Z6.54 U89.27 V-266.99 E0.03411
G1 F X-44.33 Y11.57 Z6.53 U89.29 V-267.17 E0.03411
G1 F X-44.53 Y11.57 Z6.52 U89.3 V-267.34 E0.03411
G1 F X-44.73 Y11.57 Z6.51 U89.32 V-267.51 E0.03411
G1 F X-44.93 Y11.57 Z6.51 U89.33 V-267.68 E0.03411
G1 F X-45.12 Y11.57 Z6.5 U89.35 V-267.84 E0.03411
G1 F X-45.32 Y11.57 Z6.49 U89.37 V-268 E0.03411
G1 F X-45.52 Y11.57 Z6.48 U89.38 V-268.16 E0.03411
G1 F X-45.72 Y11.57 Z6.47 U89.4 V-268.31 E0.03411
G1 F X-45.92 Y11.57 Z6.46 U89.41 V-268.46 E0.03411
G1 F X-46.12 Y11.57 Z6.45 U89.43 V-268.6 E0.03411
G1 F X-46.32 Y11.57 Z6.44 U89.44 V-268.74 E0.03411
G1 F X-46.52 Y11.57 Z6.42 U89.46 V-268.88 E0.03411
G1 F X-46.72 Y11.57 Z6.41 U89.48 V-269.01 E0.03411
G1 F X-46.92 Y11.57 Z6.4 U89.49 V-269.14 E0.03411
G1 F X-47.12 Y11.57 Z6.39 U89.51 V-269.26 E0.03411
G1 F X-47.32 Y11.57 Z6.38 U89.53 V-269.39 E0.03411
G1 F X-47.52 Y11.57 Z6.37 U89.55 V-269.5 E0.03411
G1 F X-47.72 Y11.57 Z6.35 U89.56 V-269.61 E0.03411
G1 F X-47.74 Y11.57 Z6.35 U89.56 V-269.63 E0.004141
G1 F X-47.75 Y11.47 Z6.42 U89.66 V-269.63 E0.029969
G1 F X-47.76 Y11.37 Z6.51 U89.77 V-269.64 E0.03411
G1 F X-47.78 Y11.27 Z6.59 U89.88 V-269.65 E0.03411
G1 F X-47.79 Y11.16 Z6.67 U89.99 V-269.66 E0.03411
G1 F X-47.8 Y11.06 Z6.75 U90.1 V-269.67 E0.03411
G1 F X-47.81 Y10.96 Z6.84 U90.21 V-269.67 E0.03411
G1 F X-47.83 Y10.85 Z6.92 U90.31 V-269.68 E0.03411
G1 F X-47.84 Y10.75 Z7.01 U90.42 V-269.69 E0.03411
G1 F X-47.84 Y10.92 Z7.11 U90.42 V-269.69 E0
G1 F X-47.2 Y12.86 Z7.94 U90.22 V-269.33 E0
G1 F X-47.2 Y12.68 Z7.84 U90.22 V-269.33 E0
G1 F X-47.01 Y12.68 Z7.83 U90.23 V-269.21 E0.034114
G1 F300 E-1.00 ;Filament Retraction!!
G1 F X-46.81 Y12.68 Z7.82 U90.23 V-269.09 E0.034114
G1 F X-46.61 Y12.68 Z7.82 U90.24 V-268.96 E0.034114
G1 F300 E1.1;Filament (De)-Retraction!!
G1 F X-46.42 Y12.68 Z7.81 U90.25 V-268.83 E0.034114
G1 F X-46.22 Y12.68 Z7.81 U90.26 V-268.69 E0.034114
G1 F X-46.02 Y12.68 Z7.8 U90.26 V-268.55 E0.034114
G1 F X-45.83 Y12.68 Z7.8 U90.27 V-268.41 E0.034114
G1 F X-45.63 Y12.68 Z7.79 U90.28 V-268.27 E0.034114
G1 F X-45.44 Y12.68 Z7.79 U90.29 V-268.12 E0.034114
G1 F X-45.24 Y12.68 Z7.78 U90.29 V-267.96 E0.034114
G1 F X-45.05 Y12.68 Z7.78 U90.3 V-267.81 E0.034114
G1 F X-44.85 Y12.68 Z7.77 U90.31 V-267.64 E0.034114
G1 F X-44.66 Y12.68 Z7.77 U90.32 V-267.48 E0.034114
G1 F X-44.46 Y12.68 Z7.76 U90.32 V-267.31 E0.034114
G1 F X-44.27 Y12.68 Z7.76 U90.33 V-267.14 E0.034114
G1 F X-44.08 Y12.68 Z7.76 U90.34 V-266.97 E0.034114
G1 F X-43.88 Y12.68 Z7.75 U90.34 V-266.79 E0.034114
G1 F X-43.69 Y12.68 Z7.75 U90.35 V-266.61 E0.034114
G1 F X-43.5 Y12.68 Z7.75 U90.35 V-266.43 E0.034114
G1 F X-43.3 Y12.68 Z7.74 U90.36 V-266.24 E0.034114
G1 F X-43.11 Y12.68 Z7.74 U90.37 V-266.05 E0.034114
G1 F X-42.92 Y12.68 Z7.74 U90.37 V-265.86 E0.034114
G1 F X-42.72 Y12.69 Z7.73 U90.38 V-265.66 E0.034114
G1 F X-42.53 Y12.69 Z7.73 U90.38 V-265.46 E0.034114
G1 F X-42.34 Y12.69 Z7.73 U90.39 V-265.26 E0.034114
G1 F X-42.15 Y12.69 Z7.72 U90.39 V-265.06 E0.034114
G1 F X-41.95 Y12.69 Z7.72 U90.4 V-264.85 E0.034114
G1 F X-41.76 Y12.69 Z7.72 U90.4 V-264.64 E0.034114
G1 F X-41.57 Y12.69 Z7.72 U90.41 V-264.43 E0.034114
G1 F X-41.38 Y12.69 Z7.71 U90.41 V-264.21 E0.034114
G1 F X-41.19 Y12.69 Z7.71 U90.42 V-263.99 E0.034114
G1 F X-41 Y12.69 Z7.71 U90.42 V-263.77 E0.034114
G1 F X-40.81 Y12.69 Z7.71 U90.43 V-263.55 E0.034114
G1 F X-40.61 Y12.69 Z7.71 U90.43 V-263.32 E0.034114
G1 F X-40.42 Y12.69 Z7.7 U90.44 V-263.1 E0.034114
G1 F X-40.23 Y12.69 Z7.7 U90.44 V-262.87 E0.034114
G1 F X-40.04 Y12.69 Z7.7 U90.45 V-262.63 E0.034114
G1 F X-39.85 Y12.69 Z7.7 U90.45 V-262.4 E0.034114
G1 F X-39.66 Y12.69 Z7.7 U90.45 V-262.16 E0.034114
G1 F X-39.47 Y12.69 Z7.69 U90.46 V-261.92 E0.034114
G1 F X-39.29 Y12.69 Z7.69 U90.46 V-261.68 E0.034114
G1 F X-39.1 Y12.69 Z7.69 U90.47 V-261.44 E0.034114
G1 F X-38.91 Y12.69 Z7.69 U90.47 V-261.19 E0.034114
G1 F X-38.72 Y12.69 Z7.69 U90.48 V-260.94 E0.034114
G1 F X-38.53 Y12.69 Z7.69 U90.48 V-260.69 E0.034114
G1 F X-38.34 Y12.69 Z7.69 U90.49 V-260.44 E0.034114
G1 F X-38.15 Y12.69 Z7.68 U90.49 V-260.19 E0.034114
G1 F X-37.97 Y12.69 Z7.68 U90.5 V-259.93 E0.034114
G1 F X-37.78 Y12.69 Z7.68 U90.5 V-259.67 E0.034114
G1 F X-37.59 Y12.69 Z7.68 U90.5 V-259.41 E0.034114
G1 F X-37.4 Y12.69 Z7.68 U90.51 V-259.15 E0.034114
G1 F X-37.21 Y12.69 Z7.68 U90.51 V-258.89 E0.034114
G1 F X-37.03 Y12.69 Z7.67 U90.52 V-258.63 E0.034114
G1 F X-36.84 Y12.69 Z7.67 U90.52 V-258.36 E0.034114
G1 F X-36.65 Y12.69 Z7.67 U90.53 V-258.09 E0.034114
G1 F X-36.47 Y12.69 Z7.67 U90.53 V-257.82 E0.034114
G1 F X-36.28 Y12.69 Z7.67 U90.53 V-257.55 E0.034114
G1 F X-36.09 Y12.69 Z7.67 U90.54 V-257.28 E0.034114
G1 F X-35.91 Y12.69 Z7.67 U90.54 V-257 E0.034114
G1 F X-35.72 Y12.69 Z7.67 U90.54 V-256.72 E0.034114
G1 F X-35.53 Y12.69 Z7.67 U90.54 V-256.45 E0.034114
G1 F X-35.35 Y12.69 Z7.67 U90.55 V-256.17 E0.034114
G1 F X-35.16 Y12.69 Z7.67 U90.55 V-255.89 E0.034114
G1 F X-34.98 Y12.69 Z7.67 U90.55 V-255.6 E0.034114
G1 F X-34.79 Y12.69 Z7.67 U90.55 V-255.32 E0.034114
G1 F X-34.61 Y12.69 Z7.67 U90.55 V-255.03 E0.034114
G1 F X-34.42 Y12.69 Z7.67 U90.56 V-254.75 E0.034114
G1 F X-34.23 Y12.69 Z7.68 U90.56 V-254.46 E0.034114
G1 F X-34.05 Y12.69 Z7.68 U90.56 V-254.17 E0.034114
G1 F X-33.86 Y12.69 Z7.68 U90.56 V-253.88 E0.034114
G1 F X-33.68 Y12.69 Z7.68 U90.56 V-253.59 E0.034114
G1 F X-33.49 Y12.69 Z7.68 U90.56 V-253.3 E0.034114
G1 F X-33.31 Y12.69 Z7.68 U90.57 V-253.01 E0.034114
G1 F X-33.13 Y12.69 Z7.68 U90.57 V-252.71 E0.034114
G1 F X-32.94 Y12.69 Z7.68 U90.57 V-252.42 E0.034114
G1 F X-32.76 Y12.69 Z7.68 U90.57 V-252.12 E0.034114
G1 F X-32.57 Y12.69 Z7.68 U90.57 V-251.82 E0.034114
G1 F X-32.39 Y12.69 Z7.68 U90.58 V-251.53 E0.034114
G1 F X-32.2 Y12.69 Z7.68 U90.58 V-251.23 E0.034114
G1 F X-32.02 Y12.69 Z7.68 U90.58 V-250.93 E0.034114
G1 F X-31.84 Y12.69 Z7.68 U90.58 V-250.63 E0.034114
G1 F X-31.65 Y12.69 Z7.68 U90.59 V-250.33 E0.034114
G1 F X-31.47 Y12.69 Z7.68 U90.59 V-250.02 E0.034114
G1 F X-31.29 Y12.69 Z7.68 U90.59 V-249.72 E0.034114
G1 F X-31.1 Y12.69 Z7.68 U90.6 V-249.42 E0.034114
G1 F X-30.92 Y12.69 Z7.68 U90.6 V-249.11 E0.034114
G1 F X-30.74 Y12.69 Z7.68 U90.6 V-248.81 E0.034114
G1 F X-30.55 Y12.69 Z7.68 U90.61 V-248.5 E0.034114
G1 F X-30.37 Y12.69 Z7.69 U90.61 V-248.2 E0.034114
G1 F X-30.19 Y12.69 Z7.69 U90.61 V-247.89 E0.034114
G1 F X-30.01 Y12.69 Z7.69 U90.61 V-247.58 E0.034114
G1 F X-29.82 Y12.69 Z7.69 U90.61 V-247.27 E0.034114
G1 F X-29.64 Y12.69 Z7.69 U90.61 V-246.96 E0.034114
G1 F X-29.46 Y12.69 Z7.69 U90.61 V-246.65 E0.034114
G1 F X-29.27 Y12.69 Z7.69 U90.61 V-246.34 E0.034114
G1 F X-29.09 Y12.69 Z7.7 U90.61 V-246.03 E0.034114
G1 F X-28.91 Y12.69 Z7.7 U90.61 V-245.72 E0.034114
G1 F X-28.72 Y12.69 Z7.7 U90.61 V-245.41 E0.034114
G1 F X-28.71 Y12.69 Z7.7 U90.61 V-245.39 E0.002018
G1 F X-28.66 Y12.8 Z7.7 U90.24 V-245.28 E0.032096
G1 F X-28.61 Y12.92 Z7.7 U89.85 V-245.16 E0.034114
G1 F X-28.56 Y13.04 Z7.7 U89.45 V-245.04 E0.034114
G1 F X-28.55 Y13.06 Z7.7 U89.39 V-245.03 E0.005341
G1 F X-28.7 Y13.06 Z7.7 U89.39 V-245.29 E0.028772
G1 F X-28.89 Y13.06 Z7.7 U89.39 V-245.6 E0.034114
G1 F X-29.07 Y13.06 Z7.7 U89.4 V-245.91 E0.034114
G1 F X-29.25 Y13.06 Z7.7 U89.4 V-246.23 E0.034114
G1 F X-29.44 Y13.06 Z7.7 U89.4 V-246.54 E0.034114
G1 F X-29.62 Y13.06 Z7.7 U89.4 V-246.85 E0.034114
G1 F X-29.8 Y13.06 Z7.7 U89.4 V-247.16 E0.034114
G1 F X-29.99 Y13.06 Z7.7 U89.4 V-247.47 E0.034114
G1 F X-30.17 Y13.06 Z7.71 U89.41 V-247.77 E0.034114
G1 F X-30.35 Y13.06 Z7.71 U89.41 V-248.08 E0.034114
G1 F X-30.54 Y13.06 Z7.71 U89.41 V-248.39 E0.034114
G1 F X-30.72 Y13.06 Z7.71 U89.41 V-248.7 E0.034114
G1 F X-30.9 Y13.06 Z7.71 U89.41 V-249 E0.034114
G1 F X-31.09 Y13.06 Z7.71 U89.41 V-249.31 E0.034114
G1 F X-31.27 Y13.06 Z7.72 U89.41 V-249.61 E0.034114
G1 F X-31.45 Y13.06 Z7.72 U89.41 V-249.92 E0.034114
G1 F X-31.64 Y13.06 Z7.72 U89.41 V-250.22 E0.034114
G1 F X-31.82 Y13.06 Z7.72 U89.41 V-250.52 E0.034114
G1 F X-32 Y13.06 Z7.72 U89.41 V-250.82 E0.034114
G1 F X-32.19 Y13.06 Z7.72 U89.41 V-251.12 E0.034114
G1 F X-32.37 Y13.06 Z7.72 U89.41 V-251.42 E0.034114
G1 F X-32.56 Y13.06 Z7.73 U89.41 V-251.72 E0.034114
G1 F X-32.74 Y13.06 Z7.73 U89.42 V-252.02 E0.034114
G1 F X-32.93 Y13.06 Z7.73 U89.42 V-252.32 E0.034114
G1 F X-33.11 Y13.06 Z7.73 U89.42 V-252.61 E0.034114
G1 F X-33.3 Y13.06 Z7.73 U89.42 V-252.91 E0.034114
G1 F X-33.48 Y13.06 Z7.73 U89.42 V-253.2 E0.034114
G1 F X-33.67 Y13.06 Z7.73 U89.43 V-253.5 E0.034114
G1 F X-33.85 Y13.06 Z7.73 U89.43 V-253.79 E0.034114
G1 F X-34.04 Y13.06 Z7.73 U89.43 V-254.08 E0.034114
G1 F X-34.22 Y13.06 Z7.73 U89.44 V-254.37 E0.034114
G1 F X-34.41 Y13.06 Z7.73 U89.44 V-254.66 E0.034114
G1 F X-34.59 Y13.06 Z7.73 U89.44 V-254.95 E0.034114
G1 F X-34.78 Y13.06 Z7.73 U89.45 V-255.24 E0.034114
G1 F X-34.97 Y13.06 Z7.73 U89.45 V-255.52 E0.034114
G1 F X-35.15 Y13.06 Z7.72 U89.46 V-255.8 E0.034114
G1 F X-35.34 Y13.06 Z7.72 U89.46 V-256.09 E0.034114
G1 F X-35.53 Y13.06 Z7.72 U89.46 V-256.37 E0.034114
G1 F X-35.71 Y13.06 Z7.72 U89.47 V-256.65 E0.034114
G1 F X-35.9 Y13.06 Z7.72 U89.47 V-256.93 E0.034114
G1 F X-36.09 Y13.06 Z7.72 U89.47 V-257.2 E0.034114
G1 F X-36.27 Y13.06 Z7.72 U89.48 V-257.48 E0.034114
G1 F X-36.46 Y13.06 Z7.72 U89.48 V-257.75 E0.034114
G1 F X-36.65 Y13.06 Z7.72 U89.48 V-258.02 E0.034114
G1 F X-36.84 Y13.06 Z7.72 U89.49 V-258.29 E0.034114
G1 F X-37.02 Y13.06 Z7.72 U89.49 V-258.56 E0.034114
G1 F X-37.21 Y13.06 Z7.72 U89.49 V-258.83 E0.034114
G1 F X-37.4 Y13.06 Z7.72 U89.5 V-259.09 E0.034114
G1 F X-37.59 Y13.06 Z7.72 U89.5 V-259.36 E0.034114
G1 F X-37.78 Y13.06 Z7.72 U89.5 V-259.62 E0.034114
G1 F X-37.97 Y13.06 Z7.72 U89.51 V-259.88 E0.034114
G1 F X-38.15 Y13.06 Z7.72 U89.51 V-260.14 E0.034114
G1 F X-38.34 Y13.06 Z7.72 U89.51 V-260.39 E0.034114
G1 F X-38.53 Y13.06 Z7.71 U89.52 V-260.64 E0.034114
G1 F X-38.72 Y13.06 Z7.71 U89.52 V-260.9 E0.034114
G1 F X-38.91 Y13.06 Z7.71 U89.52 V-261.15 E0.034114
G1 F X-39.1 Y13.06 Z7.71 U89.53 V-261.39 E0.034114
G1 F X-39.29 Y13.06 Z7.71 U89.53 V-261.64 E0.034114
G1 F X-39.48 Y13.06 Z7.71 U89.54 V-261.88 E0.034114
G1 F X-39.67 Y13.06 Z7.71 U89.54 V-262.12 E0.034114
G1 F X-39.86 Y13.06 Z7.7 U89.55 V-262.36 E0.034114
G1 F X-40.05 Y13.06 Z7.7 U89.55 V-262.6 E0.034114
G1 F X-40.24 Y13.06 Z7.7 U89.55 V-262.84 E0.034114
G1 F X-40.44 Y13.06 Z7.7 U89.56 V-263.07 E0.034114
G1 F X-40.63 Y13.06 Z7.7 U89.57 V-263.3 E0.034114
G1 F X-40.82 Y13.06 Z7.69 U89.57 V-263.53 E0.034114
G1 F X-41.01 Y13.06 Z7.69 U89.58 V-263.75 E0.034114
G1 F X-41.2 Y13.06 Z7.69 U89.58 V-263.97 E0.034114
G1 F X-41.4 Y13.06 Z7.69 U89.59 V-264.19 E0.034114
G1 F X-41.59 Y13.06 Z7.68 U89.59 V-264.41 E0.034114
G1 F X-41.78 Y13.06 Z7.68 U89.6 V-264.63 E0.034114
G1 F X-41.97 Y13.06 Z7.68 U89.6 V-264.84 E0.034114
G1 F X-42.17 Y13.06 Z7.67 U89.61 V-265.05 E0.034114
G1 F X-42.36 Y13.06 Z7.67 U89.62 V-265.25 E0.034114
G1 F X-42.55 Y13.06 Z7.67 U89.62 V-265.46 E0.034114
G1 F X-42.75 Y13.06 Z7.66 U89.63 V-265.66 E0.034114
G1 F X-42.94 Y13.06 Z7.66 U89.63 V-265.86 E0.034114
G1 F X-43.14 Y13.06 Z7.66 U89.64 V-266.05 E0.034114
G1 F X-43.33 Y13.06 Z7.65 U89.65 V-266.24 E0.034114
G1 F X-43.53 Y13.06 Z7.65 U89.65 V-266.43 E0.034114
G1 F X-43.72 Y13.06 Z7.65 U89.66 V-266.62 E0.034114
G1 F X-43.92 Y13.06 Z7.64 U89.66 V-266.8 E0.034114
G1 F X-44.11 Y13.06 Z7.64 U89.67 V-266.98 E0.034114
G1 F X-44.31 Y13.06 Z7.63 U89.68 V-267.15 E0.034114
G1 F X-44.5 Y13.06 Z7.63 U89.68 V-267.33 E0.034114
G1 F X-44.7 Y13.06 Z7.63 U89.69 V-267.49 E0.034114
G1 F X-44.9 Y13.06 Z7.62 U89.7 V-267.66 E0.034114
G1 F X-45.09 Y13.06 Z7.62 U89.7 V-267.82 E0.034114
G1 F X-45.29 Y13.06 Z7.61 U89.71 V-267.98 E0.034114
G1 F X-45.49 Y13.06 Z7.61 U89.72 V-268.14 E0.034114
G1 F X-45.68 Y13.06 Z7.61 U89.72 V-268.29 E0.034114
G1 F X-45.88 Y13.06 Z7.6 U89.73 V-268.43 E0.034114
G1 F X-46.08 Y13.06 Z7.6 U89.74 V-268.58 E0.034114
G1 F X-46.28 Y13.06 Z7.59 U89.74 V-268.72 E0.034114
G1 F X-46.47 Y13.06 Z7.59 U89.75 V-268.85 E0.034114
G1 F X-46.67 Y13.06 Z7.58 U89.76 V-268.99 E0.034114
G1 F X-46.87 Y13.06 Z7.58 U89.76 V-269.11 E0.034114
G1 F X-47.07 Y13.06 Z7.57 U89.77 V-269.24 E0.034114
G1 F X-47.27 Y13.06 Z7.57 U89.78 V-269.36 E0.034114
G1 F X-47.34 Y13.06 Z7.56 U89.78 V-269.4 E0.012819
G1 F X-47.35 Y13 Z7.61 U89.86 V-269.41 E0.021295
G1 F X-47.37 Y12.89 Z7.69 U89.97 V-269.42 E0.034114
G1 F X-47.38 Y12.79 Z7.76 U90.09 V-269.43 E0.034114
G1 F X-47.4 Y12.68 Z7.84 U90.21 V-269.45 E0.034114
G1 F X-47.4 Y12.86 Z7.95 U90.21 V-269.45 E0
G1 F X-47.85 Y12.63 Z8.14 U90.42 V-269.7 E0
G1 F X-47.85 Y12.46 Z8.04 U90.42 V-269.7 E0
G1 F X-47.65 Y12.46 Z8.02 U90.44 V-269.59 E0.034069
G1 F300 E-1.00 ;Filament Retraction!!
G1 F X-47.46 Y12.46 Z8.01 U90.45 V-269.48 E0.034069
G1 F X-47.26 Y12.46 Z8 U90.47 V-269.37 E0.034069
G1 F300 E1.1;Filament (De)-Retraction!!
G1 F X-47.07 Y12.46 Z7.99 U90.49 V-269.25 E0.034069
G1 F X-46.87 Y12.46 Z7.97 U90.5 V-269.13 E0.034069
G1 F X-46.68 Y12.46 Z7.96 U90.52 V-269.01 E0.034069
G1 F X-46.48 Y12.46 Z7.95 U90.54 V-268.88 E0.034069
G1 F X-46.29 Y12.46 Z7.94 U90.56 V-268.75 E0.034069
G1 F X-46.1 Y12.46 Z7.93 U90.57 V-268.61 E0.034069
G1 F X-45.9 Y12.46 Z7.92 U90.59 V-268.47 E0.034069
G1 F X-45.71 Y12.46 Z7.91 U90.61 V-268.33 E0.034069
G1 F X-45.51 Y12.46 Z7.9 U90.62 V-268.18 E0.034069
G1 F X-45.32 Y12.46 Z7.89 U90.64 V-268.03 E0.034069
G1 F X-45.13 Y12.46 Z7.88 U90.66 V-267.88 E0.034069
G1 F X-44.93 Y12.46 Z7.87 U90.67 V-267.72 E0.034069
G1 F X-44.74 Y12.46 Z7.86 U90.69 V-267.56 E0.034069
G1 F X-44.55 Y12.46 Z7.85 U90.7 V-267.4 E0.034069
G1 F X-44.36 Y12.45 Z7.84 U90.72 V-267.23 E0.034069
G1 F X-44.16 Y12.45 Z7.83 U90.73 V-267.06 E0.034069
G1 F X-43.97 Y12.45 Z7.82 U90.75 V-266.88 E0.034069
G1 F X-43.78 Y12.45 Z7.82 U90.76 V-266.71 E0.034069
G1 F X-43.59 Y12.45 Z7.81 U90.78 V-266.53 E0.034069
G1 F X-43.4 Y12.45 Z7.8 U90.79 V-266.34 E0.034069
G1 F X-43.2 Y12.45 Z7.79 U90.81 V-266.16 E0.034069
G1 F X-43.01 Y12.45 Z7.79 U90.82 V-265.97 E0.034069
G1 F X-42.82 Y12.45 Z7.78 U90.84 V-265.78 E0.034069
G1 F X-42.63 Y12.45 Z7.77 U90.85 V-265.58 E0.034069
G1 F X-42.44 Y12.45 Z7.77 U90.86 V-265.38 E0.034069
G1 F X-42.25 Y12.45 Z7.76 U90.88 V-265.18 E0.034069
G1 F X-42.06 Y12.45 Z7.75 U90.89 V-264.98 E0.034069
G1 F X-41.87 Y12.45 Z7.75 U90.9 V-264.77 E0.034069
G1 F X-41.68 Y12.45 Z7.74 U90.92 V-264.56 E0.034069
G1 F X-41.49 Y12.45 Z7.74 U90.93 V-264.35 E0.034069
G1 F X-41.3 Y12.45 Z7.73 U90.94 V-264.14 E0.034069
G1 F X-41.11 Y12.44 Z7.73 U90.96 V-263.92 E0.034069
G1 F X-40.92 Y12.44 Z7.72 U90.97 V-263.7 E0.034069
G1 F X-40.73 Y12.44 Z7.72 U90.98 V-263.48 E0.034069
G1 F X-40.54 Y12.44 Z7.71 U91 V-263.26 E0.034069
G1 F X-40.35 Y12.44 Z7.71 U91.01 V-263.03 E0.034069
G1 F X-40.16 Y12.44 Z7.7 U91.02 V-262.8 E0.034069
G1 F X-39.97 Y12.44 Z7.7 U91.03 V-262.57 E0.034069
G1 F X-39.79 Y12.44 Z7.69 U91.04 V-262.34 E0.034069
G1 F X-39.6 Y12.44 Z7.69 U91.06 V-262.1 E0.034069
G1 F X-39.41 Y12.44 Z7.69 U91.07 V-261.86 E0.034069
G1 F X-39.22 Y12.44 Z7.68 U91.08 V-261.62 E0.034069
G1 F X-39.04 Y12.44 Z7.68 U91.09 V-261.38 E0.034069
G1 F X-38.85 Y12.44 Z7.68 U91.1 V-261.14 E0.034069
G1 F X-38.66 Y12.44 Z7.67 U91.12 V-260.89 E0.034069
G1 F X-38.47 Y12.44 Z7.67 U91.13 V-260.65 E0.034069
G1 F X-38.29 Y12.44 Z7.67 U91.14 V-260.4 E0.034069
G1 F X-38.1 Y12.44 Z7.66 U91.15 V-260.14 E0.034069
G1 F X-37.91 Y12.44 Z7.66 U91.16 V-259.89 E0.034069
G1 F X-37.73 Y12.43 Z7.66 U91.18 V-259.64 E0.034069
G1 F X-37.54 Y12.43 Z7.65 U91.19 V-259.38 E0.034069
G1 F X-37.36 Y12.43 Z7.65 U91.2 V-259.12 E0.034069
G1 F X-37.17 Y12.43 Z7.65 U91.21 V-258.86 E0.034069
G1 F X-36.98 Y12.43 Z7.65 U91.22 V-258.6 E0.034069
G1 F X-36.8 Y12.43 Z7.64 U91.23 V-258.33 E0.034069
G1 F X-36.61 Y12.43 Z7.64 U91.24 V-258.06 E0.034069
G1 F X-36.43 Y12.43 Z7.64 U91.25 V-257.8 E0.034069
G1 F X-36.24 Y12.43 Z7.64 U91.26 V-257.53 E0.034069
G1 F X-36.06 Y12.43 Z7.64 U91.27 V-257.26 E0.034069
G1 F X-35.87 Y12.43 Z7.64 U91.28 V-256.98 E0.034069
G1 F X-35.69 Y12.43 Z7.64 U91.29 V-256.71 E0.034069
G1 F X-35.5 Y12.43 Z7.64 U91.3 V-256.43 E0.034069
G1 F X-35.32 Y12.43 Z7.64 U91.31 V-256.16 E0.034069
G1 F X-35.13 Y12.43 Z7.64 U91.31 V-255.88 E0.034069
G1 F X-34.95 Y12.43 Z7.64 U91.32 V-255.6 E0.034069
G1 F X-34.76 Y12.43 Z7.64 U91.33 V-255.32 E0.034069
G1 F X-34.58 Y12.43 Z7.64 U91.34 V-255.03 E0.034069
G1 F X-34.4 Y12.43 Z7.64 U91.34 V-254.75 E0.034069
G1 F X-34.21 Y12.42 Z7.64 U91.35 V-254.46 E0.034069
G1 F X-34.03 Y12.42 Z7.64 U91.36 V-254.18 E0.034069
G1 F X-33.84 Y12.42 Z7.64 U91.36 V-253.89 E0.034069
G1 F X-33.66 Y12.42 Z7.64 U91.37 V-253.6 E0.034069
G1 F X-33.48 Y12.42 Z7.64 U91.38 V-253.31 E0.034069
G1 F X-33.29 Y12.42 Z7.65 U91.38 V-253.02 E0.034069
G1 F X-33.11 Y12.42 Z7.65 U91.39 V-252.73 E0.034069
G1 F X-32.93 Y12.42 Z7.65 U91.4 V-252.43 E0.034069
G1 F X-32.74 Y12.42 Z7.65 U91.4 V-252.14 E0.034069
G1 F X-32.56 Y12.42 Z7.65 U91.41 V-251.85 E0.034069
G1 F X-32.38 Y12.42 Z7.65 U91.42 V-251.55 E0.034069
G1 F X-32.19 Y12.42 Z7.65 U91.42 V-251.25 E0.034069
G1 F X-32.01 Y12.42 Z7.66 U91.43 V-250.95 E0.034069
G1 F X-31.83 Y12.42 Z7.66 U91.44 V-250.66 E0.034069
G1 F X-31.65 Y12.42 Z7.66 U91.44 V-250.36 E0.034069
G1 F X-31.46 Y12.42 Z7.66 U91.45 V-250.06 E0.034069
G1 F X-31.28 Y12.42 Z7.66 U91.46 V-249.76 E0.034069
G1 F X-31.1 Y12.42 Z7.66 U91.47 V-249.45 E0.034069
G1 F X-30.92 Y12.42 Z7.66 U91.47 V-249.15 E0.034069
G1 F X-30.73 Y12.42 Z7.67 U91.48 V-248.85 E0.034069
G1 F X-30.55 Y12.42 Z7.67 U91.48 V-248.54 E0.034069
G1 F X-30.37 Y12.42 Z7.67 U91.49 V-248.24 E0.034069
G1 F X-30.19 Y12.42 Z7.67 U91.49 V-247.93 E0.034069
G1 F X-30.01 Y12.42 Z7.68 U91.5 V-247.63 E0.034069
G1 F X-29.82 Y12.42 Z7.68 U91.5 V-247.32 E0.034069
G1 F X-29.64 Y12.41 Z7.68 U91.51 V-247.01 E0.034069
G1 F X-29.46 Y12.41 Z7.69 U91.51 V-246.71 E0.034069
G1 F X-29.28 Y12.41 Z7.69 U91.51 V-246.4 E0.034069
G1 F X-29.09 Y12.41 Z7.69 U91.51 V-246.09 E0.034069
G1 F X-28.91 Y12.41 Z7.7 U91.52 V-245.78 E0.034069
G1 F X-28.73 Y12.41 Z7.7 U91.52 V-245.47 E0.034069
G1 F X-28.55 Y12.41 Z7.71 U91.52 V-245.16 E0.034069
G1 F X-28.42 Y12.41 Z7.71 U91.52 V-244.94 E0.023159
G1 F X-28.41 Y12.45 Z7.71 U91.39 V-244.91 E0.01091
G1 F X-28.35 Y12.57 Z7.71 U91 V-244.79 E0.034069
G1 F X-28.29 Y12.69 Z7.7 U90.61 V-244.67 E0.034069
G1 F X-28.24 Y12.81 Z7.7 U90.21 V-244.55 E0.034069
G1 F X-28.19 Y12.93 Z7.7 U89.81 V-244.43 E0.034069
G1 F X-28.13 Y13.05 Z7.69 U89.42 V-244.32 E0.034069
G1 F X-28.08 Y13.16 Z7.69 U89.02 V-244.2 E0.034069
G1 F X-28.03 Y13.28 Z7.69 U88.63 V-244.08 E0.034069
G1 F X-28.02 Y13.33 Z7.68 U88.47 V-244.03 E0.013026
G1 F X-28.13 Y13.33 Z7.69 U88.48 V-244.23 E0.021043
G1 F X-28.31 Y13.33 Z7.69 U88.48 V-244.54 E0.034069
G1 F X-28.49 Y13.33 Z7.69 U88.48 V-244.85 E0.034069
G1 F X-28.68 Y13.33 Z7.7 U88.49 V-245.17 E0.034069
G1 F X-28.86 Y13.33 Z7.7 U88.49 V-245.48 E0.034069
G1 F X-29.04 Y13.33 Z7.7 U88.49 V-245.79 E0.034069
G1 F X-29.23 Y13.33 Z7.71 U88.5 V-246.1 E0.034069
G1 F X-29.41 Y13.33 Z7.71 U88.5 V-246.42 E0.034069
G1 F X-29.59 Y13.32 Z7.71 U88.51 V-246.73 E0.034069
G1 F X-29.78 Y13.32 Z7.71 U88.51 V-247.04 E0.034069
G1 F X-29.96 Y13.32 Z7.72 U88.51 V-247.35 E0.034069
G1 F X-30.14 Y13.32 Z7.72 U88.52 V-247.66 E0.034069
G1 F X-30.33 Y13.32 Z7.72 U88.52 V-247.97 E0.034069
G1 F X-30.51 Y13.32 Z7.73 U88.53 V-248.27 E0.034069
G1 F X-30.69 Y13.32 Z7.73 U88.53 V-248.58 E0.034069
G1 F X-30.88 Y13.32 Z7.73 U88.53 V-248.89 E0.034069
G1 F X-31.06 Y13.32 Z7.74 U88.54 V-249.19 E0.034069
G1 F X-31.24 Y13.32 Z7.74 U88.54 V-249.5 E0.034069
G1 F X-31.43 Y13.32 Z7.74 U88.54 V-249.8 E0.034069
G1 F X-31.61 Y13.32 Z7.75 U88.55 V-250.11 E0.034069
G1 F X-31.8 Y13.32 Z7.75 U88.55 V-250.41 E0.034069
G1 F X-31.98 Y13.32 Z7.75 U88.56 V-250.71 E0.034069
G1 F X-32.16 Y13.32 Z7.75 U88.56 V-251.02 E0.034069
G1 F X-32.35 Y13.32 Z7.76 U88.57 V-251.32 E0.034069
G1 F X-32.53 Y13.32 Z7.76 U88.57 V-251.62 E0.034069
G1 F X-32.72 Y13.32 Z7.76 U88.58 V-251.92 E0.034069
G1 F X-32.9 Y13.32 Z7.76 U88.59 V-252.22 E0.034069
G1 F X-33.09 Y13.32 Z7.76 U88.59 V-252.51 E0.034069
G1 F X-33.27 Y13.32 Z7.76 U88.6 V-252.81 E0.034069
G1 F X-33.46 Y13.32 Z7.76 U88.61 V-253.11 E0.034069
G1 F X-33.65 Y13.32 Z7.76 U88.62 V-253.4 E0.034069
G1 F X-33.83 Y13.32 Z7.76 U88.62 V-253.7 E0.034069
G1 F X-34.02 Y13.32 Z7.77 U88.63 V-253.99 E0.034069
G1 F X-34.2 Y13.32 Z7.77 U88.64 V-254.28 E0.034069
G1 F X-34.39 Y13.32 Z7.77 U88.65 V-254.57 E0.034069
G1 F X-34.58 Y13.32 Z7.76 U88.66 V-254.86 E0.034069
G1 F X-34.76 Y13.32 Z7.76 U88.67 V-255.15 E0.034069
G1 F X-34.95 Y13.32 Z7.76 U88.68 V-255.44 E0.034069
G1 F X-35.14 Y13.32 Z7.76 U88.69 V-255.72 E0.034069
G1 F X-35.32 Y13.31 Z7.76 U88.7 V-256.01 E0.034069
G1 F X-35.51 Y13.31 Z7.76 U88.71 V-256.29 E0.034069
G1 F X-35.7 Y13.31 Z7.76 U88.72 V-256.57 E0.034069
G1 F X-35.89 Y13.31 Z7.76 U88.73 V-256.85 E0.034069
G1 F X-36.07 Y13.31 Z7.76 U88.74 V-257.13 E0.034069
G1 F X-36.26 Y13.31 Z7.76 U88.75 V-257.41 E0.034069
G1 F X-36.45 Y13.31 Z7.76 U88.76 V-257.68 E0.034069
G1 F X-36.64 Y13.31 Z7.75 U88.77 V-257.96 E0.034069
G1 F X-36.83 Y13.31 Z7.75 U88.78 V-258.23 E0.034069
G1 F X-37.02 Y13.31 Z7.75 U88.79 V-258.5 E0.034069
G1 F X-37.2 Y13.31 Z7.75 U88.8 V-258.77 E0.034069
G1 F X-37.39 Y13.31 Z7.75 U88.81 V-259.04 E0.034069
G1 F X-37.58 Y13.31 Z7.75 U88.82 V-259.3 E0.034069
G1 F X-37.77 Y13.31 Z7.74 U88.83 V-259.57 E0.034069
G1 F X-37.96 Y13.31 Z7.74 U88.84 V-259.83 E0.034069
G1 F X-38.15 Y13.31 Z7.74 U88.85 V-260.09 E0.034069
G1 F X-38.34 Y13.31 Z7.74 U88.86 V-260.34 E0.034069
G1 F X-38.53 Y13.31 Z7.73 U88.87 V-260.6 E0.034069
G1 F X-38.72 Y13.31 Z7.73 U88.88 V-260.85 E0.034069
G1 F X-38.91 Y13.3 Z7.73 U88.89 V-261.11 E0.034069
G1 F X-39.1 Y13.3 Z7.73 U88.9 V-261.36 E0.034069
G1 F X-39.29 Y13.3 Z7.72 U88.91 V-261.6 E0.034069
G1 F X-39.48 Y13.3 Z7.72 U88.93 V-261.85 E0.034069
G1 F X-39.68 Y13.3 Z7.71 U88.94 V-262.09 E0.034069
G1 F X-39.87 Y13.3 Z7.71 U88.95 V-262.33 E0.034069
G1 F X-40.06 Y13.3 Z7.71 U88.96 V-262.57 E0.034069
G1 F X-40.25 Y13.3 Z7.7 U88.98 V-262.81 E0.034069
G1 F X-40.44 Y13.3 Z7.7 U88.99 V-263.04 E0.034069
G1 F X-40.64 Y13.3 Z7.69 U89 V-263.27 E0.034069
G1 F X-40.83 Y13.3 Z7.69 U89.02 V-263.5 E0.034069
G1 F X-41.02 Y13.3 Z7.68 U89.03 V-263.73 E0.034069
G1 F X-41.21 Y13.3 Z7.67 U89.04 V-263.96 E0.034069
G1 F X-41.41 Y13.3 Z7.67 U89.06 V-264.18 E0.034069
G1 F X-41.6 Y13.3 Z7.66 U89.07 V-264.4 E0.034069
G1 F X-41.8 Y13.3 Z7.66 U89.09 V-264.61 E0.034069
G1 F X-41.99 Y13.3 Z7.65 U89.1 V-264.83 E0.034069
G1 F X-42.18 Y13.3 Z7.64 U89.11 V-265.04 E0.034069
G1 F X-42.38 Y13.29 Z7.64 U89.13 V-265.25 E0.034069
G1 F X-42.57 Y13.29 Z7.63 U89.14 V-265.45 E0.034069
G1 F X-42.77 Y13.29 Z7.62 U89.16 V-265.65 E0.034069
G1 F X-42.96 Y13.29 Z7.61 U89.17 V-265.85 E0.034069
G1 F X-43.16 Y13.29 Z7.61 U89.19 V-266.05 E0.034069
G1 F X-43.35 Y13.29 Z7.6 U89.2 V-266.24 E0.034069
G1 F X-43.55 Y13.29 Z7.59 U89.22 V-266.43 E0.034069
G1 F X-43.75 Y13.29 Z7.58 U89.23 V-266.62 E0.034069
G1 F X-43.94 Y13.29 Z7.57 U89.25 V-266.8 E0.034069
G1 F X-44.14 Y13.29 Z7.57 U89.27 V-266.98 E0.034069
G1 F X-44.34 Y13.29 Z7.56 U89.28 V-267.16 E0.034069
G1 F X-44.53 Y13.29 Z7.55 U89.3 V-267.33 E0.034069
G1 F X-44.73 Y13.29 Z7.54 U89.31 V-267.5 E0.034069
G1 F X-44.93 Y13.29 Z7.53 U89.33 V-267.67 E0.034069
G1 F X-45.13 Y13.29 Z7.52 U89.34 V-267.83 E0.034069
G1 F X-45.32 Y13.29 Z7.51 U89.36 V-267.99 E0.034069
G1 F X-45.52 Y13.29 Z7.5 U89.38 V-268.15 E0.034069
G1 F X-45.72 Y13.29 Z7.49 U89.39 V-268.3 E0.034069
G1 F X-45.92 Y13.29 Z7.48 U89.41 V-268.45 E0.034069
G1 F X-46.12 Y13.29 Z7.47 U89.42 V-268.59 E0.034069
G1 F X-46.31 Y13.29 Z7.46 U89.44 V-268.73 E0.034069
G1 F X-46.51 Y13.29 Z7.45 U89.46 V-268.87 E0.034069
G1 F X-46.71 Y13.28 Z7.44 U89.47 V-269 E0.034069
G1 F X-46.91 Y13.28 Z7.43 U89.49 V-269.13 E0.034069
G1 F X-47.11 Y13.28 Z7.42 U89.51 V-269.26 E0.034069
G1 F X-47.31 Y13.28 Z7.41 U89.52 V-269.38 E0.034069
G1 F X-47.51 Y13.28 Z7.39 U89.54 V-269.49 E0.034069
G1 F X-47.71 Y13.28 Z7.38 U89.56 V-269.61 E0.034069
G1 F X-47.73 Y13.28 Z7.38 U89.56 V-269.62 E0.003987
G1 F X-47.75 Y13.19 Z7.45 U89.66 V-269.63 E0.030082
G1 F X-47.76 Y13.09 Z7.53 U89.77 V-269.64 E0.034069
G1 F X-47.77 Y12.98 Z7.61 U89.88 V-269.65 E0.034069
G1 F X-47.79 Y12.88 Z7.7 U89.99 V-269.66 E0.034069
G1 F X-47.8 Y12.78 Z7.78 U90.1 V-269.67 E0.034069
G1 F X-47.82 Y12.67 Z7.87 U90.21 V-269.68 E0.034069
G1 F X-47.83 Y12.57 Z7.95 U90.31 V-269.69 E0.034069
G1 F X-47.83 Y12.74 Z8.05 U90.31 V-269.69 E0
G1 F X-47.21 Y14.57 Z8.97 U90.22 V-269.34 E0
G1 F X-47.21 Y14.4 Z8.86 U90.22 V-269.34 E0
G1 F X-47.01 Y14.4 Z8.86 U90.23 V-269.22 E0.034085
G1 F300 E-1.00 ;Filament Retraction!!
G1 F X-46.82 Y14.4 Z8.85 U90.23 V-269.09 E0.034085
G1 F X-46.62 Y14.4 Z8.85 U90.24 V-268.97 E0.034085
G1 F300 E1.1;Filament (De)-Retraction!!
G1 F X-46.43 Y14.4 Z8.84 U90.25 V-268.84 E0.034085
G1 F X-46.23 Y14.4 Z8.84 U90.26 V-268.7 E0.034085
G1 F X-46.04 Y14.4 Z8.83 U90.26 V-268.57 E0.034085
G1 F X-45.84 Y14.4 Z8.82 U90.27 V-268.42 E0.034085
G1 F X-45.65 Y14.4 Z8.82 U90.28 V-268.28 E0.034085
G1 F X-45.45 Y14.4 Z8.81 U90.29 V-268.13 E0.034085
G1 F X-45.26 Y14.4 Z8.81 U90.29 V-267.98 E0.034085
G1 F X-45.07 Y14.4 Z8.8 U90.3 V-267.82 E0.034085
G1 F X-44.87 Y14.4 Z8.8 U90.31 V-267.66 E0.034085
G1 F X-44.68 Y14.4 Z8.8 U90.31 V-267.5 E0.034085
G1 F X-44.49 Y14.4 Z8.79 U90.32 V-267.34 E0.034085
G1 F X-44.29 Y14.4 Z8.79 U90.33 V-267.17 E0.034085
G1 F X-44.1 Y14.4 Z8.78 U90.33 V-267 E0.034085
G1 F X-43.91 Y14.4 Z8.78 U90.34 V-266.82 E0.034085
G1 F X-43.72 Y14.4 Z8.78 U90.35 V-266.64 E0.034085
G1 F X-43.53 Y14.4 Z8.77 U90.35 V-266.46 E0.034085
G1 F X-43.33 Y14.4 Z8.77 U90.36 V-266.28 E0.034085
G1 F X-43.14 Y14.4 Z8.77 U90.36 V-266.09 E0.034085
G1 F X-42.95 Y14.4 Z8.76 U90.37 V-265.9 E0.034085
G1 F X-42.76 Y14.4 Z8.76 U90.38 V-265.71 E0.034085
G1 F X-42.57 Y14.4 Z8.76 U90.38 V-265.51 E0.034085
G1 F X-42.38 Y14.4 Z8.75 U90.39 V-265.31 E0.034085
G1 F X-42.19 Y14.4 Z8.75 U90.39 V-265.11 E0.034085
G1 F X-42 Y14.4 Z8.75 U90.4 V-264.91 E0.034085
G1 F X-41.81 Y14.4 Z8.75 U90.4 V-264.7 E0.034085
G1 F X-41.62 Y14.4 Z8.74 U90.41 V-264.49 E0.034085
G1 F X-41.43 Y14.4 Z8.74 U90.41 V-264.28 E0.034085
G1 F X-41.24 Y14.4 Z8.74 U90.42 V-264.06 E0.034085
G1 F X-41.05 Y14.4 Z8.74 U90.42 V-263.85 E0.034085
G1 F X-40.87 Y14.4 Z8.74 U90.43 V-263.63 E0.034085
G1 F X-40.68 Y14.4 Z8.73 U90.43 V-263.41 E0.034085
G1 F X-40.49 Y14.4 Z8.73 U90.43 V-263.18 E0.034085
G1 F X-40.3 Y14.4 Z8.73 U90.44 V-262.96 E0.034085
G1 F X-40.11 Y14.4 Z8.73 U90.44 V-262.73 E0.034085
G1 F X-39.93 Y14.4 Z8.73 U90.45 V-262.5 E0.034085
G1 F X-39.74 Y14.4 Z8.72 U90.45 V-262.27 E0.034085
G1 F X-39.55 Y14.4 Z8.72 U90.46 V-262.03 E0.034085
G1 F X-39.37 Y14.4 Z8.72 U90.46 V-261.79 E0.034085
G1 F X-39.18 Y14.4 Z8.72 U90.47 V-261.55 E0.034085
G1 F X-38.99 Y14.4 Z8.72 U90.47 V-261.31 E0.034085
G1 F X-38.81 Y14.4 Z8.72 U90.48 V-261.07 E0.034085
G1 F X-38.62 Y14.4 Z8.71 U90.48 V-260.83 E0.034085
G1 F X-38.44 Y14.4 Z8.71 U90.48 V-260.58 E0.034085
G1 F X-38.25 Y14.4 Z8.71 U90.49 V-260.33 E0.034085
G1 F X-38.07 Y14.4 Z8.71 U90.49 V-260.08 E0.034085
G1 F X-37.88 Y14.4 Z8.71 U90.5 V-259.83 E0.034085
G1 F X-37.7 Y14.4 Z8.71 U90.5 V-259.58 E0.034085
G1 F X-37.51 Y14.4 Z8.71 U90.51 V-259.32 E0.034085
G1 F X-37.33 Y14.4 Z8.7 U90.51 V-259.06 E0.034085
G1 F X-37.14 Y14.4 Z8.7 U90.52 V-258.8 E0.034085
G1 F X-36.96 Y14.4 Z8.7 U90.52 V-258.54 E0.034085
G1 F X-36.78 Y14.4 Z8.7 U90.52 V-258.28 E0.034085
G1 F X-36.59 Y14.4 Z8.7 U90.53 V-258.02 E0.034085
G1 F X-36.41 Y14.4 Z8.7 U90.53 V-257.75 E0.034085
G1 F X-36.23 Y14.4 Z8.7 U90.54 V-257.48 E0.034085
G1 F X-36.04 Y14.4 Z8.7 U90.54 V-257.22 E0.034085
G1 F X-35.86 Y14.4 Z8.7 U90.54 V-256.95 E0.034085
G1 F X-35.68 Y14.4 Z8.7 U90.54 V-256.67 E0.034085
G1 F X-35.5 Y14.4 Z8.7 U90.55 V-256.4 E0.034085
G1 F X-35.31 Y14.4 Z8.7 U90.55 V-256.13 E0.034085
G1 F X-35.13 Y14.4 Z8.7 U90.55 V-255.85 E0.034085
G1 F X-34.95 Y14.4 Z8.7 U90.55 V-255.58 E0.034085
G1 F X-34.77 Y14.4 Z8.7 U90.55 V-255.3 E0.034085
G1 F X-34.59 Y14.4 Z8.7 U90.56 V-255.02 E0.034085
G1 F X-34.4 Y14.4 Z8.7 U90.56 V-254.74 E0.034085
G1 F X-34.22 Y14.4 Z8.7 U90.56 V-254.46 E0.034085
G1 F X-34.04 Y14.4 Z8.7 U90.56 V-254.17 E0.034085
G1 F X-33.86 Y14.4 Z8.7 U90.56 V-253.89 E0.034085
G1 F X-33.68 Y14.4 Z8.7 U90.56 V-253.6 E0.034085
G1 F X-33.5 Y14.41 Z8.7 U90.57 V-253.32 E0.034085
G1 F X-33.32 Y14.41 Z8.71 U90.57 V-253.03 E0.034085
G1 F X-33.14 Y14.41 Z8.71 U90.57 V-252.74 E0.034085
G1 F X-32.96 Y14.41 Z8.71 U90.57 V-252.46 E0.034085
G1 F X-32.78 Y14.41 Z8.71 U90.57 V-252.17 E0.034085
G1 F X-32.59 Y14.41 Z8.71 U90.57 V-251.88 E0.034085
G1 F X-32.41 Y14.41 Z8.71 U90.58 V-251.58 E0.034085
G1 F X-32.24 Y14.41 Z8.71 U90.58 V-251.29 E0.034085
G1 F X-32.06 Y14.41 Z8.71 U90.58 V-251 E0.034085
G1 F X-31.88 Y14.41 Z8.71 U90.58 V-250.71 E0.034085
G1 F X-31.7 Y14.41 Z8.71 U90.59 V-250.41 E0.034085
G1 F X-31.52 Y14.4 Z8.71 U90.59 V-250.12 E0.034085
G1 F X-31.34 Y14.4 Z8.71 U90.59 V-249.82 E0.034085
G1 F X-31.16 Y14.4 Z8.71 U90.6 V-249.53 E0.034085
G1 F X-30.98 Y14.4 Z8.71 U90.6 V-249.23 E0.034085
G1 F X-30.8 Y14.4 Z8.71 U90.6 V-248.93 E0.034085
G1 F X-30.62 Y14.4 Z8.71 U90.61 V-248.63 E0.034085
G1 F X-30.44 Y14.4 Z8.71 U90.61 V-248.33 E0.034085
G1 F X-30.26 Y14.4 Z8.71 U90.61 V-248.03 E0.034085
G1 F X-30.09 Y14.4 Z8.71 U90.61 V-247.73 E0.034085
G1 F X-29.91 Y14.4 Z8.71 U90.61 V-247.43 E0.034085
G1 F X-29.73 Y14.4 Z8.72 U90.62 V-247.13 E0.034085
G1 F X-29.55 Y14.4 Z8.72 U90.62 V-246.83 E0.034085
G1 F X-29.37 Y14.4 Z8.72 U90.62 V-246.53 E0.034085
G1 F X-29.19 Y14.4 Z8.72 U90.62 V-246.22 E0.034085
G1 F X-29.01 Y14.4 Z8.72 U90.62 V-245.92 E0.034085
G1 F X-28.83 Y14.4 Z8.72 U90.62 V-245.61 E0.034085
G1 F X-28.73 Y14.4 Z8.73 U90.62 V-245.43 E0.02093
G1 F X-28.7 Y14.45 Z8.73 U90.46 V-245.37 E0.013156
G1 F X-28.64 Y14.58 Z8.72 U90.04 V-245.22 E0.034085
G1 F X-28.57 Y14.7 Z8.72 U89.62 V-245.07 E0.034085
G1 F X-28.54 Y14.77 Z8.72 U89.39 V-244.99 E0.018844
G1 F X-28.62 Y14.77 Z8.72 U89.39 V-245.13 E0.015241
G1 F X-28.8 Y14.77 Z8.72 U89.39 V-245.43 E0.034085
G1 F X-28.98 Y14.77 Z8.73 U89.39 V-245.74 E0.034085
G1 F X-29.15 Y14.77 Z8.73 U89.4 V-246.04 E0.034085
G1 F X-29.33 Y14.77 Z8.73 U89.4 V-246.34 E0.034085
G1 F X-29.51 Y14.77 Z8.73 U89.4 V-246.65 E0.034085
G1 F X-29.69 Y14.77 Z8.73 U89.4 V-246.95 E0.034085
G1 F X-29.87 Y14.77 Z8.73 U89.4 V-247.25 E0.034085
G1 F X-30.05 Y14.77 Z8.73 U89.4 V-247.56 E0.034085
G1 F X-30.23 Y14.77 Z8.73 U89.4 V-247.86 E0.034085
G1 F X-30.41 Y14.77 Z8.73 U89.41 V-248.16 E0.034085
G1 F X-30.59 Y14.77 Z8.74 U89.41 V-248.46 E0.034085
G1 F X-30.77 Y14.77 Z8.74 U89.41 V-248.76 E0.034085
G1 F X-30.94 Y14.77 Z8.74 U89.41 V-249.06 E0.034085
G1 F X-31.12 Y14.77 Z8.74 U89.41 V-249.35 E0.034085
G1 F X-31.3 Y14.77 Z8.74 U89.41 V-249.65 E0.034085
G1 F X-31.48 Y14.77 Z8.74 U89.41 V-249.95 E0.034085
G1 F X-31.66 Y14.77 Z8.75 U89.41 V-250.24 E0.034085
G1 F X-31.84 Y14.77 Z8.75 U89.41 V-250.54 E0.034085
G1 F X-32.02 Y14.77 Z8.75 U89.41 V-250.83 E0.034085
G1 F X-32.2 Y14.77 Z8.75 U89.41 V-251.13 E0.034085
G1 F X-32.38 Y14.77 Z8.75 U89.41 V-251.42 E0.034085
G1 F X-32.56 Y14.77 Z8.75 U89.41 V-251.71 E0.034085
G1 F X-32.74 Y14.77 Z8.75 U89.41 V-252.01 E0.034085
G1 F X-32.92 Y14.77 Z8.75 U89.42 V-252.3 E0.034085
G1 F X-33.1 Y14.77 Z8.75 U89.42 V-252.59 E0.034085
G1 F X-33.29 Y14.77 Z8.75 U89.42 V-252.88 E0.034085
G1 F X-33.47 Y14.77 Z8.75 U89.42 V-253.17 E0.034085
G1 F X-33.65 Y14.77 Z8.75 U89.43 V-253.45 E0.034085
G1 F X-33.83 Y14.77 Z8.75 U89.43 V-253.74 E0.034085
G1 F X-34.01 Y14.77 Z8.75 U89.43 V-254.03 E0.034085
G1 F X-34.19 Y14.77 Z8.75 U89.44 V-254.31 E0.034085
G1 F X-34.37 Y14.77 Z8.75 U89.44 V-254.59 E0.034085
G1 F X-34.56 Y14.77 Z8.75 U89.44 V-254.88 E0.034085
G1 F X-34.74 Y14.77 Z8.75 U89.45 V-255.16 E0.034085
G1 F X-34.92 Y14.77 Z8.75 U89.45 V-255.44 E0.034085
G1 F X-35.1 Y14.77 Z8.75 U89.45 V-255.72 E0.034085
G1 F X-35.29 Y14.77 Z8.75 U89.46 V-255.99 E0.034085
G1 F X-35.47 Y14.77 Z8.75 U89.46 V-256.27 E0.034085
G1 F X-35.65 Y14.77 Z8.75 U89.46 V-256.54 E0.034085
G1 F X-35.84 Y14.77 Z8.75 U89.47 V-256.82 E0.034085
G1 F X-36.02 Y14.77 Z8.75 U89.47 V-257.09 E0.034085
G1 F X-36.2 Y14.77 Z8.75 U89.48 V-257.36 E0.034085
G1 F X-36.39 Y14.77 Z8.75 U89.48 V-257.63 E0.034085
G1 F X-36.57 Y14.77 Z8.75 U89.48 V-257.9 E0.034085
G1 F X-36.76 Y14.77 Z8.75 U89.49 V-258.16 E0.034085
G1 F X-36.94 Y14.77 Z8.75 U89.49 V-258.43 E0.034085
G1 F X-37.12 Y14.77 Z8.75 U89.49 V-258.69 E0.034085
G1 F X-37.31 Y14.78 Z8.75 U89.5 V-258.95 E0.034085
G1 F X-37.49 Y14.78 Z8.74 U89.5 V-259.21 E0.034085
G1 F X-37.68 Y14.78 Z8.74 U89.5 V-259.47 E0.034085
G1 F X-37.86 Y14.78 Z8.74 U89.5 V-259.73 E0.034085
G1 F X-38.05 Y14.78 Z8.74 U89.51 V-259.98 E0.034085
G1 F X-38.24 Y14.78 Z8.74 U89.51 V-260.23 E0.034085
G1 F X-38.42 Y14.78 Z8.74 U89.51 V-260.49 E0.034085
G1 F X-38.61 Y14.78 Z8.74 U89.52 V-260.73 E0.034085
G1 F X-38.79 Y14.78 Z8.74 U89.52 V-260.98 E0.034085
G1 F X-38.98 Y14.78 Z8.74 U89.52 V-261.23 E0.034085
G1 F X-39.17 Y14.78 Z8.74 U89.53 V-261.47 E0.034085
G1 F X-39.36 Y14.78 Z8.74 U89.53 V-261.71 E0.034085
G1 F X-39.54 Y14.78 Z8.73 U89.54 V-261.95 E0.034085
G1 F X-39.73 Y14.78 Z8.73 U89.54 V-262.19 E0.034085
G1 F X-39.92 Y14.78 Z8.73 U89.55 V-262.42 E0.034085
G1 F X-40.11 Y14.78 Z8.73 U89.55 V-262.66 E0.034085
G1 F X-40.3 Y14.78 Z8.73 U89.56 V-262.89 E0.034085
G1 F X-40.49 Y14.78 Z8.72 U89.56 V-263.12 E0.034085
G1 F X-40.67 Y14.78 Z8.72 U89.57 V-263.34 E0.034085
G1 F X-40.86 Y14.78 Z8.72 U89.57 V-263.57 E0.034085
G1 F X-41.05 Y14.78 Z8.72 U89.58 V-263.79 E0.034085
G1 F X-41.24 Y14.78 Z8.71 U89.58 V-264.01 E0.034085
G1 F X-41.43 Y14.78 Z8.71 U89.59 V-264.23 E0.034085
G1 F X-41.62 Y14.78 Z8.71 U89.59 V-264.44 E0.034085
G1 F X-41.81 Y14.78 Z8.71 U89.6 V-264.65 E0.034085
G1 F X-42.01 Y14.78 Z8.7 U89.6 V-264.86 E0.034085
G1 F X-42.2 Y14.78 Z8.7 U89.61 V-265.07 E0.034085
G1 F X-42.39 Y14.78 Z8.7 U89.62 V-265.27 E0.034085
G1 F X-42.58 Y14.78 Z8.69 U89.62 V-265.48 E0.034085
G1 F X-42.77 Y14.78 Z8.69 U89.63 V-265.67 E0.034085
G1 F X-42.96 Y14.78 Z8.69 U89.63 V-265.87 E0.034085
G1 F X-43.16 Y14.78 Z8.68 U89.64 V-266.06 E0.034085
G1 F X-43.35 Y14.78 Z8.68 U89.65 V-266.25 E0.034085
G1 F X-43.54 Y14.78 Z8.68 U89.65 V-266.44 E0.034085
G1 F X-43.74 Y14.78 Z8.67 U89.66 V-266.62 E0.034085
G1 F X-43.93 Y14.78 Z8.67 U89.66 V-266.8 E0.034085
G1 F X-44.12 Y14.78 Z8.67 U89.67 V-266.98 E0.034085
G1 F X-44.32 Y14.78 Z8.66 U89.68 V-267.16 E0.034085
G1 F X-44.51 Y14.78 Z8.66 U89.68 V-267.33 E0.034085
G1 F X-44.71 Y14.78 Z8.65 U89.69 V-267.49 E0.034085
G1 F X-44.9 Y14.78 Z8.65 U89.7 V-267.66 E0.034085
G1 F X-45.1 Y14.78 Z8.64 U89.7 V-267.82 E0.034085
G1 F X-45.29 Y14.78 Z8.64 U89.71 V-267.98 E0.034085
G1 F X-45.49 Y14.78 Z8.64 U89.72 V-268.13 E0.034085
G1 F X-45.68 Y14.78 Z8.63 U89.72 V-268.28 E0.034085
G1 F X-45.88 Y14.78 Z8.63 U89.73 V-268.43 E0.034085
G1 F X-46.08 Y14.78 Z8.62 U89.74 V-268.57 E0.034085
G1 F X-46.27 Y14.78 Z8.62 U89.74 V-268.71 E0.034085
G1 F X-46.47 Y14.78 Z8.61 U89.75 V-268.85 E0.034085
G1 F X-46.67 Y14.78 Z8.61 U89.76 V-268.98 E0.034085
G1 F X-46.86 Y14.78 Z8.6 U89.76 V-269.11 E0.034085
G1 F X-47.06 Y14.78 Z8.6 U89.77 V-269.23 E0.034085
G1 F X-47.26 Y14.78 Z8.59 U89.78 V-269.35 E0.034085
G1 F X-47.34 Y14.78 Z8.59 U89.78 V-269.4 E0.013405
G1 F X-47.35 Y14.72 Z8.64 U89.85 V-269.41 E0.02068
G1 F X-47.37 Y14.61 Z8.71 U89.97 V-269.42 E0.034085
G1 F X-47.38 Y14.51 Z8.79 U90.09 V-269.44 E0.034085
G1 F X-47.4 Y14.4 Z8.87 U90.21 V-269.45 E0.034085
G1 F X-47.4 Y14.57 Z8.97 U90.21 V-269.45 E0
G1 F X-47.66 Y14.35 Z9.15 U90.44 V-269.6 E0
G1 F X-47.66 Y14.18 Z9.05 U90.44 V-269.6 E0
G1 F X-47.47 Y14.18 Z9.04 U90.45 V-269.49 E0.03408
G1 F300 E-1.00 ;Filament Retraction!!
G1 F X-47.27 Y14.18 Z9.03 U90.47 V-269.38 E0.03408
G1 F X-47.08 Y14.18 Z9.02 U90.49 V-269.27 E0.03408
G1 F300 E1.1;Filament (De)-Retraction!!
G1 F X-46.89 Y14.18 Z9 U90.51 V-269.15 E0.03408
G1 F X-46.69 Y14.17 Z8.99 U90.52 V-269.02 E0.03408
G1 F X-46.5 Y14.17 Z8.98 U90.54 V-268.9 E0.03408
G1 F X-46.31 Y14.17 Z8.97 U90.56 V-268.76 E0.03408
G1 F X-46.11 Y14.17 Z8.96 U90.57 V-268.63 E0.03408
G1 F X-45.92 Y14.17 Z8.95 U90.59 V-268.49 E0.03408
G1 F X-45.73 Y14.17 Z8.94 U90.61 V-268.35 E0.03408
G1 F X-45.54 Y14.17 Z8.93 U90.63 V-268.21 E0.03408
G1 F X-45.34 Y14.17 Z8.92 U90.64 V-268.06 E0.03408
G1 F X-45.15 Y14.17 Z8.91 U90.66 V-267.91 E0.03408
G1 F X-44.96 Y14.17 Z8.9 U90.67 V-267.75 E0.03408
G1 F X-44.77 Y14.17 Z8.89 U90.69 V-267.59 E0.03408
G1 F X-44.58 Y14.17 Z8.88 U90.71 V-267.43 E0.03408
G1 F X-44.39 Y14.17 Z8.87 U90.72 V-267.26 E0.03408
G1 F X-44.19 Y14.17 Z8.86 U90.74 V-267.1 E0.03408
G1 F X-44 Y14.17 Z8.85 U90.75 V-266.93 E0.03408
G1 F X-43.81 Y14.16 Z8.85 U90.77 V-266.75 E0.03408
G1 F X-43.62 Y14.16 Z8.84 U90.79 V-266.57 E0.03408
G1 F X-43.43 Y14.16 Z8.83 U90.8 V-266.39 E0.03408
G1 F X-43.24 Y14.16 Z8.82 U90.82 V-266.21 E0.03408
G1 F X-43.05 Y14.16 Z8.82 U90.83 V-266.02 E0.03408
G1 F X-42.87 Y14.16 Z8.81 U90.84 V-265.84 E0.03408
G1 F X-42.68 Y14.16 Z8.8 U90.86 V-265.64 E0.03408
G1 F X-42.49 Y14.16 Z8.8 U90.87 V-265.45 E0.03408
G1 F X-42.3 Y14.16 Z8.79 U90.89 V-265.25 E0.03408
G1 F X-42.11 Y14.16 Z8.78 U90.9 V-265.05 E0.03408
G1 F X-41.92 Y14.16 Z8.78 U90.92 V-264.85 E0.03408
G1 F X-41.74 Y14.16 Z8.77 U90.93 V-264.64 E0.03408
G1 F X-41.55 Y14.15 Z8.77 U90.94 V-264.44 E0.03408
G1 F X-41.36 Y14.15 Z8.76 U90.96 V-264.23 E0.03408
G1 F X-41.17 Y14.15 Z8.76 U90.97 V-264.01 E0.03408
G1 F X-40.99 Y14.15 Z8.75 U90.98 V-263.8 E0.03408
G1 F X-40.8 Y14.15 Z8.75 U91 V-263.58 E0.03408
G1 F X-40.61 Y14.15 Z8.74 U91.01 V-263.36 E0.03408
G1 F X-40.43 Y14.15 Z8.74 U91.02 V-263.14 E0.03408
G1 F X-40.24 Y14.15 Z8.73 U91.04 V-262.92 E0.03408
G1 F X-40.06 Y14.15 Z8.73 U91.05 V-262.69 E0.03408
G1 F X-39.87 Y14.15 Z8.72 U91.06 V-262.46 E0.03408
G1 F X-39.68 Y14.15 Z8.72 U91.08 V-262.23 E0.03408
G1 F X-39.5 Y14.15 Z8.72 U91.09 V-262 E0.03408
G1 F X-39.31 Y14.14 Z8.71 U91.1 V-261.77 E0.03408
G1 F X-39.13 Y14.14 Z8.71 U91.11 V-261.53 E0.03408
G1 F X-38.95 Y14.14 Z8.7 U91.13 V-261.29 E0.03408
G1 F X-38.76 Y14.14 Z8.7 U91.14 V-261.05 E0.03408
G1 F X-38.58 Y14.14 Z8.7 U91.15 V-260.81 E0.03408
G1 F X-38.39 Y14.14 Z8.69 U91.16 V-260.57 E0.03408
G1 F X-38.21 Y14.14 Z8.69 U91.18 V-260.32 E0.03408
G1 F X-38.03 Y14.14 Z8.69 U91.19 V-260.07 E0.03408
G1 F X-37.84 Y14.14 Z8.68 U91.2 V-259.82 E0.03408
G1 F X-37.66 Y14.14 Z8.68 U91.21 V-259.57 E0.03408
G1 F X-37.48 Y14.14 Z8.68 U91.23 V-259.32 E0.03408
G1 F X-37.3 Y14.14 Z8.68 U91.24 V-259.06 E0.03408
G1 F X-37.11 Y14.13 Z8.67 U91.25 V-258.81 E0.03408
G1 F X-36.93 Y14.13 Z8.67 U91.26 V-258.55 E0.03408
G1 F X-36.75 Y14.13 Z8.67 U91.28 V-258.29 E0.03408
G1 F X-36.57 Y14.13 Z8.67 U91.29 V-258.03 E0.03408
G1 F X-36.38 Y14.13 Z8.67 U91.3 V-257.77 E0.03408
G1 F X-36.2 Y14.13 Z8.66 U91.31 V-257.5 E0.03408
G1 F X-36.02 Y14.13 Z8.66 U91.32 V-257.24 E0.03408
G1 F X-35.84 Y14.13 Z8.66 U91.33 V-256.97 E0.03408
G1 F X-35.66 Y14.13 Z8.66 U91.34 V-256.7 E0.03408
G1 F X-35.48 Y14.13 Z8.66 U91.35 V-256.43 E0.03408
G1 F X-35.3 Y14.13 Z8.66 U91.35 V-256.16 E0.03408
G1 F X-35.12 Y14.13 Z8.66 U91.36 V-255.89 E0.03408
G1 F X-34.94 Y14.13 Z8.66 U91.37 V-255.61 E0.03408
G1 F X-34.75 Y14.12 Z8.66 U91.38 V-255.34 E0.03408
G1 F X-34.57 Y14.12 Z8.66 U91.39 V-255.06 E0.03408
G1 F X-34.39 Y14.12 Z8.66 U91.4 V-254.78 E0.03408
G1 F X-34.21 Y14.12 Z8.66 U91.4 V-254.51 E0.03408
G1 F X-34.03 Y14.12 Z8.67 U91.41 V-254.23 E0.03408
G1 F X-33.85 Y14.12 Z8.67 U91.42 V-253.94 E0.03408
G1 F X-33.67 Y14.12 Z8.67 U91.43 V-253.66 E0.03408
G1 F X-33.49 Y14.12 Z8.67 U91.43 V-253.38 E0.03408
G1 F X-33.31 Y14.12 Z8.67 U91.44 V-253.1 E0.03408
G1 F X-33.14 Y14.12 Z8.67 U91.45 V-252.81 E0.03408
G1 F X-32.96 Y14.12 Z8.67 U91.46 V-252.52 E0.03408
G1 F X-32.78 Y14.12 Z8.67 U91.46 V-252.24 E0.03408
G1 F X-32.6 Y14.12 Z8.68 U91.47 V-251.95 E0.03408
G1 F X-32.42 Y14.12 Z8.68 U91.48 V-251.66 E0.03408
G1 F X-32.24 Y14.12 Z8.68 U91.49 V-251.37 E0.03408
G1 F X-32.06 Y14.12 Z8.68 U91.49 V-251.08 E0.03408
G1 F X-31.88 Y14.11 Z8.68 U91.5 V-250.79 E0.03408
G1 F X-31.7 Y14.11 Z8.68 U91.51 V-250.5 E0.03408
G1 F X-31.53 Y14.11 Z8.68 U91.52 V-250.2 E0.03408
G1 F X-31.35 Y14.11 Z8.69 U91.52 V-249.91 E0.03408
G1 F X-31.17 Y14.11 Z8.69 U91.53 V-249.62 E0.03408
G1 F X-30.99 Y14.11 Z8.69 U91.54 V-249.32 E0.03408
G1 F X-30.81 Y14.11 Z8.69 U91.55 V-249.03 E0.03408
G1 F X-30.64 Y14.11 Z8.69 U91.55 V-248.73 E0.03408
G1 F X-30.46 Y14.11 Z8.69 U91.56 V-248.43 E0.03408
G1 F X-30.28 Y14.11 Z8.7 U91.56 V-248.14 E0.03408
G1 F X-30.1 Y14.11 Z8.7 U91.57 V-247.84 E0.03408
G1 F X-29.92 Y14.11 Z8.7 U91.57 V-247.54 E0.03408
G1 F X-29.75 Y14.11 Z8.71 U91.58 V-247.24 E0.03408
G1 F X-29.57 Y14.11 Z8.71 U91.58 V-246.94 E0.03408
G1 F X-29.39 Y14.11 Z8.71 U91.59 V-246.64 E0.03408
G1 F X-29.21 Y14.11 Z8.72 U91.59 V-246.33 E0.03408
G1 F X-29.03 Y14.11 Z8.72 U91.59 V-246.03 E0.03408
G1 F X-28.86 Y14.11 Z8.73 U91.59 V-245.73 E0.03408
G1 F X-28.68 Y14.11 Z8.73 U91.6 V-245.43 E0.03408
G1 F X-28.5 Y14.11 Z8.73 U91.6 V-245.12 E0.03408
G1 F X-28.46 Y14.11 Z8.73 U91.6 V-245.06 E0.006846
G1 F X-28.41 Y14.21 Z8.73 U91.27 V-244.94 E0.027234
G1 F X-28.34 Y14.33 Z8.73 U90.85 V-244.79 E0.03408
G1 F X-28.28 Y14.46 Z8.73 U90.43 V-244.64 E0.03408
G1 F X-28.21 Y14.59 Z8.73 U90.01 V-244.49 E0.03408
G1 F X-28.15 Y14.71 Z8.72 U89.59 V-244.34 E0.03408
G1 F X-28.09 Y14.84 Z8.72 U89.17 V-244.19 E0.03408
G1 F X-28.03 Y14.96 Z8.71 U88.75 V-244.04 E0.03408
G1 F X-27.98 Y15.07 Z8.71 U88.39 V-243.91 E0.028866
G1 F X-28 Y15.07 Z8.71 U88.39 V-243.96 E0.005214
G1 F X-28.18 Y15.07 Z8.71 U88.4 V-244.27 E0.03408
G1 F X-28.36 Y15.07 Z8.72 U88.4 V-244.57 E0.03408
G1 F X-28.54 Y15.07 Z8.72 U88.4 V-244.88 E0.03408
G1 F X-28.72 Y15.06 Z8.72 U88.41 V-245.19 E0.03408
G1 F X-28.9 Y15.06 Z8.73 U88.41 V-245.49 E0.03408
G1 F X-29.08 Y15.06 Z8.73 U88.42 V-245.8 E0.03408
G1 F X-29.26 Y15.06 Z8.73 U88.42 V-246.1 E0.03408
G1 F X-29.44 Y15.06 Z8.74 U88.43 V-246.41 E0.03408
G1 F X-29.61 Y15.06 Z8.74 U88.43 V-246.71 E0.03408
G1 F X-29.79 Y15.06 Z8.74 U88.44 V-247.02 E0.03408
G1 F X-29.97 Y15.06 Z8.75 U88.44 V-247.32 E0.03408
G1 F X-30.15 Y15.06 Z8.75 U88.44 V-247.62 E0.03408
G1 F X-30.33 Y15.06 Z8.75 U88.45 V-247.93 E0.03408
G1 F X-30.51 Y15.06 Z8.76 U88.45 V-248.23 E0.03408
G1 F X-30.69 Y15.06 Z8.76 U88.46 V-248.53 E0.03408
G1 F X-30.87 Y15.06 Z8.76 U88.46 V-248.83 E0.03408
G1 F X-31.05 Y15.06 Z8.76 U88.47 V-249.13 E0.03408
G1 F X-31.23 Y15.06 Z8.77 U88.47 V-249.43 E0.03408
G1 F X-31.41 Y15.06 Z8.77 U88.47 V-249.73 E0.03408
G1 F X-31.59 Y15.06 Z8.77 U88.48 V-250.03 E0.03408
G1 F X-31.77 Y15.06 Z8.78 U88.48 V-250.33 E0.03408
G1 F X-31.95 Y15.06 Z8.78 U88.49 V-250.62 E0.03408
G1 F X-32.13 Y15.06 Z8.78 U88.49 V-250.92 E0.03408
G1 F X-32.31 Y15.06 Z8.78 U88.5 V-251.21 E0.03408
G1 F X-32.5 Y15.06 Z8.79 U88.51 V-251.51 E0.03408
G1 F X-32.68 Y15.06 Z8.79 U88.51 V-251.8 E0.03408
G1 F X-32.86 Y15.06 Z8.79 U88.52 V-252.1 E0.03408
G1 F X-33.04 Y15.06 Z8.79 U88.53 V-252.39 E0.03408
G1 F X-33.22 Y15.06 Z8.79 U88.54 V-252.68 E0.03408
G1 F X-33.4 Y15.05 Z8.79 U88.54 V-252.97 E0.03408
G1 F X-33.59 Y15.05 Z8.79 U88.55 V-253.26 E0.03408
G1 F X-33.77 Y15.05 Z8.79 U88.56 V-253.55 E0.03408
G1 F X-33.95 Y15.05 Z8.79 U88.57 V-253.84 E0.03408
G1 F X-34.13 Y15.05 Z8.79 U88.58 V-254.13 E0.03408
G1 F X-34.32 Y15.05 Z8.79 U88.59 V-254.42 E0.03408
G1 F X-34.5 Y15.05 Z8.79 U88.6 V-254.7 E0.03408
G1 F X-34.68 Y15.05 Z8.79 U88.61 V-254.99 E0.03408
G1 F X-34.87 Y15.05 Z8.79 U88.62 V-255.27 E0.03408
G1 F X-35.05 Y15.05 Z8.79 U88.63 V-255.55 E0.03408
G1 F X-35.24 Y15.05 Z8.79 U88.64 V-255.83 E0.03408
G1 F X-35.42 Y15.05 Z8.79 U88.65 V-256.11 E0.03408
G1 F X-35.6 Y15.05 Z8.79 U88.66 V-256.39 E0.03408
G1 F X-35.79 Y15.05 Z8.79 U88.67 V-256.67 E0.03408
G1 F X-35.97 Y15.04 Z8.79 U88.68 V-256.94 E0.03408
G1 F X-36.16 Y15.04 Z8.79 U88.69 V-257.22 E0.03408
G1 F X-36.34 Y15.04 Z8.79 U88.7 V-257.49 E0.03408
G1 F X-36.53 Y15.04 Z8.78 U88.72 V-257.76 E0.03408
G1 F X-36.71 Y15.04 Z8.78 U88.73 V-258.03 E0.03408
G1 F X-36.9 Y15.04 Z8.78 U88.74 V-258.3 E0.03408
G1 F X-37.09 Y15.04 Z8.78 U88.75 V-258.57 E0.03408
G1 F X-37.27 Y15.04 Z8.78 U88.76 V-258.83 E0.03408
G1 F X-37.46 Y15.04 Z8.78 U88.77 V-259.09 E0.03408
G1 F X-37.64 Y15.04 Z8.77 U88.78 V-259.36 E0.03408
G1 F X-37.83 Y15.04 Z8.77 U88.79 V-259.62 E0.03408
G1 F X-38.02 Y15.04 Z8.77 U88.8 V-259.87 E0.03408
G1 F X-38.2 Y15.04 Z8.77 U88.81 V-260.13 E0.03408
G1 F X-38.39 Y15.04 Z8.77 U88.83 V-260.38 E0.03408
G1 F X-38.58 Y15.03 Z8.76 U88.84 V-260.64 E0.03408
G1 F X-38.77 Y15.03 Z8.76 U88.85 V-260.89 E0.03408
G1 F X-38.96 Y15.03 Z8.76 U88.86 V-261.14 E0.03408
G1 F X-39.14 Y15.03 Z8.75 U88.87 V-261.38 E0.03408
G1 F X-39.33 Y15.03 Z8.75 U88.89 V-261.63 E0.03408
G1 F X-39.52 Y15.03 Z8.74 U88.9 V-261.87 E0.03408
G1 F X-39.71 Y15.03 Z8.74 U88.91 V-262.11 E0.03408
G1 F X-39.9 Y15.03 Z8.74 U88.93 V-262.35 E0.03408
G1 F X-40.09 Y15.03 Z8.73 U88.94 V-262.59 E0.03408
G1 F X-40.28 Y15.03 Z8.73 U88.95 V-262.82 E0.03408
G1 F X-40.47 Y15.03 Z8.72 U88.97 V-263.05 E0.03408
G1 F X-40.66 Y15.03 Z8.72 U88.98 V-263.28 E0.03408
G1 F X-40.85 Y15.03 Z8.71 U89 V-263.51 E0.03408
G1 F X-41.04 Y15.02 Z8.71 U89.01 V-263.74 E0.03408
G1 F X-41.24 Y15.02 Z8.7 U89.02 V-263.96 E0.03408
G1 F X-41.43 Y15.02 Z8.69 U89.04 V-264.18 E0.03408
G1 F X-41.62 Y15.02 Z8.69 U89.05 V-264.4 E0.03408
G1 F X-41.81 Y15.02 Z8.68 U89.07 V-264.61 E0.03408
G1 F X-42 Y15.02 Z8.68 U89.08 V-264.82 E0.03408
G1 F X-42.2 Y15.02 Z8.67 U89.1 V-265.03 E0.03408
G1 F X-42.39 Y15.02 Z8.66 U89.11 V-265.24 E0.03408
G1 F X-42.58 Y15.02 Z8.66 U89.13 V-265.44 E0.03408
G1 F X-42.78 Y15.02 Z8.65 U89.14 V-265.65 E0.03408
G1 F X-42.97 Y15.02 Z8.64 U89.16 V-265.84 E0.03408
G1 F X-43.17 Y15.02 Z8.63 U89.18 V-266.04 E0.03408
G1 F X-43.36 Y15.01 Z8.63 U89.19 V-266.23 E0.03408
G1 F X-43.55 Y15.01 Z8.62 U89.21 V-266.42 E0.03408
G1 F X-43.75 Y15.01 Z8.61 U89.22 V-266.61 E0.03408
G1 F X-43.94 Y15.01 Z8.6 U89.24 V-266.79 E0.03408
G1 F X-44.14 Y15.01 Z8.59 U89.26 V-266.97 E0.03408
G1 F X-44.34 Y15.01 Z8.58 U89.27 V-267.15 E0.03408
G1 F X-44.53 Y15.01 Z8.57 U89.29 V-267.32 E0.03408
G1 F X-44.73 Y15.01 Z8.57 U89.3 V-267.49 E0.03408
G1 F X-44.92 Y15.01 Z8.56 U89.32 V-267.66 E0.03408
G1 F X-45.12 Y15.01 Z8.55 U89.34 V-267.82 E0.03408
G1 F X-45.32 Y15.01 Z8.54 U89.35 V-267.98 E0.03408
G1 F X-45.52 Y15.01 Z8.53 U89.37 V-268.13 E0.03408
G1 F X-45.71 Y15.01 Z8.52 U89.39 V-268.29 E0.03408
G1 F X-45.91 Y15.01 Z8.51 U89.4 V-268.44 E0.03408
G1 F X-46.11 Y15.01 Z8.5 U89.42 V-268.58 E0.03408
G1 F X-46.31 Y15.01 Z8.49 U89.44 V-268.72 E0.03408
G1 F X-46.51 Y15 Z8.48 U89.45 V-268.86 E0.03408
G1 F X-46.7 Y15 Z8.47 U89.47 V-268.99 E0.03408
G1 F X-46.9 Y15 Z8.45 U89.49 V-269.12 E0.03408
G1 F X-47.1 Y15 Z8.44 U89.5 V-269.24 E0.03408
G1 F X-47.3 Y15 Z8.43 U89.52 V-269.37 E0.03408
G1 F X-47.5 Y15 Z8.42 U89.54 V-269.48 E0.03408
G1 F X-47.7 Y15 Z8.41 U89.56 V-269.59 E0.03408
G1 F X-47.73 Y15 Z8.41 U89.56 V-269.61 E0.004275
G1 F X-47.74 Y14.91 Z8.48 U89.66 V-269.62 E0.029806
G1 F X-47.76 Y14.81 Z8.56 U89.77 V-269.63 E0.03408
G1 F X-47.77 Y14.7 Z8.64 U89.88 V-269.65 E0.03408
G1 F X-47.79 Y14.6 Z8.72 U89.99 V-269.66 E0.03408
G1 F X-47.81 Y14.49 Z8.81 U90.1 V-269.67 E0.03408
G1 F X-47.82 Y14.39 Z8.89 U90.21 V-269.68 E0.03408
G1 F X-47.84 Y14.28 Z8.98 U90.31 V-269.69 E0.03408
G1 F X-47.86 Y14.18 Z9.06 U90.42 V-269.71 E0.03408
G1 F X-47.86 Y14.35 Z9.17 U90.42 V-269.71 E0
G1 F X-47.21 Y16.29 Z9.99 U90.22 V-269.34 E0
G1 F X-47.21 Y16.12 Z9.89 U90.22 V-269.34 E0
G1 F X-47.02 Y16.12 Z9.88 U90.22 V-269.22 E0.034106
G1 F300 E-1.00 ;Filament Retraction!!
G1 F X-46.82 Y16.12 Z9.88 U90.23 V-269.1 E0.034106
G1 F X-46.63 Y16.12 Z9.87 U90.24 V-268.97 E0.034106
G1 F300 E1.1;Filament (De)-Retraction!!
G1 F X-46.43 Y16.12 Z9.87 U90.25 V-268.84 E0.034106
G1 F X-46.24 Y16.12 Z9.86 U90.26 V-268.71 E0.034106
G1 F X-46.05 Y16.12 Z9.86 U90.26 V-268.58 E0.034106
G1 F X-45.85 Y16.12 Z9.85 U90.27 V-268.44 E0.034106
G1 F X-45.66 Y16.12 Z9.85 U90.28 V-268.29 E0.034106
G1 F X-45.47 Y16.12 Z9.84 U90.29 V-268.14 E0.034106
G1 F X-45.27 Y16.12 Z9.84 U90.29 V-267.99 E0.034106
G1 F X-45.08 Y16.12 Z9.83 U90.3 V-267.84 E0.034106
G1 F X-44.89 Y16.12 Z9.83 U90.31 V-267.68 E0.034106
G1 F X-44.7 Y16.12 Z9.82 U90.31 V-267.52 E0.034106
G1 F X-44.51 Y16.12 Z9.82 U90.32 V-267.36 E0.034106
G1 F X-44.31 Y16.12 Z9.81 U90.33 V-267.19 E0.034106
G1 F X-44.12 Y16.12 Z9.81 U90.33 V-267.02 E0.034106
G1 F X-43.93 Y16.12 Z9.81 U90.34 V-266.85 E0.034106
G1 F X-43.74 Y16.12 Z9.8 U90.35 V-266.67 E0.034106
G1 F X-43.55 Y16.12 Z9.8 U90.35 V-266.49 E0.034106
G1 F X-43.36 Y16.12 Z9.8 U90.36 V-266.31 E0.034106
G1 F X-43.17 Y16.12 Z9.79 U90.36 V-266.13 E0.034106
G1 F X-42.98 Y16.12 Z9.79 U90.37 V-265.94 E0.034106
G1 F X-42.8 Y16.12 Z9.79 U90.37 V-265.75 E0.034106
G1 F X-42.61 Y16.12 Z9.78 U90.38 V-265.55 E0.034106
G1 F X-42.42 Y16.12 Z9.78 U90.39 V-265.36 E0.034106
G1 F X-42.23 Y16.12 Z9.78 U90.39 V-265.16 E0.034106
G1 F X-42.04 Y16.12 Z9.78 U90.4 V-264.96 E0.034106
G1 F X-41.85 Y16.12 Z9.77 U90.4 V-264.76 E0.034106
G1 F X-41.67 Y16.12 Z9.77 U90.41 V-264.55 E0.034106
G1 F X-41.48 Y16.12 Z9.77 U90.41 V-264.34 E0.034106
G1 F X-41.29 Y16.12 Z9.77 U90.42 V-264.13 E0.034106
G1 F X-41.11 Y16.12 Z9.76 U90.42 V-263.92 E0.034106
G1 F X-40.92 Y16.12 Z9.76 U90.42 V-263.7 E0.034106
G1 F X-40.73 Y16.12 Z9.76 U90.43 V-263.48 E0.034106
G1 F X-40.55 Y16.12 Z9.76 U90.43 V-263.26 E0.034106
G1 F X-40.36 Y16.12 Z9.76 U90.44 V-263.04 E0.034106
G1 F X-40.18 Y16.12 Z9.75 U90.44 V-262.82 E0.034106
G1 F X-39.99 Y16.12 Z9.75 U90.45 V-262.59 E0.034106
G1 F X-39.81 Y16.12 Z9.75 U90.45 V-262.36 E0.034106
G1 F X-39.63 Y16.12 Z9.75 U90.46 V-262.13 E0.034106
G1 F X-39.44 Y16.12 Z9.75 U90.46 V-261.9 E0.034106
G1 F X-39.26 Y16.12 Z9.75 U90.47 V-261.66 E0.034106
G1 F X-39.07 Y16.12 Z9.74 U90.47 V-261.43 E0.034106
G1 F X-38.89 Y16.12 Z9.74 U90.47 V-261.19 E0.034106
G1 F X-38.71 Y16.12 Z9.74 U90.48 V-260.95 E0.034106
G1 F X-38.53 Y16.12 Z9.74 U90.48 V-260.71 E0.034106
G1 F X-38.34 Y16.12 Z9.74 U90.49 V-260.47 E0.034106
G1 F X-38.16 Y16.12 Z9.74 U90.49 V-260.22 E0.034106
G1 F X-37.98 Y16.12 Z9.74 U90.5 V-259.97 E0.034106
G1 F X-37.8 Y16.12 Z9.73 U90.5 V-259.73 E0.034106
G1 F X-37.62 Y16.12 Z9.73 U90.51 V-259.48 E0.034106
G1 F X-37.44 Y16.12 Z9.73 U90.51 V-259.22 E0.034106
G1 F X-37.25 Y16.12 Z9.73 U90.52 V-258.97 E0.034106
G1 F X-37.07 Y16.12 Z9.73 U90.52 V-258.72 E0.034106
G1 F X-36.89 Y16.12 Z9.73 U90.52 V-258.46 E0.034106
G1 F X-36.71 Y16.12 Z9.73 U90.53 V-258.2 E0.034106
G1 F X-36.53 Y16.12 Z9.73 U90.53 V-257.94 E0.034106
G1 F X-36.35 Y16.12 Z9.73 U90.54 V-257.68 E0.034106
G1 F X-36.17 Y16.12 Z9.73 U90.54 V-257.42 E0.034106
G1 F X-35.99 Y16.12 Z9.72 U90.54 V-257.16 E0.034106
G1 F X-35.81 Y16.12 Z9.72 U90.54 V-256.89 E0.034106
G1 F X-35.64 Y16.12 Z9.72 U90.55 V-256.62 E0.034106
G1 F X-35.46 Y16.12 Z9.73 U90.55 V-256.36 E0.034106
G1 F X-35.28 Y16.12 Z9.73 U90.55 V-256.09 E0.034106
G1 F X-35.1 Y16.12 Z9.73 U90.55 V-255.82 E0.034106
G1 F X-34.92 Y16.12 Z9.73 U90.55 V-255.55 E0.034106
G1 F X-34.74 Y16.12 Z9.73 U90.56 V-255.27 E0.034106
G1 F X-34.56 Y16.12 Z9.73 U90.56 V-255 E0.034106
G1 F X-34.39 Y16.12 Z9.73 U90.56 V-254.72 E0.034106
G1 F X-34.21 Y16.12 Z9.73 U90.56 V-254.45 E0.034106
G1 F X-34.03 Y16.12 Z9.73 U90.56 V-254.17 E0.034106
G1 F X-33.85 Y16.12 Z9.73 U90.57 V-253.89 E0.034106
G1 F X-33.68 Y16.12 Z9.73 U90.57 V-253.62 E0.034106
G1 F X-33.5 Y16.12 Z9.73 U90.57 V-253.34 E0.034106
G1 F X-33.32 Y16.12 Z9.73 U90.57 V-253.06 E0.034106
G1 F X-33.14 Y16.12 Z9.73 U90.57 V-252.77 E0.034106
G1 F X-32.97 Y16.12 Z9.73 U90.57 V-252.49 E0.034106
G1 F X-32.79 Y16.12 Z9.73 U90.58 V-252.21 E0.034106
G1 F X-32.62 Y16.12 Z9.73 U90.58 V-251.92 E0.034106
G1 F X-32.44 Y16.12 Z9.73 U90.58 V-251.64 E0.034106
G1 F X-32.26 Y16.12 Z9.74 U90.58 V-251.35 E0.034106
G1 F X-32.09 Y16.12 Z9.74 U90.59 V-251.07 E0.034106
G1 F X-31.91 Y16.12 Z9.74 U90.59 V-250.78 E0.034106
G1 F X-31.74 Y16.12 Z9.74 U90.59 V-250.5 E0.034106
G1 F X-31.56 Y16.12 Z9.74 U90.59 V-250.21 E0.034106
G1 F X-31.39 Y16.12 Z9.74 U90.6 V-249.92 E0.034106
G1 F X-31.21 Y16.12 Z9.74 U90.6 V-249.63 E0.034106
G1 F X-31.04 Y16.12 Z9.74 U90.6 V-249.34 E0.034106
G1 F X-30.86 Y16.12 Z9.74 U90.61 V-249.05 E0.034106
G1 F X-30.69 Y16.12 Z9.74 U90.61 V-248.76 E0.034106
G1 F X-30.51 Y16.12 Z9.74 U90.61 V-248.47 E0.034106
G1 F X-30.34 Y16.12 Z9.74 U90.62 V-248.18 E0.034106
G1 F X-30.16 Y16.12 Z9.74 U90.62 V-247.88 E0.034106
G1 F X-29.99 Y16.12 Z9.74 U90.62 V-247.59 E0.034106
G1 F X-29.81 Y16.12 Z9.74 U90.62 V-247.29 E0.034106
G1 F X-29.64 Y16.12 Z9.74 U90.62 V-247 E0.034106
G1 F X-29.47 Y16.12 Z9.74 U90.62 V-246.7 E0.034106
G1 F X-29.29 Y16.12 Z9.75 U90.62 V-246.41 E0.034106
G1 F X-29.12 Y16.12 Z9.75 U90.62 V-246.11 E0.034106
G1 F X-28.94 Y16.12 Z9.75 U90.62 V-245.82 E0.034106
G1 F X-28.77 Y16.12 Z9.75 U90.62 V-245.52 E0.034106
G1 F X-28.74 Y16.12 Z9.75 U90.62 V-245.47 E0.006005
G1 F X-28.67 Y16.23 Z9.75 U90.25 V-245.31 E0.028101
G1 F X-28.6 Y16.37 Z9.75 U89.8 V-245.13 E0.034106
G1 F X-28.53 Y16.49 Z9.75 U89.38 V-244.95 E0.031942
G1 F X-28.54 Y16.49 Z9.75 U89.38 V-244.97 E0.002164
G1 F X-28.71 Y16.49 Z9.75 U89.39 V-245.27 E0.034106
G1 F X-28.89 Y16.49 Z9.75 U89.39 V-245.57 E0.034106
G1 F X-29.06 Y16.49 Z9.75 U89.39 V-245.86 E0.034106
G1 F X-29.24 Y16.49 Z9.75 U89.39 V-246.16 E0.034106
G1 F X-29.41 Y16.49 Z9.75 U89.39 V-246.46 E0.034106
G1 F X-29.58 Y16.49 Z9.76 U89.4 V-246.75 E0.034106
G1 F X-29.76 Y16.49 Z9.76 U89.4 V-247.05 E0.034106
G1 F X-29.93 Y16.49 Z9.76 U89.4 V-247.34 E0.034106
G1 F X-30.11 Y16.49 Z9.76 U89.4 V-247.64 E0.034106
G1 F X-30.28 Y16.49 Z9.76 U89.4 V-247.93 E0.034106
G1 F X-30.46 Y16.49 Z9.76 U89.4 V-248.23 E0.034106
G1 F X-30.63 Y16.49 Z9.76 U89.4 V-248.52 E0.034106
G1 F X-30.81 Y16.49 Z9.76 U89.4 V-248.81 E0.034106
G1 F X-30.98 Y16.49 Z9.77 U89.4 V-249.1 E0.034106
G1 F X-31.16 Y16.49 Z9.77 U89.4 V-249.4 E0.034106
G1 F X-31.33 Y16.49 Z9.77 U89.4 V-249.69 E0.034106
G1 F X-31.51 Y16.49 Z9.77 U89.4 V-249.98 E0.034106
G1 F X-31.69 Y16.49 Z9.77 U89.4 V-250.26 E0.034106
G1 F X-31.86 Y16.49 Z9.77 U89.4 V-250.55 E0.034106
G1 F X-32.04 Y16.49 Z9.78 U89.4 V-250.84 E0.034106
G1 F X-32.21 Y16.49 Z9.78 U89.4 V-251.13 E0.034106
G1 F X-32.39 Y16.49 Z9.78 U89.41 V-251.42 E0.034106
G1 F X-32.57 Y16.49 Z9.78 U89.41 V-251.7 E0.034106
G1 F X-32.74 Y16.49 Z9.78 U89.41 V-251.99 E0.034106
G1 F X-32.92 Y16.49 Z9.78 U89.41 V-252.27 E0.034106
G1 F X-33.1 Y16.49 Z9.78 U89.41 V-252.56 E0.034106
G1 F X-33.27 Y16.49 Z9.78 U89.42 V-252.84 E0.034106
G1 F X-33.45 Y16.49 Z9.78 U89.42 V-253.12 E0.034106
G1 F X-33.63 Y16.49 Z9.78 U89.42 V-253.4 E0.034106
G1 F X-33.81 Y16.49 Z9.78 U89.42 V-253.69 E0.034106
G1 F X-33.98 Y16.49 Z9.78 U89.43 V-253.97 E0.034106
G1 F X-34.16 Y16.49 Z9.78 U89.43 V-254.24 E0.034106
G1 F X-34.34 Y16.49 Z9.78 U89.44 V-254.52 E0.034106
G1 F X-34.52 Y16.49 Z9.78 U89.44 V-254.8 E0.034106
G1 F X-34.7 Y16.49 Z9.78 U89.44 V-255.08 E0.034106
G1 F X-34.88 Y16.49 Z9.78 U89.45 V-255.35 E0.034106
G1 F X-35.05 Y16.49 Z9.78 U89.45 V-255.62 E0.034106
G1 F X-35.23 Y16.49 Z9.78 U89.45 V-255.9 E0.034106
G1 F X-35.41 Y16.49 Z9.78 U89.46 V-256.17 E0.034106
G1 F X-35.59 Y16.49 Z9.78 U89.46 V-256.44 E0.034106
G1 F X-35.77 Y16.49 Z9.78 U89.46 V-256.71 E0.034106
G1 F X-35.95 Y16.49 Z9.78 U89.47 V-256.98 E0.034106
G1 F X-36.13 Y16.49 Z9.78 U89.47 V-257.24 E0.034106
G1 F X-36.31 Y16.49 Z9.77 U89.48 V-257.51 E0.034106
G1 F X-36.49 Y16.49 Z9.77 U89.48 V-257.77 E0.034106
G1 F X-36.67 Y16.49 Z9.77 U89.48 V-258.03 E0.034106
G1 F X-36.85 Y16.49 Z9.77 U89.49 V-258.29 E0.034106
G1 F X-37.04 Y16.49 Z9.77 U89.49 V-258.55 E0.034106
G1 F X-37.22 Y16.49 Z9.77 U89.49 V-258.81 E0.034106
G1 F X-37.4 Y16.49 Z9.77 U89.5 V-259.07 E0.034106
G1 F X-37.58 Y16.49 Z9.77 U89.5 V-259.32 E0.034106
G1 F X-37.76 Y16.49 Z9.77 U89.5 V-259.58 E0.034106
G1 F X-37.95 Y16.49 Z9.77 U89.5 V-259.83 E0.034106
G1 F X-38.13 Y16.49 Z9.77 U89.51 V-260.08 E0.034106
G1 F X-38.31 Y16.49 Z9.77 U89.51 V-260.32 E0.034106
G1 F X-38.49 Y16.49 Z9.77 U89.51 V-260.57 E0.034106
G1 F X-38.68 Y16.49 Z9.77 U89.52 V-260.82 E0.034106
G1 F X-38.86 Y16.49 Z9.77 U89.52 V-261.06 E0.034106
G1 F X-39.05 Y16.49 Z9.76 U89.52 V-261.3 E0.034106
G1 F X-39.23 Y16.49 Z9.76 U89.53 V-261.54 E0.034106
G1 F X-39.41 Y16.49 Z9.76 U89.53 V-261.78 E0.034106
G1 F X-39.6 Y16.49 Z9.76 U89.54 V-262.01 E0.034106
G1 F X-39.78 Y16.49 Z9.76 U89.54 V-262.25 E0.034106
G1 F X-39.97 Y16.49 Z9.76 U89.55 V-262.48 E0.034106
G1 F X-40.16 Y16.49 Z9.75 U89.55 V-262.71 E0.034106
G1 F X-40.34 Y16.49 Z9.75 U89.56 V-262.93 E0.034106
G1 F X-40.53 Y16.49 Z9.75 U89.56 V-263.16 E0.034106
G1 F X-40.72 Y16.49 Z9.75 U89.57 V-263.38 E0.034106
G1 F X-40.9 Y16.49 Z9.75 U89.57 V-263.6 E0.034106
G1 F X-41.09 Y16.49 Z9.74 U89.58 V-263.82 E0.034106
G1 F X-41.28 Y16.49 Z9.74 U89.58 V-264.04 E0.034106
G1 F X-41.47 Y16.49 Z9.74 U89.59 V-264.25 E0.034106
G1 F X-41.65 Y16.49 Z9.74 U89.59 V-264.47 E0.034106
G1 F X-41.84 Y16.49 Z9.73 U89.6 V-264.68 E0.034106
G1 F X-42.03 Y16.49 Z9.73 U89.6 V-264.88 E0.034106
G1 F X-42.22 Y16.49 Z9.73 U89.61 V-265.09 E0.034106
G1 F X-42.41 Y16.49 Z9.72 U89.62 V-265.29 E0.034106
G1 F X-42.6 Y16.49 Z9.72 U89.62 V-265.49 E0.034106
G1 F X-42.79 Y16.49 Z9.72 U89.63 V-265.69 E0.034106
G1 F X-42.98 Y16.49 Z9.71 U89.63 V-265.88 E0.034106
G1 F X-43.17 Y16.49 Z9.71 U89.64 V-266.07 E0.034106
G1 F X-43.36 Y16.49 Z9.71 U89.65 V-266.26 E0.034106
G1 F X-43.55 Y16.49 Z9.7 U89.65 V-266.44 E0.034106
G1 F X-43.75 Y16.49 Z9.7 U89.66 V-266.63 E0.034106
G1 F X-43.94 Y16.49 Z9.7 U89.66 V-266.81 E0.034106
G1 F X-44.13 Y16.49 Z9.69 U89.67 V-266.98 E0.034106
G1 F X-44.32 Y16.49 Z9.69 U89.68 V-267.16 E0.034106
G1 F X-44.52 Y16.49 Z9.68 U89.68 V-267.33 E0.034106
G1 F X-44.71 Y16.49 Z9.68 U89.69 V-267.49 E0.034106
G1 F X-44.9 Y16.49 Z9.68 U89.7 V-267.66 E0.034106
G1 F X-45.1 Y16.49 Z9.67 U89.7 V-267.82 E0.034106
G1 F X-45.29 Y16.49 Z9.67 U89.71 V-267.97 E0.034106
G1 F X-45.49 Y16.49 Z9.66 U89.72 V-268.13 E0.034106
G1 F X-45.68 Y16.49 Z9.66 U89.72 V-268.28 E0.034106
G1 F X-45.88 Y16.49 Z9.65 U89.73 V-268.42 E0.034106
G1 F X-46.07 Y16.49 Z9.65 U89.74 V-268.57 E0.034106
G1 F X-46.27 Y16.49 Z9.64 U89.74 V-268.7 E0.034106
G1 F X-46.46 Y16.49 Z9.64 U89.75 V-268.84 E0.034106
G1 F X-46.66 Y16.49 Z9.64 U89.76 V-268.97 E0.034106
G1 F X-46.86 Y16.5 Z9.63 U89.76 V-269.1 E0.034106
G1 F X-47.05 Y16.5 Z9.63 U89.77 V-269.22 E0.034106
G1 F X-47.25 Y16.5 Z9.62 U89.78 V-269.34 E0.034106
G1 F X-47.33 Y16.5 Z9.62 U89.78 V-269.39 E0.014264
G1 F X-47.35 Y16.43 Z9.66 U89.85 V-269.4 E0.019842
G1 F X-47.37 Y16.33 Z9.74 U89.97 V-269.42 E0.034106
G1 F X-47.39 Y16.22 Z9.82 U90.09 V-269.44 E0.034106
G1 F X-47.41 Y16.12 Z9.9 U90.21 V-269.45 E0.034106
G1 F X-47.41 Y16.29 Z10 U90.21 V-269.45 E0
G1 F X-47.86 Y16.06 Z10.2 U90.42 V-269.71 E0
G1 F X-47.87 Y15.89 Z10.09 U90.42 V-269.71 E0
G1 F X-47.67 Y15.89 Z10.08 U90.44 V-269.61 E0.034139
G1 F300 E-1.00 ;Filament Retraction!!
G1 F X-47.48 Y15.89 Z10.07 U90.45 V-269.5 E0.034139
G1 F X-47.28 Y15.89 Z10.06 U90.47 V-269.39 E0.034139
G1 F300 E1.1;Filament (De)-Retraction!!
G1 F X-47.09 Y15.89 Z10.05 U90.49 V-269.28 E0.034139
G1 F X-46.9 Y15.89 Z10.03 U90.51 V-269.16 E0.034139
G1 F X-46.7 Y15.89 Z10.02 U90.52 V-269.04 E0.034139
G1 F X-46.51 Y15.89 Z10.01 U90.54 V-268.91 E0.034139
G1 F X-46.32 Y15.89 Z10 U90.56 V-268.78 E0.034139
G1 F X-46.13 Y15.89 Z9.99 U90.58 V-268.65 E0.034139
G1 F X-45.94 Y15.89 Z9.98 U90.59 V-268.51 E0.034139
G1 F X-45.74 Y15.88 Z9.97 U90.61 V-268.37 E0.034139
G1 F X-45.55 Y15.88 Z9.96 U90.63 V-268.23 E0.034139
G1 F X-45.36 Y15.88 Z9.95 U90.65 V-268.08 E0.034139
G1 F X-45.17 Y15.88 Z9.94 U90.66 V-267.93 E0.034139
G1 F X-44.98 Y15.88 Z9.93 U90.68 V-267.78 E0.034139
G1 F X-44.79 Y15.88 Z9.92 U90.7 V-267.62 E0.034139
G1 F X-44.6 Y15.88 Z9.91 U90.71 V-267.46 E0.034139
G1 F X-44.41 Y15.88 Z9.9 U90.73 V-267.3 E0.034139
G1 F X-44.22 Y15.88 Z9.89 U90.75 V-267.13 E0.034139
G1 F X-44.03 Y15.88 Z9.89 U90.76 V-266.96 E0.034139
G1 F X-43.85 Y15.87 Z9.88 U90.78 V-266.79 E0.034139
G1 F X-43.66 Y15.87 Z9.87 U90.79 V-266.62 E0.034139
G1 F X-43.47 Y15.87 Z9.86 U90.81 V-266.44 E0.034139
G1 F X-43.28 Y15.87 Z9.85 U90.82 V-266.26 E0.034139
G1 F X-43.09 Y15.87 Z9.85 U90.84 V-266.08 E0.034139
G1 F X-42.91 Y15.87 Z9.84 U90.86 V-265.89 E0.034139
G1 F X-42.72 Y15.87 Z9.83 U90.87 V-265.7 E0.034139
G1 F X-42.53 Y15.87 Z9.83 U90.89 V-265.51 E0.034139
G1 F X-42.35 Y15.87 Z9.82 U90.9 V-265.32 E0.034139
G1 F X-42.16 Y15.86 Z9.81 U90.92 V-265.12 E0.034139
G1 F X-41.97 Y15.86 Z9.81 U90.93 V-264.92 E0.034139
G1 F X-41.79 Y15.86 Z9.8 U90.94 V-264.72 E0.034139
G1 F X-41.6 Y15.86 Z9.8 U90.96 V-264.52 E0.034139
G1 F X-41.42 Y15.86 Z9.79 U90.97 V-264.31 E0.034139
G1 F X-41.23 Y15.86 Z9.79 U90.99 V-264.1 E0.034139
G1 F X-41.05 Y15.86 Z9.78 U91 V-263.89 E0.034139
G1 F X-40.87 Y15.86 Z9.78 U91.02 V-263.68 E0.034139
G1 F X-40.68 Y15.86 Z9.77 U91.03 V-263.47 E0.034139
G1 F X-40.5 Y15.85 Z9.77 U91.04 V-263.25 E0.034139
G1 F X-40.31 Y15.85 Z9.76 U91.06 V-263.03 E0.034139
G1 F X-40.13 Y15.85 Z9.76 U91.07 V-262.81 E0.034139
G1 F X-39.95 Y15.85 Z9.75 U91.09 V-262.58 E0.034139
G1 F X-39.77 Y15.85 Z9.75 U91.1 V-262.36 E0.034139
G1 F X-39.58 Y15.85 Z9.74 U91.11 V-262.13 E0.034139
G1 F X-39.4 Y15.85 Z9.74 U91.13 V-261.9 E0.034139
G1 F X-39.22 Y15.85 Z9.74 U91.14 V-261.67 E0.034139
G1 F X-39.04 Y15.85 Z9.73 U91.15 V-261.44 E0.034139
G1 F X-38.86 Y15.84 Z9.73 U91.17 V-261.2 E0.034139
G1 F X-38.68 Y15.84 Z9.73 U91.18 V-260.97 E0.034139
G1 F X-38.5 Y15.84 Z9.72 U91.2 V-260.73 E0.034139
G1 F X-38.32 Y15.84 Z9.72 U91.21 V-260.49 E0.034139
G1 F X-38.13 Y15.84 Z9.72 U91.22 V-260.25 E0.034139
G1 F X-37.96 Y15.84 Z9.71 U91.24 V-260.01 E0.034139
G1 F X-37.78 Y15.84 Z9.71 U91.25 V-259.76 E0.034139
G1 F X-37.6 Y15.84 Z9.71 U91.26 V-259.52 E0.034139
G1 F X-37.42 Y15.83 Z9.7 U91.28 V-259.27 E0.034139
G1 F X-37.24 Y15.83 Z9.7 U91.29 V-259.02 E0.034139
G1 F X-37.06 Y15.83 Z9.7 U91.3 V-258.77 E0.034139
G1 F X-36.88 Y15.83 Z9.7 U91.32 V-258.51 E0.034139
G1 F X-36.7 Y15.83 Z9.69 U91.33 V-258.26 E0.034139
G1 F X-36.52 Y15.83 Z9.69 U91.34 V-258 E0.034139
G1 F X-36.35 Y15.83 Z9.69 U91.35 V-257.75 E0.034139
G1 F X-36.17 Y15.83 Z9.69 U91.36 V-257.49 E0.034139
G1 F X-35.99 Y15.83 Z9.69 U91.38 V-257.23 E0.034139
G1 F X-35.81 Y15.82 Z9.69 U91.39 V-256.97 E0.034139
G1 F X-35.63 Y15.82 Z9.69 U91.4 V-256.71 E0.034139
G1 F X-35.46 Y15.82 Z9.69 U91.41 V-256.44 E0.034139
G1 F X-35.28 Y15.82 Z9.69 U91.42 V-256.18 E0.034139
G1 F X-35.1 Y15.82 Z9.69 U91.43 V-255.91 E0.034139
G1 F X-34.93 Y15.82 Z9.69 U91.44 V-255.64 E0.034139
G1 F X-34.75 Y15.82 Z9.69 U91.45 V-255.37 E0.034139
G1 F X-34.57 Y15.82 Z9.69 U91.45 V-255.1 E0.034139
G1 F X-34.4 Y15.82 Z9.69 U91.46 V-254.83 E0.034139
G1 F X-34.22 Y15.82 Z9.69 U91.47 V-254.56 E0.034139
G1 F X-34.04 Y15.81 Z9.69 U91.48 V-254.29 E0.034139
G1 F X-33.87 Y15.81 Z9.69 U91.49 V-254.01 E0.034139
G1 F X-33.69 Y15.81 Z9.69 U91.5 V-253.74 E0.034139
G1 F X-33.52 Y15.81 Z9.69 U91.51 V-253.46 E0.034139
G1 F X-33.34 Y15.81 Z9.69 U91.52 V-253.18 E0.034139
G1 F X-33.17 Y15.81 Z9.7 U91.52 V-252.9 E0.034139
G1 F X-32.99 Y15.81 Z9.7 U91.53 V-252.63 E0.034139
G1 F X-32.81 Y15.81 Z9.7 U91.54 V-252.35 E0.034139
G1 F X-32.64 Y15.81 Z9.7 U91.55 V-252.06 E0.034139
G1 F X-32.47 Y15.81 Z9.7 U91.56 V-251.78 E0.034139
G1 F X-32.29 Y15.81 Z9.7 U91.56 V-251.5 E0.034139
G1 F X-32.12 Y15.8 Z9.7 U91.57 V-251.22 E0.034139
G1 F X-31.94 Y15.8 Z9.71 U91.58 V-250.93 E0.034139
G1 F X-31.77 Y15.8 Z9.71 U91.59 V-250.65 E0.034139
G1 F X-31.59 Y15.8 Z9.71 U91.6 V-250.37 E0.034139
G1 F X-31.42 Y15.8 Z9.71 U91.61 V-250.08 E0.034139
G1 F X-31.25 Y15.8 Z9.71 U91.62 V-249.79 E0.034139
G1 F X-31.07 Y15.8 Z9.71 U91.62 V-249.51 E0.034139
G1 F X-30.9 Y15.8 Z9.71 U91.63 V-249.22 E0.034139
G1 F X-30.72 Y15.8 Z9.72 U91.64 V-248.93 E0.034139
G1 F X-30.55 Y15.8 Z9.72 U91.65 V-248.64 E0.034139
G1 F X-30.38 Y15.8 Z9.72 U91.65 V-248.35 E0.034139
G1 F X-30.2 Y15.8 Z9.72 U91.66 V-248.06 E0.034139
G1 F X-30.03 Y15.79 Z9.73 U91.67 V-247.77 E0.034139
G1 F X-29.86 Y15.79 Z9.73 U91.67 V-247.48 E0.034139
G1 F X-29.68 Y15.79 Z9.73 U91.68 V-247.18 E0.034139
G1 F X-29.51 Y15.79 Z9.74 U91.68 V-246.89 E0.034139
G1 F X-29.33 Y15.79 Z9.74 U91.69 V-246.6 E0.034139
G1 F X-29.16 Y15.79 Z9.75 U91.69 V-246.3 E0.034139
G1 F X-28.99 Y15.79 Z9.75 U91.69 V-246.01 E0.034139
G1 F X-28.81 Y15.79 Z9.75 U91.7 V-245.71 E0.034139
G1 F X-28.64 Y15.79 Z9.76 U91.7 V-245.42 E0.034139
G1 F X-28.51 Y15.79 Z9.76 U91.7 V-245.2 E0.025043
G1 F X-28.49 Y15.83 Z9.76 U91.58 V-245.15 E0.009096
G1 F X-28.41 Y15.96 Z9.76 U91.13 V-244.96 E0.034139
G1 F X-28.33 Y16.1 Z9.76 U90.68 V-244.78 E0.034139
G1 F X-28.25 Y16.24 Z9.75 U90.23 V-244.59 E0.034139
G1 F X-28.17 Y16.37 Z9.75 U89.78 V-244.4 E0.034139
G1 F X-28.1 Y16.51 Z9.75 U89.33 V-244.21 E0.034139
G1 F X-28.02 Y16.64 Z9.74 U88.88 V-244.02 E0.034139
G1 F X-27.95 Y16.77 Z9.73 U88.43 V-243.83 E0.034139
G1 F X-27.93 Y16.81 Z9.73 U88.29 V-243.77 E0.010499
G1 F X-28.05 Y16.81 Z9.74 U88.29 V-243.98 E0.02364
G1 F X-28.23 Y16.81 Z9.74 U88.29 V-244.28 E0.034139
G1 F X-28.4 Y16.81 Z9.74 U88.3 V-244.58 E0.034139
G1 F X-28.58 Y16.81 Z9.75 U88.3 V-244.88 E0.034139
G1 F X-28.75 Y16.81 Z9.75 U88.31 V-245.18 E0.034139
G1 F X-28.93 Y16.81 Z9.75 U88.31 V-245.48 E0.034139
G1 F X-29.1 Y16.81 Z9.76 U88.32 V-245.78 E0.034139
G1 F X-29.28 Y16.81 Z9.76 U88.32 V-246.08 E0.034139
G1 F X-29.45 Y16.81 Z9.76 U88.33 V-246.38 E0.034139
G1 F X-29.63 Y16.81 Z9.77 U88.33 V-246.68 E0.034139
G1 F X-29.8 Y16.81 Z9.77 U88.34 V-246.97 E0.034139
G1 F X-29.98 Y16.81 Z9.77 U88.34 V-247.27 E0.034139
G1 F X-30.16 Y16.81 Z9.78 U88.35 V-247.57 E0.034139
G1 F X-30.33 Y16.81 Z9.78 U88.35 V-247.87 E0.034139
G1 F X-30.51 Y16.81 Z9.78 U88.36 V-248.16 E0.034139
G1 F X-30.68 Y16.81 Z9.79 U88.36 V-248.46 E0.034139
G1 F X-30.86 Y16.8 Z9.79 U88.37 V-248.75 E0.034139
G1 F X-31.04 Y16.8 Z9.79 U88.37 V-249.05 E0.034139
G1 F X-31.21 Y16.8 Z9.8 U88.38 V-249.34 E0.034139
G1 F X-31.39 Y16.8 Z9.8 U88.38 V-249.63 E0.034139
G1 F X-31.56 Y16.8 Z9.8 U88.39 V-249.93 E0.034139
G1 F X-31.74 Y16.8 Z9.81 U88.39 V-250.22 E0.034139
G1 F X-31.92 Y16.8 Z9.81 U88.4 V-250.51 E0.034139
G1 F X-32.1 Y16.8 Z9.81 U88.41 V-250.8 E0.034139
G1 F X-32.27 Y16.8 Z9.81 U88.41 V-251.09 E0.034139
G1 F X-32.45 Y16.8 Z9.82 U88.42 V-251.38 E0.034139
G1 F X-32.63 Y16.8 Z9.82 U88.43 V-251.67 E0.034139
G1 F X-32.81 Y16.8 Z9.82 U88.44 V-251.96 E0.034139
G1 F X-32.98 Y16.8 Z9.82 U88.44 V-252.25 E0.034139
G1 F X-33.16 Y16.8 Z9.82 U88.45 V-252.54 E0.034139
G1 F X-33.34 Y16.8 Z9.82 U88.46 V-252.82 E0.034139
G1 F X-33.52 Y16.79 Z9.82 U88.47 V-253.11 E0.034139
G1 F X-33.7 Y16.79 Z9.82 U88.48 V-253.4 E0.034139
G1 F X-33.88 Y16.79 Z9.83 U88.49 V-253.68 E0.034139
G1 F X-34.06 Y16.79 Z9.83 U88.5 V-253.96 E0.034139
G1 F X-34.24 Y16.79 Z9.83 U88.51 V-254.25 E0.034139
G1 F X-34.42 Y16.79 Z9.83 U88.52 V-254.53 E0.034139
G1 F X-34.6 Y16.79 Z9.83 U88.53 V-254.81 E0.034139
G1 F X-34.78 Y16.79 Z9.82 U88.55 V-255.09 E0.034139
G1 F X-34.96 Y16.79 Z9.82 U88.56 V-255.37 E0.034139
G1 F X-35.14 Y16.79 Z9.82 U88.57 V-255.64 E0.034139
G1 F X-35.32 Y16.78 Z9.82 U88.58 V-255.92 E0.034139
G1 F X-35.5 Y16.78 Z9.82 U88.59 V-256.2 E0.034139
G1 F X-35.68 Y16.78 Z9.82 U88.6 V-256.47 E0.034139
G1 F X-35.87 Y16.78 Z9.82 U88.62 V-256.74 E0.034139
G1 F X-36.05 Y16.78 Z9.82 U88.63 V-257.01 E0.034139
G1 F X-36.23 Y16.78 Z9.82 U88.64 V-257.28 E0.034139
G1 F X-36.41 Y16.78 Z9.81 U88.65 V-257.55 E0.034139
G1 F X-36.59 Y16.78 Z9.81 U88.66 V-257.82 E0.034139
G1 F X-36.78 Y16.78 Z9.81 U88.68 V-258.09 E0.034139
G1 F X-36.96 Y16.77 Z9.81 U88.69 V-258.35 E0.034139
G1 F X-37.14 Y16.77 Z9.81 U88.7 V-258.61 E0.034139
G1 F X-37.33 Y16.77 Z9.81 U88.71 V-258.88 E0.034139
G1 F X-37.51 Y16.77 Z9.8 U88.72 V-259.14 E0.034139
G1 F X-37.7 Y16.77 Z9.8 U88.74 V-259.39 E0.034139
G1 F X-37.88 Y16.77 Z9.8 U88.75 V-259.65 E0.034139
G1 F X-38.06 Y16.77 Z9.8 U88.76 V-259.9 E0.034139
G1 F X-38.25 Y16.77 Z9.8 U88.77 V-260.16 E0.034139
G1 F X-38.43 Y16.77 Z9.79 U88.79 V-260.41 E0.034139
G1 F X-38.62 Y16.77 Z9.79 U88.8 V-260.66 E0.034139
G1 F X-38.81 Y16.76 Z9.79 U88.81 V-260.91 E0.034139
G1 F X-38.99 Y16.76 Z9.78 U88.83 V-261.15 E0.034139
G1 F X-39.18 Y16.76 Z9.78 U88.84 V-261.4 E0.034139
G1 F X-39.36 Y16.76 Z9.78 U88.85 V-261.64 E0.034139
G1 F X-39.55 Y16.76 Z9.77 U88.87 V-261.88 E0.034139
G1 F X-39.74 Y16.76 Z9.77 U88.88 V-262.12 E0.034139
G1 F X-39.93 Y16.76 Z9.76 U88.9 V-262.36 E0.034139
G1 F X-40.11 Y16.76 Z9.76 U88.91 V-262.59 E0.034139
G1 F X-40.3 Y16.76 Z9.75 U88.92 V-262.82 E0.034139
G1 F X-40.49 Y16.75 Z9.75 U88.94 V-263.05 E0.034139
G1 F X-40.68 Y16.75 Z9.74 U88.95 V-263.28 E0.034139
G1 F X-40.87 Y16.75 Z9.74 U88.97 V-263.51 E0.034139
G1 F X-41.06 Y16.75 Z9.73 U88.98 V-263.73 E0.034139
G1 F X-41.25 Y16.75 Z9.73 U89 V-263.95 E0.034139
G1 F X-41.44 Y16.75 Z9.72 U89.02 V-264.17 E0.034139
G1 F X-41.63 Y16.75 Z9.72 U89.03 V-264.39 E0.034139
G1 F X-41.82 Y16.75 Z9.71 U89.05 V-264.6 E0.034139
G1 F X-42.01 Y16.75 Z9.7 U89.06 V-264.81 E0.034139
G1 F X-42.2 Y16.74 Z9.7 U89.08 V-265.02 E0.034139
G1 F X-42.39 Y16.74 Z9.69 U89.09 V-265.23 E0.034139
G1 F X-42.59 Y16.74 Z9.68 U89.11 V-265.43 E0.034139
G1 F X-42.78 Y16.74 Z9.67 U89.13 V-265.63 E0.034139
G1 F X-42.97 Y16.74 Z9.67 U89.14 V-265.83 E0.034139
G1 F X-43.16 Y16.74 Z9.66 U89.16 V-266.02 E0.034139
G1 F X-43.36 Y16.74 Z9.65 U89.18 V-266.22 E0.034139
G1 F X-43.55 Y16.74 Z9.64 U89.19 V-266.4 E0.034139
G1 F X-43.75 Y16.74 Z9.63 U89.21 V-266.59 E0.034139
G1 F X-43.94 Y16.74 Z9.63 U89.23 V-266.77 E0.034139
G1 F X-44.13 Y16.73 Z9.62 U89.24 V-266.95 E0.034139
G1 F X-44.33 Y16.73 Z9.61 U89.26 V-267.13 E0.034139
G1 F X-44.52 Y16.73 Z9.6 U89.28 V-267.3 E0.034139
G1 F X-44.72 Y16.73 Z9.59 U89.29 V-267.47 E0.034139
G1 F X-44.92 Y16.73 Z9.58 U89.31 V-267.64 E0.034139
G1 F X-45.11 Y16.73 Z9.57 U89.33 V-267.8 E0.034139
G1 F X-45.31 Y16.73 Z9.56 U89.34 V-267.96 E0.034139
G1 F X-45.5 Y16.73 Z9.55 U89.36 V-268.12 E0.034139
G1 F X-45.7 Y16.73 Z9.54 U89.38 V-268.27 E0.034139
G1 F X-45.9 Y16.73 Z9.53 U89.39 V-268.42 E0.034139
G1 F X-46.1 Y16.73 Z9.52 U89.41 V-268.56 E0.034139
G1 F X-46.3 Y16.72 Z9.51 U89.43 V-268.71 E0.034139
G1 F X-46.49 Y16.72 Z9.5 U89.45 V-268.84 E0.034139
G1 F X-46.69 Y16.72 Z9.49 U89.46 V-268.98 E0.034139
G1 F X-46.89 Y16.72 Z9.48 U89.48 V-269.11 E0.034139
G1 F X-47.09 Y16.72 Z9.47 U89.5 V-269.23 E0.034139
G1 F X-47.29 Y16.72 Z9.46 U89.52 V-269.35 E0.034139
G1 F X-47.49 Y16.72 Z9.45 U89.53 V-269.47 E0.034139
G1 F X-47.69 Y16.72 Z9.43 U89.55 V-269.58 E0.034139
G1 F X-47.72 Y16.72 Z9.43 U89.56 V-269.6 E0.004967
G1 F X-47.73 Y16.63 Z9.5 U89.65 V-269.61 E0.029172
G1 F X-47.75 Y16.52 Z9.58 U89.77 V-269.63 E0.034139
G1 F X-47.77 Y16.42 Z9.67 U89.88 V-269.64 E0.034139
G1 F X-47.79 Y16.31 Z9.75 U89.99 V-269.66 E0.034139
G1 F X-47.81 Y16.21 Z9.83 U90.1 V-269.67 E0.034139
G1 F X-47.83 Y16.1 Z9.92 U90.21 V-269.69 E0.034139
G1 F X-47.85 Y16 Z10.01 U90.31 V-269.7 E0.034139
G1 F X-47.84 Y16.17 Z10.11 U90.31 V-269.7 E0
G1 F X-47.22 Y19.72 Z12.05 U90.22 V-269.35 E0
G1 F X-47.22 Y19.55 Z11.94 U90.22 V-269.35 E0
G1 F X-47.03 Y19.55 Z11.94 U90.22 V-269.23 E0.034118
G1 F300 E-1.00 ;Filament Retraction!!
G1 F X-46.83 Y19.55 Z11.93 U90.23 V-269.11 E0.034118
G1 F X-46.64 Y19.55 Z11.93 U90.24 V-268.99 E0.034118
G1 F300 E1.1;Filament (De)-Retraction!!
G1 F300 E-1.00 ;Filament Retraction!!
G1 F X-46.45 Y19.55 Z11.92 U90.25 V-268.86 E0.034118
G1 F X-46.26 Y19.55 Z11.92 U90.25 V-268.73 E0.034118
G1 F300 E1.1;Filament (De)-Retraction!!
G1 F X-46.07 Y19.55 Z11.91 U90.26 V-268.6 E0.034118
G1 F X-45.88 Y19.55 Z11.91 U90.27 V-268.46 E0.034118
G1 F X-45.69 Y19.55 Z11.9 U90.28 V-268.32 E0.034118
G1 F X-45.5 Y19.55 Z11.9 U90.28 V-268.17 E0.034118
G1 F X-45.31 Y19.55 Z11.89 U90.29 V-268.03 E0.034118
G1 F X-45.12 Y19.55 Z11.89 U90.3 V-267.88 E0.034118
G1 F X-44.93 Y19.55 Z11.88 U90.31 V-267.72 E0.034118
G1 F X-44.74 Y19.55 Z11.88 U90.31 V-267.57 E0.034118
G1 F X-44.55 Y19.55 Z11.87 U90.32 V-267.41 E0.034118
G1 F X-44.36 Y19.55 Z11.87 U90.33 V-267.24 E0.034118
G1 F X-44.18 Y19.55 Z11.87 U90.33 V-267.08 E0.034118
G1 F X-43.99 Y19.55 Z11.86 U90.34 V-266.91 E0.034118
G1 F X-43.8 Y19.55 Z11.86 U90.34 V-266.74 E0.034118
G1 F X-43.62 Y19.55 Z11.85 U90.35 V-266.56 E0.034118
G1 F X-43.43 Y19.55 Z11.85 U90.36 V-266.39 E0.034118
G1 F X-43.24 Y19.55 Z11.85 U90.36 V-266.21 E0.034118
G1 F X-43.06 Y19.55 Z11.84 U90.37 V-266.02 E0.034118
G1 F X-42.87 Y19.55 Z11.84 U90.37 V-265.84 E0.034118
G1 F X-42.69 Y19.55 Z11.84 U90.38 V-265.65 E0.034118
G1 F X-42.51 Y19.55 Z11.84 U90.38 V-265.46 E0.034118
G1 F X-42.32 Y19.55 Z11.83 U90.39 V-265.27 E0.034118
G1 F X-42.14 Y19.55 Z11.83 U90.4 V-265.08 E0.034118
G1 F X-41.96 Y19.55 Z11.83 U90.4 V-264.88 E0.034118
G1 F X-41.77 Y19.55 Z11.83 U90.41 V-264.68 E0.034118
G1 F X-41.59 Y19.55 Z11.82 U90.41 V-264.48 E0.034118
G1 F X-41.41 Y19.55 Z11.82 U90.41 V-264.28 E0.034118
G1 F X-41.23 Y19.55 Z11.82 U90.42 V-264.07 E0.034118
G1 F X-41.05 Y19.55 Z11.82 U90.42 V-263.86 E0.034118
G1 F X-40.87 Y19.55 Z11.82 U90.43 V-263.65 E0.034118
G1 F X-40.68 Y19.55 Z11.81 U90.43 V-263.44 E0.034118
G1 F X-40.5 Y19.55 Z11.81 U90.44 V-263.23 E0.034118
G1 F X-40.33 Y19.55 Z11.81 U90.44 V-263.01 E0.034118
G1 F X-40.15 Y19.55 Z11.81 U90.45 V-262.8 E0.034118
G1 F X-39.97 Y19.55 Z11.81 U90.45 V-262.58 E0.034118
G1 F X-39.79 Y19.55 Z11.8 U90.46 V-262.36 E0.034118
G1 F X-39.61 Y19.55 Z11.8 U90.46 V-262.13 E0.034118
G1 F X-39.43 Y19.55 Z11.8 U90.46 V-261.91 E0.034118
G1 F X-39.26 Y19.55 Z11.8 U90.47 V-261.68 E0.034118
G1 F X-39.08 Y19.55 Z11.8 U90.47 V-261.45 E0.034118
G1 F X-38.9 Y19.55 Z11.8 U90.48 V-261.23 E0.034118
G1 F X-38.72 Y19.55 Z11.8 U90.48 V-260.99 E0.034118
G1 F X-38.55 Y19.55 Z11.79 U90.49 V-260.76 E0.034118
G1 F X-38.37 Y19.55 Z11.79 U90.49 V-260.53 E0.034118
G1 F X-38.2 Y19.55 Z11.79 U90.5 V-260.29 E0.034118
G1 F X-38.02 Y19.55 Z11.79 U90.5 V-260.06 E0.034118
G1 F X-37.85 Y19.55 Z11.79 U90.51 V-259.82 E0.034118
G1 F X-37.67 Y19.55 Z11.79 U90.51 V-259.58 E0.034118
G1 F X-37.5 Y19.55 Z11.78 U90.52 V-259.34 E0.034118
G1 F X-37.33 Y19.55 Z11.78 U90.52 V-259.1 E0.034118
G1 F X-37.15 Y19.55 Z11.78 U90.53 V-258.85 E0.034118
G1 F X-36.98 Y19.55 Z11.78 U90.53 V-258.61 E0.034118
G1 F X-36.81 Y19.55 Z11.78 U90.54 V-258.36 E0.034118
G1 F X-36.63 Y19.55 Z11.78 U90.54 V-258.11 E0.034118
G1 F X-36.46 Y19.55 Z11.78 U90.54 V-257.86 E0.034118
G1 F X-36.29 Y19.55 Z11.78 U90.55 V-257.61 E0.034118
G1 F X-36.12 Y19.55 Z11.78 U90.55 V-257.36 E0.034118
G1 F X-35.94 Y19.55 Z11.78 U90.55 V-257.11 E0.034118
G1 F X-35.77 Y19.55 Z11.78 U90.56 V-256.86 E0.034118
G1 F X-35.6 Y19.55 Z11.78 U90.56 V-256.6 E0.034118
G1 F X-35.43 Y19.55 Z11.78 U90.56 V-256.35 E0.034118
G1 F X-35.26 Y19.55 Z11.78 U90.56 V-256.09 E0.034118
G1 F X-35.09 Y19.55 Z11.78 U90.56 V-255.83 E0.034118
G1 F X-34.92 Y19.55 Z11.78 U90.57 V-255.57 E0.034118
G1 F X-34.75 Y19.55 Z11.78 U90.57 V-255.31 E0.034118
G1 F X-34.58 Y19.55 Z11.78 U90.57 V-255.05 E0.034118
G1 F X-34.41 Y19.55 Z11.78 U90.57 V-254.79 E0.034118
G1 F X-34.24 Y19.55 Z11.78 U90.57 V-254.52 E0.034118
G1 F X-34.07 Y19.55 Z11.78 U90.58 V-254.26 E0.034118
G1 F X-33.9 Y19.55 Z11.78 U90.58 V-254 E0.034118
G1 F X-33.73 Y19.55 Z11.78 U90.58 V-253.73 E0.034118
G1 F X-33.56 Y19.55 Z11.78 U90.58 V-253.46 E0.034118
G1 F X-33.39 Y19.55 Z11.78 U90.58 V-253.2 E0.034118
G1 F X-33.22 Y19.55 Z11.78 U90.58 V-252.93 E0.034118
G1 F X-33.05 Y19.55 Z11.79 U90.59 V-252.66 E0.034118
G1 F X-32.89 Y19.55 Z11.79 U90.59 V-252.39 E0.034118
G1 F X-32.72 Y19.55 Z11.79 U90.59 V-252.12 E0.034118
G1 F X-32.55 Y19.55 Z11.79 U90.59 V-251.85 E0.034118
G1 F X-32.38 Y19.55 Z11.79 U90.6 V-251.58 E0.034118
G1 F X-32.22 Y19.55 Z11.79 U90.6 V-251.31 E0.034118
G1 F X-32.05 Y19.55 Z11.79 U90.6 V-251.04 E0.034118
G1 F X-31.88 Y19.55 Z11.79 U90.6 V-250.77 E0.034118
G1 F X-31.71 Y19.55 Z11.79 U90.61 V-250.49 E0.034118
G1 F X-31.55 Y19.55 Z11.79 U90.61 V-250.22 E0.034118
G1 F X-31.38 Y19.55 Z11.79 U90.62 V-249.95 E0.034118
G1 F X-31.22 Y19.55 Z11.79 U90.62 V-249.67 E0.034118
G1 F X-31.05 Y19.55 Z11.79 U90.62 V-249.4 E0.034118
G1 F X-30.88 Y19.55 Z11.79 U90.63 V-249.12 E0.034118
G1 F X-30.72 Y19.55 Z11.79 U90.63 V-248.85 E0.034118
G1 F X-30.55 Y19.55 Z11.79 U90.63 V-248.57 E0.034118
G1 F X-30.39 Y19.55 Z11.79 U90.64 V-248.3 E0.034118
G1 F X-30.22 Y19.55 Z11.79 U90.64 V-248.02 E0.034118
G1 F X-30.06 Y19.55 Z11.79 U90.64 V-247.74 E0.034118
G1 F X-29.89 Y19.55 Z11.79 U90.64 V-247.46 E0.034118
G1 F X-29.72 Y19.55 Z11.8 U90.64 V-247.18 E0.034118
G1 F X-29.56 Y19.55 Z11.8 U90.64 V-246.9 E0.034118
G1 F X-29.39 Y19.55 Z11.8 U90.64 V-246.62 E0.034118
G1 F X-29.23 Y19.55 Z11.8 U90.64 V-246.34 E0.034118
G1 F X-29.06 Y19.55 Z11.8 U90.64 V-246.06 E0.034118
G1 F X-28.9 Y19.55 Z11.8 U90.64 V-245.78 E0.034118
G1 F X-28.76 Y19.55 Z11.81 U90.64 V-245.55 E0.027367
G1 F X-28.74 Y19.58 Z11.81 U90.54 V-245.49 E0.006752
G1 F X-28.63 Y19.74 Z11.8 U90 V-245.2 E0.034118
G1 F X-28.52 Y19.9 Z11.8 U89.45 V-244.91 E0.034118
G1 F X-28.5 Y19.93 Z11.8 U89.36 V-244.86 E0.005658
G1 F X-28.64 Y19.93 Z11.8 U89.36 V-245.1 E0.02846
G1 F X-28.8 Y19.93 Z11.8 U89.37 V-245.38 E0.034118
G1 F X-28.97 Y19.93 Z11.81 U89.37 V-245.67 E0.034118
G1 F X-29.13 Y19.93 Z11.81 U89.37 V-245.95 E0.034118
G1 F X-29.3 Y19.93 Z11.81 U89.37 V-246.23 E0.034118
G1 F X-29.47 Y19.93 Z11.81 U89.38 V-246.51 E0.034118
G1 F X-29.63 Y19.93 Z11.81 U89.38 V-246.8 E0.034118
G1 F X-29.8 Y19.93 Z11.81 U89.38 V-247.08 E0.034118
G1 F X-29.96 Y19.93 Z11.81 U89.38 V-247.36 E0.034118
G1 F X-30.13 Y19.93 Z11.81 U89.38 V-247.64 E0.034118
G1 F X-30.3 Y19.93 Z11.81 U89.38 V-247.92 E0.034118
G1 F X-30.46 Y19.93 Z11.82 U89.38 V-248.2 E0.034118
G1 F X-30.63 Y19.93 Z11.82 U89.39 V-248.47 E0.034118
G1 F X-30.79 Y19.93 Z11.82 U89.39 V-248.75 E0.034118
G1 F X-30.96 Y19.93 Z11.82 U89.39 V-249.03 E0.034118
G1 F X-31.13 Y19.93 Z11.82 U89.39 V-249.31 E0.034118
G1 F X-31.29 Y19.93 Z11.82 U89.39 V-249.58 E0.034118
G1 F X-31.46 Y19.93 Z11.82 U89.38 V-249.86 E0.034118
G1 F X-31.63 Y19.93 Z11.83 U89.38 V-250.13 E0.034118
G1 F X-31.79 Y19.93 Z11.83 U89.38 V-250.41 E0.034118
G1 F X-31.96 Y19.93 Z11.83 U89.39 V-250.68 E0.034118
G1 F X-32.13 Y19.93 Z11.83 U89.39 V-250.96 E0.034118
G1 F X-32.3 Y19.93 Z11.83 U89.39 V-251.23 E0.034118
G1 F X-32.46 Y19.93 Z11.83 U89.39 V-251.5 E0.034118
G1 F X-32.63 Y19.93 Z11.83 U89.39 V-251.77 E0.034118
G1 F X-32.8 Y19.93 Z11.83 U89.39 V-252.05 E0.034118
G1 F X-32.97 Y19.93 Z11.83 U89.4 V-252.32 E0.034118
G1 F X-33.14 Y19.93 Z11.83 U89.4 V-252.59 E0.034118
G1 F X-33.31 Y19.93 Z11.83 U89.4 V-252.86 E0.034118
G1 F X-33.48 Y19.93 Z11.83 U89.4 V-253.13 E0.034118
G1 F X-33.64 Y19.93 Z11.84 U89.41 V-253.4 E0.034118
G1 F X-33.81 Y19.93 Z11.84 U89.41 V-253.67 E0.034118
G1 F X-33.98 Y19.93 Z11.83 U89.41 V-253.93 E0.034118
G1 F X-34.15 Y19.93 Z11.83 U89.42 V-254.2 E0.034118
G1 F X-34.32 Y19.93 Z11.83 U89.42 V-254.47 E0.034118
G1 F X-34.49 Y19.93 Z11.83 U89.43 V-254.73 E0.034118
G1 F X-34.67 Y19.93 Z11.83 U89.43 V-255 E0.034118
G1 F X-34.84 Y19.93 Z11.83 U89.43 V-255.26 E0.034118
G1 F X-35.01 Y19.93 Z11.83 U89.44 V-255.52 E0.034118
G1 F X-35.18 Y19.93 Z11.83 U89.44 V-255.78 E0.034118
G1 F X-35.35 Y19.93 Z11.83 U89.45 V-256.05 E0.034118
G1 F X-35.52 Y19.93 Z11.83 U89.45 V-256.31 E0.034118
G1 F X-35.69 Y19.93 Z11.83 U89.45 V-256.56 E0.034118
G1 F X-35.87 Y19.93 Z11.83 U89.46 V-256.82 E0.034118
G1 F X-36.04 Y19.93 Z11.83 U89.46 V-257.08 E0.034118
G1 F X-36.21 Y19.93 Z11.83 U89.47 V-257.33 E0.034118
G1 F X-36.39 Y19.93 Z11.83 U89.47 V-257.59 E0.034118
G1 F X-36.56 Y19.93 Z11.83 U89.47 V-257.84 E0.034118
G1 F X-36.73 Y19.93 Z11.83 U89.48 V-258.09 E0.034118
G1 F X-36.91 Y19.93 Z11.83 U89.48 V-258.34 E0.034118
G1 F X-37.08 Y19.93 Z11.83 U89.48 V-258.59 E0.034118
G1 F X-37.26 Y19.93 Z11.83 U89.49 V-258.84 E0.034118
G1 F X-37.43 Y19.93 Z11.83 U89.49 V-259.09 E0.034118
G1 F X-37.6 Y19.93 Z11.82 U89.49 V-259.33 E0.034118
G1 F X-37.78 Y19.93 Z11.82 U89.49 V-259.57 E0.034118
G1 F X-37.96 Y19.93 Z11.82 U89.5 V-259.82 E0.034118
G1 F X-38.13 Y19.93 Z11.82 U89.5 V-260.06 E0.034118
G1 F X-38.31 Y19.93 Z11.82 U89.5 V-260.3 E0.034118
G1 F X-38.48 Y19.93 Z11.82 U89.51 V-260.53 E0.034118
G1 F X-38.66 Y19.93 Z11.82 U89.51 V-260.77 E0.034118
G1 F X-38.84 Y19.93 Z11.82 U89.51 V-261.01 E0.034118
G1 F X-39.02 Y19.93 Z11.82 U89.52 V-261.24 E0.034118
G1 F X-39.19 Y19.93 Z11.82 U89.52 V-261.47 E0.034118
G1 F X-39.37 Y19.93 Z11.82 U89.53 V-261.7 E0.034118
G1 F X-39.55 Y19.93 Z11.81 U89.53 V-261.93 E0.034118
G1 F X-39.73 Y19.93 Z11.81 U89.53 V-262.16 E0.034118
G1 F X-39.91 Y19.93 Z11.81 U89.54 V-262.38 E0.034118
G1 F X-40.09 Y19.93 Z11.81 U89.54 V-262.61 E0.034118
G1 F X-40.27 Y19.93 Z11.81 U89.55 V-262.83 E0.034118
G1 F X-40.45 Y19.93 Z11.8 U89.55 V-263.05 E0.034118
G1 F X-40.63 Y19.93 Z11.8 U89.56 V-263.27 E0.034118
G1 F X-40.81 Y19.93 Z11.8 U89.56 V-263.48 E0.034118
G1 F X-41 Y19.93 Z11.8 U89.57 V-263.7 E0.034118
G1 F X-41.18 Y19.93 Z11.8 U89.57 V-263.91 E0.034118
G1 F X-41.36 Y19.93 Z11.79 U89.58 V-264.12 E0.034118
G1 F X-41.54 Y19.93 Z11.79 U89.59 V-264.33 E0.034118
G1 F X-41.73 Y19.93 Z11.79 U89.59 V-264.53 E0.034118
G1 F X-41.91 Y19.93 Z11.78 U89.6 V-264.74 E0.034118
G1 F X-42.1 Y19.93 Z11.78 U89.6 V-264.94 E0.034118
G1 F X-42.28 Y19.93 Z11.78 U89.61 V-265.14 E0.034118
G1 F X-42.47 Y19.93 Z11.78 U89.61 V-265.33 E0.034118
G1 F X-42.65 Y19.93 Z11.77 U89.62 V-265.53 E0.034118
G1 F X-42.84 Y19.93 Z11.77 U89.63 V-265.72 E0.034118
G1 F X-43.02 Y19.93 Z11.77 U89.63 V-265.91 E0.034118
G1 F X-43.21 Y19.93 Z11.76 U89.64 V-266.1 E0.034118
G1 F X-43.4 Y19.93 Z11.76 U89.64 V-266.28 E0.034118
G1 F X-43.58 Y19.93 Z11.76 U89.65 V-266.46 E0.034118
G1 F X-43.77 Y19.93 Z11.75 U89.66 V-266.64 E0.034118
G1 F X-43.96 Y19.93 Z11.75 U89.66 V-266.82 E0.034118
G1 F X-44.15 Y19.93 Z11.74 U89.67 V-266.99 E0.034118
G1 F X-44.34 Y19.93 Z11.74 U89.68 V-267.16 E0.034118
G1 F X-44.53 Y19.93 Z11.74 U89.68 V-267.33 E0.034118
G1 F X-44.72 Y19.93 Z11.73 U89.69 V-267.49 E0.034118
G1 F X-44.91 Y19.93 Z11.73 U89.69 V-267.65 E0.034118
G1 F X-45.1 Y19.93 Z11.72 U89.7 V-267.81 E0.034118
G1 F X-45.29 Y19.93 Z11.72 U89.71 V-267.97 E0.034118
G1 F X-45.49 Y19.93 Z11.72 U89.71 V-268.12 E0.034118
G1 F X-45.68 Y19.93 Z11.71 U89.72 V-268.27 E0.034118
G1 F X-45.87 Y19.93 Z11.71 U89.73 V-268.41 E0.034118
G1 F X-46.06 Y19.93 Z11.7 U89.73 V-268.55 E0.034118
G1 F X-46.26 Y19.93 Z11.7 U89.74 V-268.69 E0.034118
G1 F X-46.45 Y19.93 Z11.69 U89.75 V-268.83 E0.034118
G1 F X-46.65 Y19.93 Z11.69 U89.75 V-268.96 E0.034118
G1 F X-46.84 Y19.93 Z11.68 U89.76 V-269.08 E0.034118
G1 F X-47.04 Y19.93 Z11.68 U89.77 V-269.21 E0.034118
G1 F X-47.23 Y19.93 Z11.67 U89.78 V-269.33 E0.034118
G1 F X-47.33 Y19.93 Z11.67 U89.78 V-269.38 E0.016125
G1 F X-47.34 Y19.87 Z11.71 U89.85 V-269.4 E0.017993
G1 F X-47.36 Y19.76 Z11.79 U89.97 V-269.42 E0.034118
G1 F X-47.39 Y19.66 Z11.87 U90.09 V-269.44 E0.034118
G1 F X-47.41 Y19.55 Z11.95 U90.21 V-269.46 E0.034118
G1 F X-47.41 Y19.72 Z12.05 U90.21 V-269.46 E0
G1 F X-47.69 Y19.49 Z12.24 U90.44 V-269.63 E0
G1 F X-47.69 Y19.32 Z12.14 U90.44 V-269.63 E0
G1 F X-47.5 Y19.32 Z12.13 U90.46 V-269.52 E0.034091
G1 F X-47.31 Y19.32 Z12.12 U90.47 V-269.41 E0.034091
G1 F X-47.12 Y19.32 Z12.11 U90.49 V-269.3 E0.034091
G1 F300 E-1.00 ;Filament Retraction!!
G1 F X-46.93 Y19.32 Z12.09 U90.51 V-269.19 E0.034091
G1 F X-46.74 Y19.31 Z12.08 U90.53 V-269.07 E0.034091
G1 F300 E1.1;Filament (De)-Retraction!!
G1 F X-46.55 Y19.31 Z12.07 U90.55 V-268.95 E0.034091
G1 F X-46.36 Y19.31 Z12.06 U90.57 V-268.82 E0.034091
G1 F X-46.17 Y19.31 Z12.05 U90.58 V-268.69 E0.034091
G1 F X-45.98 Y19.31 Z12.04 U90.6 V-268.56 E0.034091
G1 F X-45.79 Y19.31 Z12.03 U90.62 V-268.42 E0.034091
G1 F X-45.61 Y19.31 Z12.02 U90.64 V-268.28 E0.034091
G1 F X-45.42 Y19.3 Z12.01 U90.66 V-268.14 E0.034091
G1 F X-45.23 Y19.3 Z12 U90.67 V-268 E0.034091
G1 F X-45.05 Y19.3 Z11.99 U90.69 V-267.85 E0.034091
G1 F X-44.86 Y19.3 Z11.98 U90.71 V-267.7 E0.034091
G1 F X-44.67 Y19.3 Z11.97 U90.73 V-267.54 E0.034091
G1 F X-44.49 Y19.3 Z11.97 U90.74 V-267.39 E0.034091
G1 F X-44.3 Y19.29 Z11.96 U90.76 V-267.23 E0.034091
G1 F X-44.12 Y19.29 Z11.95 U90.78 V-267.07 E0.034091
G1 F X-43.94 Y19.29 Z11.94 U90.8 V-266.9 E0.034091
G1 F X-43.75 Y19.29 Z11.93 U90.81 V-266.73 E0.034091
G1 F X-43.57 Y19.29 Z11.93 U90.83 V-266.56 E0.034091
G1 F X-43.39 Y19.29 Z11.92 U90.85 V-266.39 E0.034091
G1 F X-43.2 Y19.28 Z11.91 U90.86 V-266.22 E0.034092
G1 F X-43.02 Y19.28 Z11.9 U90.88 V-266.04 E0.034092
G1 F X-42.84 Y19.28 Z11.9 U90.9 V-265.86 E0.034092
G1 F X-42.66 Y19.28 Z11.89 U90.92 V-265.68 E0.034092
G1 F X-42.48 Y19.28 Z11.88 U90.93 V-265.49 E0.034092
G1 F X-42.3 Y19.28 Z11.88 U90.95 V-265.3 E0.034092
G1 F X-42.12 Y19.27 Z11.87 U90.96 V-265.11 E0.034092
G1 F X-41.94 Y19.27 Z11.86 U90.98 V-264.92 E0.034092
G1 F X-41.76 Y19.27 Z11.86 U91 V-264.73 E0.034092
G1 F X-41.58 Y19.27 Z11.85 U91.01 V-264.53 E0.034092
G1 F X-41.4 Y19.27 Z11.85 U91.03 V-264.34 E0.034092
G1 F X-41.22 Y19.26 Z11.84 U91.05 V-264.14 E0.034092
G1 F X-41.05 Y19.26 Z11.84 U91.06 V-263.93 E0.034091
G1 F X-40.87 Y19.26 Z11.83 U91.08 V-263.73 E0.034092
G1 F X-40.69 Y19.26 Z11.83 U91.1 V-263.52 E0.034092
G1 F X-40.51 Y19.26 Z11.82 U91.11 V-263.32 E0.034092
G1 F X-40.34 Y19.25 Z11.82 U91.13 V-263.11 E0.034092
G1 F X-40.16 Y19.25 Z11.81 U91.14 V-262.9 E0.034092
G1 F X-39.99 Y19.25 Z11.81 U91.16 V-262.68 E0.034092
G1 F X-39.81 Y19.25 Z11.8 U91.18 V-262.47 E0.034092
G1 F X-39.64 Y19.25 Z11.8 U91.19 V-262.25 E0.034092
G1 F X-39.46 Y19.24 Z11.8 U91.21 V-262.04 E0.034092
G1 F X-39.29 Y19.24 Z11.79 U91.22 V-261.82 E0.034091
G1 F X-39.11 Y19.24 Z11.79 U91.24 V-261.6 E0.034091
G1 F X-38.94 Y19.24 Z11.78 U91.26 V-261.38 E0.034091
G1 F X-38.77 Y19.24 Z11.78 U91.27 V-261.15 E0.034091
G1 F X-38.59 Y19.23 Z11.78 U91.29 V-260.93 E0.034091
G1 F X-38.42 Y19.23 Z11.77 U91.31 V-260.7 E0.034092
G1 F X-38.25 Y19.23 Z11.77 U91.32 V-260.47 E0.034092
G1 F X-38.08 Y19.23 Z11.77 U91.34 V-260.24 E0.034092
G1 F X-37.91 Y19.22 Z11.76 U91.36 V-260.01 E0.034092
G1 F X-37.74 Y19.22 Z11.76 U91.37 V-259.78 E0.034092
G1 F X-37.56 Y19.22 Z11.76 U91.39 V-259.55 E0.034092
G1 F X-37.39 Y19.22 Z11.75 U91.41 V-259.31 E0.034092
G1 F X-37.22 Y19.21 Z11.75 U91.42 V-259.08 E0.034092
G1 F X-37.05 Y19.21 Z11.75 U91.44 V-258.84 E0.034092
G1 F X-36.88 Y19.21 Z11.75 U91.46 V-258.6 E0.034092
G1 F X-36.71 Y19.21 Z11.74 U91.47 V-258.36 E0.034092
G1 F X-36.54 Y19.21 Z11.74 U91.49 V-258.12 E0.034092
G1 F X-36.38 Y19.2 Z11.74 U91.5 V-257.88 E0.034092
G1 F X-36.21 Y19.2 Z11.74 U91.52 V-257.63 E0.034092
G1 F X-36.04 Y19.2 Z11.74 U91.53 V-257.39 E0.034092
G1 F X-35.87 Y19.2 Z11.74 U91.55 V-257.14 E0.034092
G1 F X-35.7 Y19.2 Z11.73 U91.56 V-256.9 E0.034092
G1 F X-35.53 Y19.19 Z11.73 U91.57 V-256.65 E0.034092
G1 F X-35.36 Y19.19 Z11.73 U91.59 V-256.4 E0.034092
G1 F X-35.2 Y19.19 Z11.73 U91.6 V-256.15 E0.034092
G1 F X-35.03 Y19.19 Z11.73 U91.61 V-255.9 E0.034092
G1 F X-34.86 Y19.19 Z11.73 U91.63 V-255.65 E0.034092
G1 F X-34.69 Y19.18 Z11.73 U91.64 V-255.39 E0.034092
G1 F X-34.53 Y19.18 Z11.73 U91.65 V-255.14 E0.034092
G1 F X-34.36 Y19.18 Z11.73 U91.66 V-254.88 E0.034092
G1 F X-34.19 Y19.18 Z11.73 U91.68 V-254.63 E0.034092
G1 F X-34.03 Y19.18 Z11.74 U91.69 V-254.37 E0.034092
G1 F X-33.86 Y19.17 Z11.74 U91.7 V-254.11 E0.034092
G1 F X-33.69 Y19.17 Z11.74 U91.71 V-253.85 E0.034092
G1 F X-33.53 Y19.17 Z11.74 U91.72 V-253.59 E0.034092
G1 F X-33.36 Y19.17 Z11.74 U91.74 V-253.33 E0.034092
G1 F X-33.2 Y19.17 Z11.74 U91.75 V-253.07 E0.034092
G1 F X-33.03 Y19.16 Z11.74 U91.76 V-252.81 E0.034092
G1 F X-32.87 Y19.16 Z11.74 U91.77 V-252.55 E0.034092
G1 F X-32.7 Y19.16 Z11.74 U91.78 V-252.28 E0.034092
G1 F X-32.54 Y19.16 Z11.75 U91.79 V-252.02 E0.034092
G1 F X-32.37 Y19.16 Z11.75 U91.8 V-251.76 E0.034092
G1 F X-32.21 Y19.16 Z11.75 U91.82 V-251.49 E0.034092
G1 F X-32.04 Y19.15 Z11.75 U91.83 V-251.22 E0.034092
G1 F X-31.88 Y19.15 Z11.75 U91.84 V-250.96 E0.034092
G1 F X-31.71 Y19.15 Z11.75 U91.85 V-250.69 E0.034092
G1 F X-31.55 Y19.15 Z11.76 U91.86 V-250.42 E0.034092
G1 F X-31.39 Y19.15 Z11.76 U91.87 V-250.16 E0.034092
G1 F X-31.22 Y19.14 Z11.76 U91.89 V-249.89 E0.034092
G1 F X-31.06 Y19.14 Z11.76 U91.9 V-249.62 E0.034092
G1 F X-30.89 Y19.14 Z11.76 U91.91 V-249.35 E0.034092
G1 F X-30.73 Y19.14 Z11.77 U91.92 V-249.08 E0.034092
G1 F X-30.57 Y19.14 Z11.77 U91.93 V-248.81 E0.034092
G1 F X-30.4 Y19.14 Z11.77 U91.94 V-248.54 E0.034092
G1 F X-30.24 Y19.13 Z11.77 U91.95 V-248.26 E0.034092
G1 F X-30.08 Y19.13 Z11.78 U91.96 V-247.99 E0.034092
G1 F X-29.91 Y19.13 Z11.78 U91.97 V-247.72 E0.034092
G1 F X-29.75 Y19.13 Z11.78 U91.97 V-247.44 E0.034092
G1 F X-29.59 Y19.13 Z11.79 U91.98 V-247.17 E0.034092
G1 F X-29.42 Y19.13 Z11.79 U91.99 V-246.89 E0.034092
G1 F X-29.26 Y19.13 Z11.8 U91.99 V-246.61 E0.034092
G1 F X-29.09 Y19.13 Z11.8 U92 V-246.34 E0.034092
G1 F X-28.93 Y19.13 Z11.8 U92 V-246.06 E0.034092
G1 F X-28.77 Y19.13 Z11.81 U92.01 V-245.78 E0.034092
G1 F X-28.64 Y19.12 Z11.81 U92.01 V-245.57 E0.025989
G1 F X-28.61 Y19.16 Z11.81 U91.89 V-245.5 E0.008103
G1 F X-28.5 Y19.33 Z11.81 U91.35 V-245.21 E0.034092
G1 F X-28.38 Y19.5 Z11.81 U90.81 V-244.92 E0.034092
G1 F X-28.26 Y19.66 Z11.81 U90.27 V-244.63 E0.034092
G1 F X-28.15 Y19.82 Z11.8 U89.72 V-244.34 E0.034092
G1 F X-28.04 Y19.98 Z11.8 U89.17 V-244.04 E0.034092
G1 F X-27.94 Y20.14 Z11.79 U88.63 V-243.75 E0.034092
G1 F X-27.83 Y20.3 Z11.78 U88.08 V-243.45 E0.034092
G1 F X-27.81 Y20.34 Z11.78 U87.96 V-243.39 E0.007321
G1 F X-27.94 Y20.34 Z11.78 U87.96 V-243.61 E0.026771
G1 F X-28.1 Y20.34 Z11.79 U87.97 V-243.9 E0.034092
G1 F X-28.27 Y20.34 Z11.79 U87.97 V-244.18 E0.034092
G1 F X-28.44 Y20.34 Z11.8 U87.98 V-244.47 E0.034092
G1 F X-28.6 Y20.34 Z11.8 U87.98 V-244.76 E0.034092
G1 F X-28.77 Y20.33 Z11.81 U87.99 V-245.04 E0.034092
G1 F X-28.93 Y20.33 Z11.81 U88 V-245.33 E0.034092
G1 F X-29.1 Y20.33 Z11.81 U88 V-245.61 E0.034092
G1 F X-29.27 Y20.33 Z11.82 U88.01 V-245.9 E0.034092
G1 F X-29.43 Y20.33 Z11.82 U88.02 V-246.18 E0.034092
G1 F X-29.6 Y20.33 Z11.83 U88.03 V-246.47 E0.034092
G1 F X-29.77 Y20.33 Z11.83 U88.03 V-246.75 E0.034092
G1 F X-29.94 Y20.33 Z11.83 U88.04 V-247.04 E0.034092
G1 F X-30.1 Y20.33 Z11.84 U88.05 V-247.32 E0.034092
G1 F X-30.27 Y20.32 Z11.84 U88.06 V-247.61 E0.034092
G1 F X-30.44 Y20.32 Z11.84 U88.06 V-247.89 E0.034092
G1 F X-30.6 Y20.32 Z11.85 U88.07 V-248.17 E0.034092
G1 F X-30.77 Y20.32 Z11.85 U88.08 V-248.46 E0.034092
G1 F X-30.94 Y20.32 Z11.85 U88.09 V-248.74 E0.034092
G1 F X-31.11 Y20.32 Z11.86 U88.1 V-249.02 E0.034092
G1 F X-31.28 Y20.32 Z11.86 U88.1 V-249.3 E0.034092
G1 F X-31.44 Y20.32 Z11.86 U88.11 V-249.58 E0.034092
G1 F X-31.61 Y20.32 Z11.87 U88.12 V-249.86 E0.034092
G1 F X-31.78 Y20.31 Z11.87 U88.13 V-250.14 E0.034092
G1 F X-31.95 Y20.31 Z11.87 U88.14 V-250.42 E0.034092
G1 F X-32.12 Y20.31 Z11.88 U88.14 V-250.7 E0.034092
G1 F X-32.29 Y20.31 Z11.88 U88.15 V-250.98 E0.034092
G1 F X-32.46 Y20.31 Z11.88 U88.16 V-251.26 E0.034092
G1 F X-32.63 Y20.31 Z11.88 U88.18 V-251.54 E0.034092
G1 F X-32.8 Y20.31 Z11.89 U88.19 V-251.82 E0.034092
G1 F X-32.97 Y20.3 Z11.89 U88.2 V-252.09 E0.034092
G1 F X-33.14 Y20.3 Z11.89 U88.21 V-252.37 E0.034092
G1 F X-33.31 Y20.3 Z11.89 U88.22 V-252.65 E0.034092
G1 F X-33.48 Y20.3 Z11.89 U88.24 V-252.92 E0.034092
G1 F X-33.66 Y20.3 Z11.89 U88.25 V-253.2 E0.034092
G1 F X-33.83 Y20.29 Z11.89 U88.26 V-253.47 E0.034092
G1 F X-34 Y20.29 Z11.89 U88.28 V-253.75 E0.034092
G1 F X-34.17 Y20.29 Z11.89 U88.29 V-254.02 E0.034092
G1 F X-34.34 Y20.29 Z11.89 U88.31 V-254.29 E0.034092
G1 F X-34.52 Y20.29 Z11.89 U88.32 V-254.57 E0.034092
G1 F X-34.69 Y20.29 Z11.89 U88.34 V-254.84 E0.034092
G1 F X-34.86 Y20.28 Z11.89 U88.35 V-255.11 E0.034092
G1 F X-35.04 Y20.28 Z11.89 U88.37 V-255.38 E0.034092
G1 F X-35.21 Y20.28 Z11.89 U88.38 V-255.65 E0.034092
G1 F X-35.39 Y20.28 Z11.89 U88.4 V-255.91 E0.034092
G1 F X-35.56 Y20.27 Z11.89 U88.41 V-256.18 E0.034092
G1 F X-35.74 Y20.27 Z11.88 U88.43 V-256.45 E0.034092
G1 F X-35.91 Y20.27 Z11.88 U88.45 V-256.71 E0.034092
G1 F X-36.09 Y20.27 Z11.88 U88.46 V-256.97 E0.034092
G1 F X-36.26 Y20.27 Z11.88 U88.48 V-257.24 E0.034092
G1 F X-36.44 Y20.26 Z11.88 U88.49 V-257.5 E0.034092
G1 F X-36.62 Y20.26 Z11.88 U88.51 V-257.76 E0.034092
G1 F X-36.79 Y20.26 Z11.87 U88.53 V-258.02 E0.034092
G1 F X-36.97 Y20.26 Z11.87 U88.54 V-258.27 E0.034092
G1 F X-37.15 Y20.26 Z11.87 U88.56 V-258.53 E0.034092
G1 F X-37.32 Y20.25 Z11.87 U88.57 V-258.78 E0.034092
G1 F X-37.5 Y20.25 Z11.87 U88.59 V-259.04 E0.034092
G1 F X-37.68 Y20.25 Z11.86 U88.6 V-259.29 E0.034092
G1 F X-37.86 Y20.25 Z11.86 U88.62 V-259.54 E0.034092
G1 F X-38.04 Y20.25 Z11.86 U88.63 V-259.79 E0.034092
G1 F X-38.22 Y20.24 Z11.86 U88.65 V-260.04 E0.034092
G1 F X-38.39 Y20.24 Z11.85 U88.67 V-260.28 E0.034092
G1 F X-38.57 Y20.24 Z11.85 U88.68 V-260.53 E0.034092
G1 F X-38.75 Y20.24 Z11.85 U88.7 V-260.77 E0.034092
G1 F X-38.94 Y20.24 Z11.84 U88.71 V-261.01 E0.034092
G1 F X-39.12 Y20.23 Z11.84 U88.73 V-261.25 E0.034092
G1 F X-39.3 Y20.23 Z11.83 U88.75 V-261.49 E0.034092
G1 F X-39.48 Y20.23 Z11.83 U88.76 V-261.72 E0.034092
G1 F X-39.66 Y20.23 Z11.83 U88.78 V-261.96 E0.034092
G1 F X-39.84 Y20.23 Z11.82 U88.8 V-262.19 E0.034092
G1 F X-40.03 Y20.22 Z11.82 U88.82 V-262.42 E0.034092
G1 F X-40.21 Y20.22 Z11.81 U88.83 V-262.65 E0.034092
G1 F X-40.39 Y20.22 Z11.81 U88.85 V-262.88 E0.034092
G1 F X-40.58 Y20.22 Z11.8 U88.87 V-263.1 E0.034091
G1 F X-40.76 Y20.22 Z11.8 U88.89 V-263.33 E0.034092
G1 F X-40.95 Y20.21 Z11.79 U88.9 V-263.55 E0.034092
G1 F X-41.13 Y20.21 Z11.78 U88.92 V-263.77 E0.034092
G1 F X-41.32 Y20.21 Z11.78 U88.94 V-263.98 E0.034091
G1 F X-41.5 Y20.21 Z11.77 U88.96 V-264.2 E0.034091
G1 F X-41.69 Y20.21 Z11.77 U88.98 V-264.41 E0.034091
G1 F X-41.88 Y20.2 Z11.76 U88.99 V-264.62 E0.034091
G1 F X-42.06 Y20.2 Z11.75 U89.01 V-264.83 E0.034092
G1 F X-42.25 Y20.2 Z11.75 U89.03 V-265.03 E0.034092
G1 F X-42.44 Y20.2 Z11.74 U89.05 V-265.24 E0.034092
G1 F X-42.63 Y20.2 Z11.73 U89.07 V-265.44 E0.034092
G1 F X-42.82 Y20.19 Z11.72 U89.09 V-265.63 E0.034091
G1 F X-43.01 Y20.19 Z11.72 U89.1 V-265.83 E0.034091
G1 F X-43.2 Y20.19 Z11.71 U89.12 V-266.02 E0.034091
G1 F X-43.39 Y20.19 Z11.7 U89.14 V-266.21 E0.034091
G1 F X-43.58 Y20.19 Z11.69 U89.16 V-266.4 E0.034091
G1 F X-43.77 Y20.19 Z11.68 U89.18 V-266.58 E0.034092
G1 F X-43.96 Y20.18 Z11.68 U89.2 V-266.76 E0.034091
G1 F X-44.15 Y20.18 Z11.67 U89.22 V-266.94 E0.034091
G1 F X-44.34 Y20.18 Z11.66 U89.23 V-267.12 E0.034091
G1 F X-44.53 Y20.18 Z11.65 U89.25 V-267.29 E0.034091
G1 F X-44.73 Y20.18 Z11.64 U89.27 V-267.46 E0.034091
G1 F X-44.92 Y20.18 Z11.63 U89.29 V-267.62 E0.034091
G1 F X-45.11 Y20.17 Z11.62 U89.31 V-267.78 E0.034091
G1 F X-45.31 Y20.17 Z11.61 U89.32 V-267.94 E0.034092
G1 F X-45.5 Y20.17 Z11.6 U89.34 V-268.1 E0.034091
G1 F X-45.7 Y20.17 Z11.59 U89.36 V-268.25 E0.034091
G1 F X-45.89 Y20.17 Z11.58 U89.38 V-268.4 E0.034091
G1 F X-46.09 Y20.17 Z11.57 U89.4 V-268.54 E0.034091
G1 F X-46.29 Y20.17 Z11.56 U89.41 V-268.68 E0.034091
G1 F X-46.48 Y20.16 Z11.55 U89.43 V-268.82 E0.034091
G1 F X-46.68 Y20.16 Z11.54 U89.45 V-268.96 E0.034091
G1 F X-46.88 Y20.16 Z11.53 U89.47 V-269.08 E0.034091
G1 F X-47.07 Y20.16 Z11.52 U89.49 V-269.21 E0.034091
G1 F X-47.27 Y20.16 Z11.51 U89.51 V-269.33 E0.034091
G1 F X-47.47 Y20.16 Z11.5 U89.53 V-269.45 E0.034091
G1 F X-47.67 Y20.16 Z11.48 U89.54 V-269.56 E0.034091
G1 F X-47.7 Y20.16 Z11.48 U89.55 V-269.58 E0.005102
G1 F X-47.72 Y20.07 Z11.55 U89.65 V-269.6 E0.028989
G1 F X-47.74 Y19.96 Z11.63 U89.76 V-269.62 E0.034092
G1 F X-47.76 Y19.85 Z11.72 U89.88 V-269.64 E0.034092
G1 F X-47.79 Y19.75 Z11.8 U89.99 V-269.66 E0.034092
G1 F X-47.81 Y19.64 Z11.89 U90.1 V-269.68 E0.034092
G1 F X-47.83 Y19.53 Z11.97 U90.21 V-269.69 E0.034092
G1 F X-47.86 Y19.43 Z12.06 U90.31 V-269.71 E0.034092
G1 F X-47.88 Y19.32 Z12.15 U90.42 V-269.73 E0.034092
G1 F X-47.88 Y19.49 Z12.26 U90.42 V-269.73 E0
G1 F X-47.22 Y21.44 Z13.07 U90.22 V-269.35 E0
G1 F X-47.23 Y21.27 Z12.97 U90.22 V-269.35 E0
G1 F X-47.03 Y21.27 Z12.96 U90.22 V-269.24 E0.034105
G1 F X-46.84 Y21.27 Z12.96 U90.23 V-269.12 E0.034105
G1 F X-46.65 Y21.27 Z12.95 U90.24 V-269 E0.034105
G1 F300 E-1.00 ;Filament Retraction!!
G1 F X-46.46 Y21.27 Z12.95 U90.25 V-268.87 E0.034105
G1 F X-46.27 Y21.27 Z12.94 U90.25 V-268.74 E0.034105
G1 F300 E1.1;Filament (De)-Retraction!!
G1 F X-46.08 Y21.27 Z12.94 U90.26 V-268.61 E0.034105
G1 F X-45.89 Y21.27 Z12.93 U90.27 V-268.47 E0.034105
G1 F X-45.7 Y21.27 Z12.93 U90.28 V-268.33 E0.034105
G1 F X-45.51 Y21.27 Z12.92 U90.28 V-268.19 E0.034105
G1 F X-45.32 Y21.27 Z12.92 U90.29 V-268.05 E0.034105
G1 F X-45.14 Y21.27 Z12.91 U90.3 V-267.9 E0.034105
G1 F X-44.95 Y21.27 Z12.91 U90.31 V-267.75 E0.034105
G1 F X-44.76 Y21.27 Z12.9 U90.31 V-267.59 E0.034105
G1 F X-44.58 Y21.26 Z12.9 U90.32 V-267.43 E0.034105
G1 F X-44.39 Y21.26 Z12.9 U90.33 V-267.27 E0.034105
G1 F X-44.21 Y21.26 Z12.89 U90.33 V-267.11 E0.034105
G1 F X-44.02 Y21.26 Z12.89 U90.34 V-266.94 E0.034105
G1 F X-43.84 Y21.26 Z12.89 U90.34 V-266.77 E0.034105
G1 F X-43.65 Y21.26 Z12.88 U90.35 V-266.6 E0.034105
G1 F X-43.47 Y21.26 Z12.88 U90.36 V-266.43 E0.034105
G1 F X-43.28 Y21.26 Z12.88 U90.36 V-266.25 E0.034105
G1 F X-43.1 Y21.26 Z12.87 U90.37 V-266.07 E0.034105
G1 F X-42.92 Y21.26 Z12.87 U90.37 V-265.89 E0.034105
G1 F X-42.74 Y21.26 Z12.87 U90.38 V-265.71 E0.034105
G1 F X-42.55 Y21.26 Z12.86 U90.38 V-265.52 E0.034105
G1 F X-42.37 Y21.26 Z12.86 U90.39 V-265.33 E0.034105
G1 F X-42.19 Y21.26 Z12.86 U90.39 V-265.14 E0.034105
G1 F X-42.01 Y21.26 Z12.86 U90.4 V-264.95 E0.034105
G1 F X-41.83 Y21.27 Z12.85 U90.41 V-264.75 E0.034105
G1 F X-41.65 Y21.27 Z12.85 U90.41 V-264.56 E0.034105
G1 F X-41.47 Y21.27 Z12.85 U90.41 V-264.36 E0.034105
G1 F X-41.29 Y21.27 Z12.85 U90.42 V-264.16 E0.034105
G1 F X-41.12 Y21.27 Z12.84 U90.42 V-263.95 E0.034105
G1 F X-40.94 Y21.27 Z12.84 U90.43 V-263.75 E0.034105
G1 F X-40.76 Y21.27 Z12.84 U90.43 V-263.54 E0.034105
G1 F X-40.58 Y21.27 Z12.84 U90.44 V-263.33 E0.034105
G1 F X-40.41 Y21.27 Z12.84 U90.44 V-263.12 E0.034105
G1 F X-40.23 Y21.27 Z12.83 U90.45 V-262.91 E0.034105
G1 F X-40.05 Y21.27 Z12.83 U90.45 V-262.69 E0.034105
G1 F X-39.88 Y21.27 Z12.83 U90.46 V-262.48 E0.034105
G1 F X-39.7 Y21.27 Z12.83 U90.46 V-262.26 E0.034105
G1 F X-39.53 Y21.27 Z12.83 U90.47 V-262.04 E0.034105
G1 F X-39.36 Y21.26 Z12.83 U90.47 V-261.82 E0.034105
G1 F X-39.18 Y21.26 Z12.83 U90.47 V-261.6 E0.034105
G1 F X-39.01 Y21.26 Z12.82 U90.48 V-261.37 E0.034105
G1 F X-38.83 Y21.26 Z12.82 U90.48 V-261.15 E0.034105
G1 F X-38.66 Y21.26 Z12.82 U90.49 V-260.92 E0.034105
G1 F X-38.49 Y21.26 Z12.82 U90.49 V-260.69 E0.034105
G1 F X-38.32 Y21.26 Z12.82 U90.5 V-260.47 E0.034105
G1 F X-38.15 Y21.26 Z12.82 U90.5 V-260.24 E0.034105
G1 F X-37.97 Y21.26 Z12.82 U90.51 V-260 E0.034105
G1 F X-37.8 Y21.26 Z12.81 U90.51 V-259.77 E0.034105
G1 F X-37.63 Y21.26 Z12.81 U90.52 V-259.54 E0.034106
G1 F X-37.46 Y21.26 Z12.81 U90.52 V-259.3 E0.034105
G1 F X-37.29 Y21.26 Z12.81 U90.53 V-259.06 E0.034105
G1 F X-37.12 Y21.26 Z12.81 U90.53 V-258.83 E0.034105
G1 F X-36.95 Y21.26 Z12.81 U90.54 V-258.59 E0.034105
G1 F X-36.79 Y21.26 Z12.81 U90.54 V-258.35 E0.034105
G1 F X-36.62 Y21.26 Z12.81 U90.55 V-258.1 E0.034105
G1 F X-36.45 Y21.26 Z12.8 U90.55 V-257.86 E0.034105
G1 F X-36.28 Y21.26 Z12.8 U90.56 V-257.62 E0.034105
G1 F X-36.11 Y21.26 Z12.8 U90.56 V-257.37 E0.034105
G1 F X-35.94 Y21.26 Z12.8 U90.56 V-257.12 E0.034105
G1 F X-35.78 Y21.26 Z12.8 U90.56 V-256.88 E0.034105
G1 F X-35.61 Y21.26 Z12.8 U90.57 V-256.63 E0.034105
G1 F X-35.44 Y21.26 Z12.8 U90.57 V-256.38 E0.034105
G1 F X-35.27 Y21.26 Z12.8 U90.57 V-256.13 E0.034105
G1 F X-35.11 Y21.26 Z12.8 U90.57 V-255.88 E0.034105
G1 F X-34.94 Y21.26 Z12.8 U90.58 V-255.62 E0.034105
G1 F X-34.77 Y21.26 Z12.81 U90.58 V-255.37 E0.034105
G1 F X-34.61 Y21.26 Z12.81 U90.58 V-255.12 E0.034105
G1 F X-34.44 Y21.26 Z12.81 U90.58 V-254.86 E0.034105
G1 F X-34.28 Y21.26 Z12.81 U90.58 V-254.6 E0.034105
G1 F X-34.11 Y21.26 Z12.81 U90.59 V-254.35 E0.034105
G1 F X-33.95 Y21.26 Z12.81 U90.59 V-254.09 E0.034105
G1 F X-33.78 Y21.26 Z12.81 U90.59 V-253.83 E0.034105
G1 F X-33.62 Y21.26 Z12.81 U90.59 V-253.57 E0.034105
G1 F X-33.45 Y21.26 Z12.81 U90.59 V-253.31 E0.034105
G1 F X-33.29 Y21.26 Z12.81 U90.6 V-253.05 E0.034105
G1 F X-33.12 Y21.26 Z12.81 U90.6 V-252.79 E0.034106
G1 F X-32.96 Y21.26 Z12.81 U90.6 V-252.53 E0.034105
G1 F X-32.8 Y21.26 Z12.81 U90.6 V-252.27 E0.034105
G1 F X-32.63 Y21.26 Z12.81 U90.61 V-252.01 E0.034105
G1 F X-32.47 Y21.26 Z12.81 U90.61 V-251.74 E0.034105
G1 F X-32.31 Y21.26 Z12.81 U90.61 V-251.48 E0.034105
G1 F X-32.14 Y21.26 Z12.81 U90.61 V-251.21 E0.034105
G1 F X-31.98 Y21.26 Z12.81 U90.62 V-250.95 E0.034105
G1 F X-31.82 Y21.26 Z12.82 U90.62 V-250.69 E0.034105
G1 F X-31.66 Y21.26 Z12.82 U90.62 V-250.42 E0.034105
G1 F X-31.5 Y21.26 Z12.82 U90.63 V-250.16 E0.034105
G1 F X-31.33 Y21.26 Z12.82 U90.63 V-249.89 E0.034105
G1 F X-31.17 Y21.26 Z12.82 U90.64 V-249.62 E0.034105
G1 F X-31.01 Y21.26 Z12.82 U90.64 V-249.36 E0.034105
G1 F X-30.85 Y21.26 Z12.82 U90.65 V-249.09 E0.034105
G1 F X-30.69 Y21.26 Z12.82 U90.65 V-248.82 E0.034105
G1 F X-30.53 Y21.26 Z12.82 U90.65 V-248.55 E0.034105
G1 F X-30.37 Y21.26 Z12.82 U90.66 V-248.29 E0.034105
G1 F X-30.21 Y21.26 Z12.82 U90.66 V-248.02 E0.034105
G1 F X-30.05 Y21.26 Z12.82 U90.66 V-247.75 E0.034105
G1 F X-29.88 Y21.26 Z12.82 U90.66 V-247.47 E0.034105
G1 F X-29.72 Y21.26 Z12.82 U90.66 V-247.2 E0.034105
G1 F X-29.56 Y21.26 Z12.82 U90.66 V-246.93 E0.034105
G1 F X-29.4 Y21.26 Z12.83 U90.66 V-246.66 E0.034105
G1 F X-29.24 Y21.26 Z12.83 U90.67 V-246.39 E0.034105
G1 F X-29.08 Y21.26 Z12.83 U90.67 V-246.11 E0.034105
G1 F X-28.92 Y21.26 Z12.83 U90.67 V-245.84 E0.034105
G1 F X-28.78 Y21.26 Z12.83 U90.67 V-245.6 E0.029506
G1 F X-28.76 Y21.28 Z12.83 U90.58 V-245.55 E0.004599
G1 F X-28.62 Y21.47 Z12.83 U89.97 V-245.19 E0.034105
G1 F X-28.48 Y21.65 Z12.83 U89.34 V-244.81 E0.034552
G1 F X-28.64 Y21.65 Z12.83 U89.34 V-245.09 E0.033659
G1 F X-28.8 Y21.65 Z12.83 U89.35 V-245.36 E0.034105
G1 F X-28.96 Y21.65 Z12.83 U89.35 V-245.64 E0.034105
G1 F X-29.13 Y21.65 Z12.83 U89.35 V-245.91 E0.034105
G1 F X-29.29 Y21.65 Z12.83 U89.35 V-246.19 E0.034105
G1 F X-29.45 Y21.65 Z12.84 U89.36 V-246.46 E0.034105
G1 F X-29.61 Y21.65 Z12.84 U89.36 V-246.73 E0.034105
G1 F X-29.77 Y21.65 Z12.84 U89.36 V-247.01 E0.034105
G1 F X-29.93 Y21.65 Z12.84 U89.36 V-247.28 E0.034105
G1 F X-30.09 Y21.65 Z12.84 U89.36 V-247.55 E0.034105
G1 F X-30.26 Y21.65 Z12.84 U89.37 V-247.83 E0.034105
G1 F X-30.42 Y21.65 Z12.84 U89.37 V-248.1 E0.034105
G1 F X-30.58 Y21.65 Z12.84 U89.37 V-248.37 E0.034105
G1 F X-30.74 Y21.65 Z12.84 U89.37 V-248.64 E0.034105
G1 F X-30.9 Y21.65 Z12.85 U89.37 V-248.91 E0.034105
G1 F X-31.06 Y21.65 Z12.85 U89.37 V-249.18 E0.034105
G1 F X-31.23 Y21.65 Z12.85 U89.37 V-249.45 E0.034105
G1 F X-31.39 Y21.65 Z12.85 U89.37 V-249.72 E0.034105
G1 F X-31.55 Y21.65 Z12.85 U89.37 V-249.98 E0.034105
G1 F X-31.71 Y21.65 Z12.85 U89.37 V-250.25 E0.034105
G1 F X-31.87 Y21.65 Z12.86 U89.37 V-250.52 E0.034105
G1 F X-32.04 Y21.65 Z12.86 U89.37 V-250.79 E0.034105
G1 F X-32.2 Y21.65 Z12.86 U89.37 V-251.05 E0.034105
G1 F X-32.36 Y21.65 Z12.86 U89.37 V-251.32 E0.034105
G1 F X-32.53 Y21.65 Z12.86 U89.37 V-251.58 E0.034105
G1 F X-32.69 Y21.65 Z12.86 U89.38 V-251.85 E0.034105
G1 F X-32.85 Y21.65 Z12.86 U89.38 V-252.12 E0.034105
G1 F X-33.02 Y21.65 Z12.86 U89.38 V-252.38 E0.034106
G1 F X-33.18 Y21.65 Z12.86 U89.38 V-252.64 E0.034105
G1 F X-33.35 Y21.65 Z12.86 U89.39 V-252.91 E0.034105
G1 F X-33.51 Y21.65 Z12.86 U89.39 V-253.17 E0.034105
G1 F X-33.68 Y21.65 Z12.86 U89.39 V-253.43 E0.034105
G1 F X-33.84 Y21.65 Z12.86 U89.4 V-253.69 E0.034105
G1 F X-34.01 Y21.65 Z12.86 U89.4 V-253.96 E0.034105
G1 F X-34.18 Y21.65 Z12.86 U89.41 V-254.22 E0.034105
G1 F X-34.34 Y21.65 Z12.86 U89.41 V-254.48 E0.034105
G1 F X-34.51 Y21.65 Z12.86 U89.41 V-254.74 E0.034105
G1 F X-34.67 Y21.65 Z12.86 U89.42 V-254.99 E0.034105
G1 F X-34.84 Y21.65 Z12.86 U89.42 V-255.25 E0.034105
G1 F X-35.01 Y21.65 Z12.86 U89.43 V-255.51 E0.034105
G1 F X-35.18 Y21.65 Z12.86 U89.43 V-255.76 E0.034105
G1 F X-35.34 Y21.65 Z12.86 U89.43 V-256.02 E0.034105
G1 F X-35.51 Y21.65 Z12.86 U89.44 V-256.27 E0.034105
G1 F X-35.68 Y21.65 Z12.86 U89.44 V-256.53 E0.034105
G1 F X-35.85 Y21.65 Z12.86 U89.45 V-256.78 E0.034105
G1 F X-36.02 Y21.65 Z12.86 U89.45 V-257.03 E0.034105
G1 F X-36.19 Y21.65 Z12.86 U89.46 V-257.28 E0.034105
G1 F X-36.36 Y21.65 Z12.86 U89.46 V-257.53 E0.034105
G1 F X-36.52 Y21.65 Z12.85 U89.46 V-257.78 E0.034105
G1 F X-36.69 Y21.65 Z12.85 U89.47 V-258.02 E0.034105
G1 F X-36.86 Y21.65 Z12.85 U89.47 V-258.27 E0.034105
G1 F X-37.03 Y21.65 Z12.85 U89.47 V-258.51 E0.034105
G1 F X-37.21 Y21.65 Z12.85 U89.48 V-258.75 E0.034105
G1 F X-37.38 Y21.65 Z12.85 U89.48 V-259 E0.034105
G1 F X-37.55 Y21.65 Z12.85 U89.48 V-259.24 E0.034106
G1 F X-37.72 Y21.65 Z12.85 U89.49 V-259.48 E0.034105
G1 F X-37.89 Y21.65 Z12.85 U89.49 V-259.71 E0.034105
G1 F X-38.06 Y21.65 Z12.85 U89.49 V-259.95 E0.034105
G1 F X-38.23 Y21.65 Z12.85 U89.5 V-260.18 E0.034105
G1 F X-38.41 Y21.65 Z12.85 U89.5 V-260.42 E0.034105
G1 F X-38.58 Y21.65 Z12.85 U89.5 V-260.65 E0.034105
G1 F X-38.75 Y21.65 Z12.85 U89.51 V-260.88 E0.034105
G1 F X-38.93 Y21.65 Z12.85 U89.51 V-261.11 E0.034105
G1 F X-39.1 Y21.65 Z12.84 U89.51 V-261.34 E0.034105
G1 F X-39.28 Y21.65 Z12.84 U89.52 V-261.57 E0.034105
G1 F X-39.45 Y21.65 Z12.84 U89.52 V-261.79 E0.034105
G1 F X-39.63 Y21.65 Z12.84 U89.53 V-262.02 E0.034105
G1 F X-39.8 Y21.65 Z12.84 U89.53 V-262.24 E0.034105
G1 F X-39.98 Y21.65 Z12.84 U89.54 V-262.46 E0.034105
G1 F X-40.16 Y21.65 Z12.83 U89.54 V-262.68 E0.034105
G1 F X-40.34 Y21.65 Z12.83 U89.55 V-262.9 E0.034105
G1 F X-40.51 Y21.65 Z12.83 U89.55 V-263.11 E0.034105
G1 F X-40.69 Y21.65 Z12.83 U89.56 V-263.33 E0.034105
G1 F X-40.87 Y21.64 Z12.83 U89.56 V-263.54 E0.034105
G1 F X-41.05 Y21.64 Z12.82 U89.57 V-263.75 E0.034105
G1 F X-41.23 Y21.64 Z12.82 U89.57 V-263.96 E0.034105
G1 F X-41.41 Y21.64 Z12.82 U89.58 V-264.17 E0.034105
G1 F X-41.59 Y21.64 Z12.82 U89.59 V-264.37 E0.034105
G1 F X-41.77 Y21.64 Z12.81 U89.59 V-264.57 E0.034105
G1 F X-41.95 Y21.64 Z12.81 U89.6 V-264.77 E0.034105
G1 F X-42.13 Y21.64 Z12.81 U89.6 V-264.97 E0.034105
G1 F X-42.32 Y21.64 Z12.8 U89.61 V-265.17 E0.034106
G1 F X-42.5 Y21.64 Z12.8 U89.61 V-265.36 E0.034105
G1 F X-42.68 Y21.64 Z12.8 U89.62 V-265.55 E0.034105
G1 F X-42.87 Y21.64 Z12.8 U89.63 V-265.74 E0.034105
G1 F X-43.05 Y21.64 Z12.79 U89.63 V-265.93 E0.034105
G1 F X-43.23 Y21.64 Z12.79 U89.64 V-266.12 E0.034105
G1 F X-43.42 Y21.64 Z12.79 U89.64 V-266.3 E0.034105
G1 F X-43.61 Y21.64 Z12.78 U89.65 V-266.48 E0.034105
G1 F X-43.79 Y21.64 Z12.78 U89.66 V-266.65 E0.034105
G1 F X-43.98 Y21.64 Z12.77 U89.66 V-266.83 E0.034105
G1 F X-44.17 Y21.64 Z12.77 U89.67 V-267 E0.034105
G1 F X-44.35 Y21.64 Z12.77 U89.68 V-267.17 E0.034105
G1 F X-44.54 Y21.64 Z12.76 U89.68 V-267.33 E0.034105
G1 F X-44.73 Y21.64 Z12.76 U89.69 V-267.5 E0.034105
G1 F X-44.92 Y21.64 Z12.75 U89.7 V-267.66 E0.034105
G1 F X-45.11 Y21.64 Z12.75 U89.7 V-267.81 E0.034105
G1 F X-45.3 Y21.64 Z12.75 U89.71 V-267.97 E0.034105
G1 F X-45.49 Y21.64 Z12.74 U89.71 V-268.12 E0.034105
G1 F X-45.68 Y21.64 Z12.74 U89.72 V-268.26 E0.034105
G1 F X-45.87 Y21.64 Z12.73 U89.73 V-268.41 E0.034105
G1 F X-46.06 Y21.64 Z12.73 U89.73 V-268.55 E0.034105
G1 F X-46.25 Y21.64 Z12.73 U89.74 V-268.69 E0.034105
G1 F X-46.45 Y21.64 Z12.72 U89.75 V-268.82 E0.034105
G1 F X-46.64 Y21.64 Z12.72 U89.75 V-268.95 E0.034105
G1 F X-46.83 Y21.64 Z12.71 U89.76 V-269.08 E0.034105
G1 F X-47.03 Y21.64 Z12.71 U89.77 V-269.2 E0.034105
G1 F X-47.22 Y21.64 Z12.7 U89.78 V-269.32 E0.034105
G1 F X-47.32 Y21.64 Z12.7 U89.78 V-269.38 E0.017107
G1 F X-47.34 Y21.59 Z12.74 U89.84 V-269.39 E0.016998
G1 F X-47.36 Y21.48 Z12.81 U89.97 V-269.42 E0.034105
G1 F X-47.39 Y21.37 Z12.89 U90.09 V-269.44 E0.034105
G1 F X-47.42 Y21.27 Z12.98 U90.21 V-269.47 E0.034105
G1 F X-47.42 Y21.44 Z13.08 U90.21 V-269.47 E0
G1 F X-47.7 Y21.21 Z13.27 U90.44 V-269.64 E0
G1 F X-47.7 Y21.03 Z13.17 U90.44 V-269.64 E0
G1 F X-47.51 Y21.03 Z13.16 U90.46 V-269.53 E0.034127
G1 F X-47.32 Y21.03 Z13.15 U90.48 V-269.43 E0.034127
G1 F X-47.13 Y21.03 Z13.14 U90.5 V-269.31 E0.034127
G1 F300 E-1.00 ;Filament Retraction!!
G1 F X-46.94 Y21.03 Z13.13 U90.51 V-269.2 E0.034127
G1 F X-46.75 Y21.03 Z13.11 U90.53 V-269.08 E0.034127
G1 F300 E1.1;Filament (De)-Retraction!!
G1 F X-46.56 Y21.02 Z13.1 U90.55 V-268.96 E0.034127
G1 F X-46.38 Y21.02 Z13.09 U90.57 V-268.84 E0.034127
G1 F X-46.19 Y21.02 Z13.08 U90.59 V-268.71 E0.034127
G1 F X-46 Y21.02 Z13.07 U90.61 V-268.58 E0.034127
G1 F X-45.81 Y21.02 Z13.06 U90.62 V-268.45 E0.034127
G1 F X-45.63 Y21.02 Z13.05 U90.64 V-268.31 E0.034127
G1 F X-45.44 Y21.01 Z13.04 U90.66 V-268.17 E0.034127
G1 F X-45.26 Y21.01 Z13.03 U90.68 V-268.03 E0.034127
G1 F X-45.07 Y21.01 Z13.02 U90.7 V-267.88 E0.034127
G1 F X-44.89 Y21.01 Z13.02 U90.72 V-267.73 E0.034127
G1 F X-44.71 Y21.01 Z13.01 U90.74 V-267.58 E0.034127
G1 F X-44.52 Y21 Z13 U90.75 V-267.43 E0.034127
G1 F X-44.34 Y21 Z12.99 U90.77 V-267.27 E0.034127
G1 F X-44.16 Y21 Z12.98 U90.79 V-267.11 E0.034127
G1 F X-43.98 Y21 Z12.97 U90.81 V-266.95 E0.034127
G1 F X-43.8 Y21 Z12.97 U90.83 V-266.79 E0.034127
G1 F X-43.62 Y20.99 Z12.96 U90.84 V-266.62 E0.034127
G1 F X-43.43 Y20.99 Z12.95 U90.86 V-266.45 E0.034128
G1 F X-43.25 Y20.99 Z12.94 U90.88 V-266.28 E0.034128
G1 F X-43.08 Y20.99 Z12.94 U90.9 V-266.11 E0.034128
G1 F X-42.9 Y20.99 Z12.93 U90.92 V-265.93 E0.034128
G1 F X-42.72 Y20.98 Z12.92 U90.93 V-265.75 E0.034128
G1 F X-42.54 Y20.98 Z12.92 U90.95 V-265.57 E0.034127
G1 F X-42.36 Y20.98 Z12.91 U90.97 V-265.39 E0.034128
G1 F X-42.19 Y20.98 Z12.9 U90.99 V-265.21 E0.034128
G1 F X-42.01 Y20.97 Z12.9 U91 V-265.02 E0.034128
G1 F X-41.83 Y20.97 Z12.89 U91.02 V-264.83 E0.034128
G1 F X-41.66 Y20.97 Z12.89 U91.04 V-264.64 E0.034128
G1 F X-41.48 Y20.97 Z12.88 U91.06 V-264.45 E0.034128
G1 F X-41.31 Y20.96 Z12.87 U91.08 V-264.25 E0.034128
G1 F X-41.13 Y20.96 Z12.87 U91.09 V-264.06 E0.034127
G1 F X-40.96 Y20.96 Z12.86 U91.11 V-263.86 E0.034128
G1 F X-40.78 Y20.96 Z12.86 U91.13 V-263.66 E0.034128
G1 F X-40.61 Y20.95 Z12.85 U91.15 V-263.46 E0.034128
G1 F X-40.44 Y20.95 Z12.85 U91.16 V-263.25 E0.034128
G1 F X-40.26 Y20.95 Z12.84 U91.18 V-263.05 E0.034128
G1 F X-40.09 Y20.95 Z12.84 U91.2 V-262.84 E0.034128
G1 F X-39.92 Y20.94 Z12.83 U91.22 V-262.64 E0.034128
G1 F X-39.75 Y20.94 Z12.83 U91.24 V-262.43 E0.034128
G1 F X-39.58 Y20.94 Z12.83 U91.25 V-262.22 E0.034128
G1 F X-39.41 Y20.93 Z12.82 U91.27 V-262 E0.034128
G1 F X-39.24 Y20.93 Z12.82 U91.29 V-261.79 E0.034128
G1 F X-39.07 Y20.93 Z12.81 U91.31 V-261.58 E0.034128
G1 F X-38.9 Y20.93 Z12.81 U91.33 V-261.36 E0.034127
G1 F X-38.73 Y20.92 Z12.81 U91.35 V-261.14 E0.034127
G1 F X-38.56 Y20.92 Z12.8 U91.36 V-260.92 E0.034127
G1 F X-38.39 Y20.92 Z12.8 U91.38 V-260.7 E0.034127
G1 F X-38.22 Y20.91 Z12.8 U91.4 V-260.48 E0.034128
G1 F X-38.06 Y20.91 Z12.79 U91.42 V-260.26 E0.034128
G1 F X-37.89 Y20.91 Z12.79 U91.44 V-260.03 E0.034128
G1 F X-37.72 Y20.9 Z12.78 U91.46 V-259.81 E0.034128
G1 F X-37.56 Y20.9 Z12.78 U91.48 V-259.58 E0.034128
G1 F X-37.39 Y20.9 Z12.78 U91.5 V-259.36 E0.034128
G1 F X-37.23 Y20.9 Z12.78 U91.52 V-259.13 E0.034128
G1 F X-37.06 Y20.89 Z12.77 U91.53 V-258.9 E0.034128
G1 F X-36.89 Y20.89 Z12.77 U91.55 V-258.67 E0.034128
G1 F X-36.73 Y20.89 Z12.77 U91.57 V-258.44 E0.034128
G1 F X-36.56 Y20.88 Z12.77 U91.59 V-258.2 E0.034128
G1 F X-36.4 Y20.88 Z12.76 U91.61 V-257.97 E0.034128
G1 F X-36.24 Y20.88 Z12.76 U91.62 V-257.73 E0.034128
G1 F X-36.07 Y20.87 Z12.76 U91.64 V-257.5 E0.034128
G1 F X-35.91 Y20.87 Z12.76 U91.66 V-257.26 E0.034128
G1 F X-35.74 Y20.87 Z12.76 U91.68 V-257.02 E0.034128
G1 F X-35.58 Y20.87 Z12.76 U91.69 V-256.78 E0.034128
G1 F X-35.42 Y20.86 Z12.76 U91.71 V-256.54 E0.034128
G1 F X-35.25 Y20.86 Z12.76 U91.72 V-256.3 E0.034128
G1 F X-35.09 Y20.86 Z12.76 U91.74 V-256.06 E0.034128
G1 F X-34.93 Y20.85 Z12.76 U91.76 V-255.81 E0.034128
G1 F X-34.77 Y20.85 Z12.76 U91.77 V-255.57 E0.034128
G1 F X-34.6 Y20.85 Z12.76 U91.79 V-255.32 E0.034128
G1 F X-34.44 Y20.85 Z12.76 U91.8 V-255.08 E0.034128
G1 F X-34.28 Y20.84 Z12.76 U91.82 V-254.83 E0.034128
G1 F X-34.12 Y20.84 Z12.76 U91.83 V-254.58 E0.034128
G1 F X-33.96 Y20.84 Z12.76 U91.85 V-254.33 E0.034128
G1 F X-33.8 Y20.83 Z12.76 U91.86 V-254.08 E0.034128
G1 F X-33.64 Y20.83 Z12.76 U91.88 V-253.83 E0.034128
G1 F X-33.48 Y20.83 Z12.76 U91.89 V-253.58 E0.034128
G1 F X-33.31 Y20.83 Z12.76 U91.91 V-253.33 E0.034128
G1 F X-33.15 Y20.82 Z12.76 U91.92 V-253.08 E0.034128
G1 F X-32.99 Y20.82 Z12.76 U91.94 V-252.83 E0.034128
G1 F X-32.83 Y20.82 Z12.77 U91.95 V-252.57 E0.034128
G1 F X-32.67 Y20.82 Z12.77 U91.96 V-252.32 E0.034128
G1 F X-32.51 Y20.81 Z12.77 U91.98 V-252.06 E0.034128
G1 F X-32.35 Y20.81 Z12.77 U91.99 V-251.81 E0.034128
G1 F X-32.19 Y20.81 Z12.77 U92.01 V-251.55 E0.034128
G1 F X-32.04 Y20.81 Z12.77 U92.02 V-251.3 E0.034128
G1 F X-31.88 Y20.8 Z12.78 U92.03 V-251.04 E0.034128
G1 F X-31.72 Y20.8 Z12.78 U92.05 V-250.78 E0.034128
G1 F X-31.56 Y20.8 Z12.78 U92.06 V-250.53 E0.034128
G1 F X-31.4 Y20.8 Z12.78 U92.08 V-250.27 E0.034128
G1 F X-31.24 Y20.79 Z12.78 U92.09 V-250.01 E0.034128
G1 F X-31.08 Y20.79 Z12.78 U92.11 V-249.75 E0.034128
G1 F X-30.92 Y20.79 Z12.79 U92.12 V-249.49 E0.034128
G1 F X-30.77 Y20.78 Z12.79 U92.14 V-249.23 E0.034128
G1 F X-30.61 Y20.78 Z12.79 U92.15 V-248.97 E0.034128
G1 F X-30.45 Y20.78 Z12.79 U92.16 V-248.71 E0.034128
G1 F X-30.29 Y20.78 Z12.8 U92.17 V-248.44 E0.034128
G1 F X-30.13 Y20.78 Z12.8 U92.19 V-248.18 E0.034128
G1 F X-29.97 Y20.77 Z12.8 U92.2 V-247.92 E0.034128
G1 F X-29.82 Y20.77 Z12.81 U92.21 V-247.65 E0.034128
G1 F X-29.66 Y20.77 Z12.81 U92.22 V-247.39 E0.034128
G1 F X-29.5 Y20.77 Z12.82 U92.23 V-247.12 E0.034128
G1 F X-29.34 Y20.77 Z12.82 U92.23 V-246.85 E0.034128
G1 F X-29.18 Y20.77 Z12.83 U92.24 V-246.59 E0.034128
G1 F X-29.02 Y20.76 Z12.83 U92.25 V-246.32 E0.034128
G1 F X-28.86 Y20.76 Z12.83 U92.26 V-246.05 E0.034128
G1 F X-28.74 Y20.76 Z12.84 U92.26 V-245.84 E0.026979
G1 F X-28.71 Y20.8 Z12.84 U92.13 V-245.76 E0.007148
G1 F X-28.56 Y20.99 Z12.84 U91.53 V-245.4 E0.034127
G1 F X-28.42 Y21.18 Z12.84 U90.91 V-245.04 E0.034127
G1 F X-28.28 Y21.37 Z12.83 U90.3 V-244.67 E0.034127
G1 F X-28.14 Y21.55 Z12.83 U89.67 V-244.29 E0.034127
G1 F X-28 Y21.74 Z12.82 U89.05 V-243.92 E0.034127
G1 F X-27.87 Y21.92 Z12.81 U88.42 V-243.54 E0.034127
G1 F X-27.74 Y22.1 Z12.8 U87.79 V-243.17 E0.034127
G1 F X-27.72 Y22.13 Z12.8 U87.69 V-243.11 E0.005573
G1 F X-27.85 Y22.13 Z12.8 U87.7 V-243.34 E0.028555
G1 F X-28.01 Y22.13 Z12.81 U87.7 V-243.62 E0.034128
G1 F X-28.17 Y22.13 Z12.81 U87.71 V-243.9 E0.034128
G1 F X-28.34 Y22.13 Z12.82 U87.71 V-244.18 E0.034128
G1 F X-28.5 Y22.13 Z12.83 U87.72 V-244.46 E0.034128
G1 F X-28.66 Y22.12 Z12.83 U87.73 V-244.74 E0.034128
G1 F X-28.82 Y22.12 Z12.83 U87.74 V-245.02 E0.034128
G1 F X-28.99 Y22.12 Z12.84 U87.75 V-245.3 E0.034128
G1 F X-29.15 Y22.12 Z12.84 U87.75 V-245.58 E0.034128
G1 F X-29.31 Y22.12 Z12.85 U87.76 V-245.86 E0.034128
G1 F X-29.47 Y22.12 Z12.85 U87.77 V-246.13 E0.034128
G1 F X-29.64 Y22.12 Z12.86 U87.78 V-246.41 E0.034128
G1 F X-29.8 Y22.11 Z12.86 U87.79 V-246.69 E0.034128
G1 F X-29.96 Y22.11 Z12.86 U87.8 V-246.97 E0.034128
G1 F X-30.13 Y22.11 Z12.87 U87.81 V-247.25 E0.034128
G1 F X-30.29 Y22.11 Z12.87 U87.82 V-247.53 E0.034128
G1 F X-30.46 Y22.11 Z12.88 U87.83 V-247.81 E0.034128
G1 F X-30.62 Y22.11 Z12.88 U87.84 V-248.09 E0.034128
G1 F X-30.78 Y22.1 Z12.88 U87.85 V-248.37 E0.034128
G1 F X-30.95 Y22.1 Z12.89 U87.86 V-248.64 E0.034128
G1 F X-31.11 Y22.1 Z12.89 U87.88 V-248.92 E0.034128
G1 F X-31.28 Y22.1 Z12.89 U87.89 V-249.2 E0.034128
G1 F X-31.44 Y22.1 Z12.9 U87.9 V-249.47 E0.034128
G1 F X-31.61 Y22.09 Z12.9 U87.91 V-249.75 E0.034128
G1 F X-31.77 Y22.09 Z12.91 U87.92 V-250.02 E0.034128
G1 F X-31.94 Y22.09 Z12.91 U87.93 V-250.3 E0.034128
G1 F X-32.1 Y22.09 Z12.91 U87.94 V-250.57 E0.034128
G1 F X-32.27 Y22.09 Z12.91 U87.95 V-250.85 E0.034128
G1 F X-32.44 Y22.08 Z12.92 U87.97 V-251.12 E0.034128
G1 F X-32.6 Y22.08 Z12.92 U87.98 V-251.4 E0.034128
G1 F X-32.77 Y22.08 Z12.92 U87.99 V-251.67 E0.034128
G1 F X-32.94 Y22.08 Z12.92 U88.01 V-251.95 E0.034128
G1 F X-33.1 Y22.07 Z12.92 U88.02 V-252.22 E0.034128
G1 F X-33.27 Y22.07 Z12.92 U88.04 V-252.49 E0.034128
G1 F X-33.44 Y22.07 Z12.93 U88.06 V-252.77 E0.034128
G1 F X-33.61 Y22.07 Z12.93 U88.07 V-253.04 E0.034128
G1 F X-33.78 Y22.06 Z12.93 U88.09 V-253.31 E0.034128
G1 F X-33.95 Y22.06 Z12.93 U88.11 V-253.58 E0.034128
G1 F X-34.12 Y22.06 Z12.93 U88.12 V-253.85 E0.034128
G1 F X-34.29 Y22.06 Z12.93 U88.14 V-254.12 E0.034128
G1 F X-34.46 Y22.05 Z12.93 U88.16 V-254.39 E0.034128
G1 F X-34.63 Y22.05 Z12.93 U88.18 V-254.66 E0.034128
G1 F X-34.8 Y22.05 Z12.93 U88.2 V-254.93 E0.034128
G1 F X-34.97 Y22.04 Z12.92 U88.21 V-255.19 E0.034128
G1 F X-35.14 Y22.04 Z12.92 U88.23 V-255.46 E0.034128
G1 F X-35.31 Y22.04 Z12.92 U88.25 V-255.73 E0.034128
G1 F X-35.48 Y22.04 Z12.92 U88.27 V-255.99 E0.034128
G1 F X-35.65 Y22.03 Z12.92 U88.29 V-256.25 E0.034128
G1 F X-35.83 Y22.03 Z12.92 U88.31 V-256.52 E0.034127
G1 F X-36 Y22.03 Z12.92 U88.33 V-256.78 E0.034128
G1 F X-36.17 Y22.02 Z12.91 U88.35 V-257.04 E0.034128
G1 F X-36.35 Y22.02 Z12.91 U88.37 V-257.3 E0.034128
G1 F X-36.52 Y22.02 Z12.91 U88.39 V-257.56 E0.034128
G1 F X-36.69 Y22.01 Z12.91 U88.41 V-257.81 E0.034128
G1 F X-36.87 Y22.01 Z12.91 U88.43 V-258.07 E0.034128
G1 F X-37.04 Y22.01 Z12.9 U88.44 V-258.32 E0.034128
G1 F X-37.22 Y22.01 Z12.9 U88.46 V-258.58 E0.034128
G1 F X-37.39 Y22 Z12.9 U88.48 V-258.83 E0.034128
G1 F X-37.57 Y22 Z12.9 U88.5 V-259.08 E0.034128
G1 F X-37.74 Y22 Z12.89 U88.52 V-259.33 E0.034128
G1 F X-37.92 Y21.99 Z12.89 U88.53 V-259.57 E0.034128
G1 F X-38.09 Y21.99 Z12.89 U88.55 V-259.82 E0.034128
G1 F X-38.27 Y21.99 Z12.89 U88.57 V-260.07 E0.034128
G1 F X-38.45 Y21.99 Z12.88 U88.59 V-260.31 E0.034128
G1 F X-38.63 Y21.98 Z12.88 U88.61 V-260.55 E0.034128
G1 F X-38.8 Y21.98 Z12.88 U88.63 V-260.79 E0.034128
G1 F X-38.98 Y21.98 Z12.87 U88.65 V-261.03 E0.034128
G1 F X-39.16 Y21.98 Z12.87 U88.66 V-261.27 E0.034128
G1 F X-39.34 Y21.97 Z12.86 U88.68 V-261.5 E0.034128
G1 F X-39.52 Y21.97 Z12.86 U88.7 V-261.74 E0.034128
G1 F X-39.7 Y21.97 Z12.85 U88.72 V-261.97 E0.034128
G1 F X-39.88 Y21.96 Z12.85 U88.74 V-262.2 E0.034128
G1 F X-40.06 Y21.96 Z12.84 U88.76 V-262.43 E0.034128
G1 F X-40.24 Y21.96 Z12.84 U88.78 V-262.66 E0.034128
G1 F X-40.42 Y21.96 Z12.83 U88.8 V-262.88 E0.034128
G1 F X-40.61 Y21.95 Z12.83 U88.82 V-263.11 E0.034128
G1 F X-40.79 Y21.95 Z12.82 U88.84 V-263.33 E0.034128
G1 F X-40.97 Y21.95 Z12.82 U88.86 V-263.55 E0.034128
G1 F X-41.15 Y21.95 Z12.81 U88.88 V-263.77 E0.034128
G1 F X-41.34 Y21.94 Z12.8 U88.9 V-263.98 E0.034127
G1 F X-41.52 Y21.94 Z12.8 U88.92 V-264.19 E0.034127
G1 F X-41.71 Y21.94 Z12.79 U88.94 V-264.41 E0.034127
G1 F X-41.89 Y21.94 Z12.79 U88.96 V-264.61 E0.034127
G1 F X-42.08 Y21.93 Z12.78 U88.98 V-264.82 E0.034128
G1 F X-42.26 Y21.93 Z12.77 U89 V-265.03 E0.034128
G1 F X-42.45 Y21.93 Z12.76 U89.02 V-265.23 E0.034128
G1 F X-42.64 Y21.93 Z12.76 U89.04 V-265.43 E0.034127
G1 F X-42.82 Y21.92 Z12.75 U89.06 V-265.62 E0.034127
G1 F X-43.01 Y21.92 Z12.74 U89.08 V-265.82 E0.034127
G1 F X-43.2 Y21.92 Z12.73 U89.1 V-266.01 E0.034127
G1 F X-43.39 Y21.92 Z12.73 U89.12 V-266.2 E0.034127
G1 F X-43.58 Y21.91 Z12.72 U89.14 V-266.38 E0.034127
G1 F X-43.77 Y21.91 Z12.71 U89.16 V-266.57 E0.034128
G1 F X-43.96 Y21.91 Z12.7 U89.18 V-266.75 E0.034127
G1 F X-44.15 Y21.91 Z12.69 U89.2 V-266.93 E0.034127
G1 F X-44.34 Y21.91 Z12.68 U89.22 V-267.1 E0.034127
G1 F X-44.53 Y21.9 Z12.67 U89.24 V-267.27 E0.034127
G1 F X-44.72 Y21.9 Z12.67 U89.25 V-267.44 E0.034127
G1 F X-44.92 Y21.9 Z12.66 U89.27 V-267.61 E0.034127
G1 F X-45.11 Y21.9 Z12.65 U89.29 V-267.77 E0.034127
G1 F X-45.3 Y21.9 Z12.64 U89.31 V-267.93 E0.034127
G1 F X-45.5 Y21.89 Z12.63 U89.33 V-268.08 E0.034127
G1 F X-45.69 Y21.89 Z12.62 U89.35 V-268.23 E0.034127
G1 F X-45.89 Y21.89 Z12.61 U89.37 V-268.38 E0.034127
G1 F X-46.08 Y21.89 Z12.6 U89.39 V-268.53 E0.034127
G1 F X-46.28 Y21.89 Z12.59 U89.41 V-268.67 E0.034127
G1 F X-46.47 Y21.89 Z12.58 U89.42 V-268.81 E0.034127
G1 F X-46.67 Y21.88 Z12.57 U89.44 V-268.94 E0.034127
G1 F X-46.87 Y21.88 Z12.56 U89.46 V-269.07 E0.034127
G1 F X-47.06 Y21.88 Z12.55 U89.48 V-269.2 E0.034127
G1 F X-47.26 Y21.88 Z12.53 U89.5 V-269.32 E0.034127
G1 F X-47.46 Y21.88 Z12.52 U89.52 V-269.44 E0.034127
G1 F X-47.66 Y21.88 Z12.51 U89.54 V-269.55 E0.034127
G1 F X-47.69 Y21.88 Z12.51 U89.54 V-269.57 E0.005684
G1 F X-47.71 Y21.79 Z12.58 U89.64 V-269.59 E0.028444
G1 F X-47.74 Y21.68 Z12.66 U89.76 V-269.61 E0.034128
G1 F X-47.76 Y21.57 Z12.74 U89.87 V-269.63 E0.034128
G1 F X-47.79 Y21.46 Z12.83 U89.99 V-269.66 E0.034128
G1 F X-47.81 Y21.36 Z12.91 U90.1 V-269.68 E0.034128
G1 F X-47.84 Y21.25 Z13 U90.21 V-269.7 E0.034128
G1 F X-47.86 Y21.14 Z13.09 U90.32 V-269.72 E0.034128
G1 F X-47.89 Y21.03 Z13.18 U90.42 V-269.74 E0.034128
G1 F X-47.89 Y21.21 Z13.28 U90.42 V-269.74 E0
G1 F X-47.42 Y23.15 Z14.11 U90.21 V-269.47 E0
G1 F X-47.42 Y22.98 Z14 U90.21 V-269.47 E0
G1 F X-47.23 Y22.98 Z14 U90.22 V-269.36 E0.034129
G1 F X-47.04 Y22.98 Z13.99 U90.22 V-269.24 E0.034129
G1 F X-46.85 Y22.98 Z13.99 U90.23 V-269.13 E0.034129
G1 F300 E-1.00 ;Filament Retraction!!
G1 F X-46.66 Y22.98 Z13.98 U90.24 V-269.01 E0.034129
G1 F X-46.47 Y22.98 Z13.98 U90.25 V-268.88 E0.034129
G1 F300 E1.1;Filament (De)-Retraction!!
G1 F X-46.28 Y22.98 Z13.97 U90.25 V-268.75 E0.034129
G1 F X-46.09 Y22.98 Z13.96 U90.26 V-268.62 E0.034129
G1 F X-45.9 Y22.98 Z13.96 U90.27 V-268.49 E0.034129
G1 F X-45.72 Y22.98 Z13.95 U90.28 V-268.35 E0.034129
G1 F X-45.53 Y22.98 Z13.95 U90.28 V-268.21 E0.034129
G1 F X-45.34 Y22.98 Z13.95 U90.29 V-268.06 E0.034129
G1 F X-45.16 Y22.98 Z13.94 U90.3 V-267.92 E0.034129
G1 F X-44.97 Y22.98 Z13.94 U90.31 V-267.77 E0.034129
G1 F X-44.79 Y22.98 Z13.93 U90.31 V-267.61 E0.034129
G1 F X-44.6 Y22.98 Z13.93 U90.32 V-267.46 E0.034129
G1 F X-44.42 Y22.98 Z13.92 U90.33 V-267.3 E0.034129
G1 F X-44.23 Y22.98 Z13.92 U90.33 V-267.14 E0.034129
G1 F X-44.05 Y22.98 Z13.92 U90.34 V-266.97 E0.034129
G1 F X-43.87 Y22.98 Z13.91 U90.35 V-266.81 E0.034129
G1 F X-43.68 Y22.98 Z13.91 U90.35 V-266.64 E0.034129
G1 F X-43.5 Y22.98 Z13.91 U90.36 V-266.47 E0.034129
G1 F X-43.32 Y22.98 Z13.9 U90.36 V-266.29 E0.034129
G1 F X-43.14 Y22.98 Z13.9 U90.37 V-266.12 E0.034129
G1 F X-42.96 Y22.98 Z13.9 U90.37 V-265.94 E0.034129
G1 F X-42.78 Y22.98 Z13.89 U90.38 V-265.76 E0.034129
G1 F X-42.6 Y22.98 Z13.89 U90.39 V-265.58 E0.034129
G1 F X-42.42 Y22.98 Z13.89 U90.39 V-265.39 E0.034129
G1 F X-42.24 Y22.98 Z13.89 U90.4 V-265.2 E0.034129
G1 F X-42.07 Y22.98 Z13.88 U90.4 V-265.01 E0.034129
G1 F X-41.89 Y22.98 Z13.88 U90.41 V-264.82 E0.034129
G1 F X-41.71 Y22.98 Z13.88 U90.41 V-264.63 E0.034129
G1 F X-41.53 Y22.98 Z13.88 U90.42 V-264.43 E0.034129
G1 F X-41.36 Y22.98 Z13.87 U90.42 V-264.24 E0.034129
G1 F X-41.18 Y22.98 Z13.87 U90.43 V-264.04 E0.034129
G1 F X-41.01 Y22.98 Z13.87 U90.43 V-263.84 E0.034129
G1 F X-40.83 Y22.98 Z13.87 U90.43 V-263.63 E0.034129
G1 F X-40.66 Y22.98 Z13.87 U90.44 V-263.43 E0.034129
G1 F X-40.48 Y22.98 Z13.86 U90.44 V-263.22 E0.034129
G1 F X-40.31 Y22.98 Z13.86 U90.45 V-263.01 E0.034129
G1 F X-40.14 Y22.98 Z13.86 U90.45 V-262.8 E0.034129
G1 F X-39.97 Y22.98 Z13.86 U90.46 V-262.59 E0.034129
G1 F X-39.79 Y22.98 Z13.86 U90.46 V-262.38 E0.034129
G1 F X-39.62 Y22.98 Z13.86 U90.47 V-262.17 E0.034129
G1 F X-39.45 Y22.98 Z13.85 U90.47 V-261.95 E0.034129
G1 F X-39.28 Y22.98 Z13.85 U90.48 V-261.73 E0.034129
G1 F X-39.11 Y22.98 Z13.85 U90.48 V-261.52 E0.034129
G1 F X-38.94 Y22.98 Z13.85 U90.49 V-261.3 E0.034129
G1 F X-38.77 Y22.98 Z13.85 U90.49 V-261.08 E0.034129
G1 F X-38.6 Y22.98 Z13.85 U90.5 V-260.85 E0.034129
G1 F X-38.43 Y22.98 Z13.85 U90.5 V-260.63 E0.034129
G1 F X-38.26 Y22.98 Z13.84 U90.51 V-260.41 E0.034129
G1 F X-38.1 Y22.98 Z13.84 U90.51 V-260.18 E0.034129
G1 F X-37.93 Y22.98 Z13.84 U90.52 V-259.95 E0.034129
G1 F X-37.76 Y22.98 Z13.84 U90.52 V-259.73 E0.034129
G1 F X-37.59 Y22.98 Z13.84 U90.53 V-259.5 E0.034129
G1 F X-37.43 Y22.97 Z13.84 U90.54 V-259.27 E0.034129
G1 F X-37.26 Y22.97 Z13.84 U90.54 V-259.03 E0.034129
G1 F X-37.1 Y22.97 Z13.83 U90.55 V-258.8 E0.034129
G1 F X-36.93 Y22.97 Z13.83 U90.55 V-258.57 E0.034129
G1 F X-36.77 Y22.97 Z13.83 U90.56 V-258.33 E0.034129
G1 F X-36.6 Y22.97 Z13.83 U90.56 V-258.1 E0.034129
G1 F X-36.44 Y22.97 Z13.83 U90.56 V-257.86 E0.034129
G1 F X-36.27 Y22.97 Z13.83 U90.57 V-257.62 E0.034129
G1 F X-36.11 Y22.97 Z13.83 U90.57 V-257.38 E0.034129
G1 F X-35.94 Y22.97 Z13.83 U90.58 V-257.14 E0.034129
G1 F X-35.78 Y22.97 Z13.83 U90.58 V-256.9 E0.034129
G1 F X-35.62 Y22.97 Z13.83 U90.58 V-256.66 E0.034129
G1 F X-35.45 Y22.97 Z13.83 U90.58 V-256.41 E0.034129
G1 F X-35.29 Y22.97 Z13.83 U90.59 V-256.17 E0.034129
G1 F X-35.13 Y22.97 Z13.83 U90.59 V-255.92 E0.034129
G1 F X-34.96 Y22.97 Z13.83 U90.59 V-255.68 E0.034129
G1 F X-34.8 Y22.97 Z13.83 U90.6 V-255.43 E0.034129
G1 F X-34.64 Y22.97 Z13.83 U90.6 V-255.18 E0.034129
G1 F X-34.48 Y22.97 Z13.83 U90.6 V-254.93 E0.034129
G1 F X-34.32 Y22.97 Z13.83 U90.6 V-254.68 E0.034129
G1 F X-34.16 Y22.97 Z13.83 U90.6 V-254.43 E0.034129
G1 F X-33.99 Y22.97 Z13.83 U90.61 V-254.18 E0.034129
G1 F X-33.83 Y22.97 Z13.83 U90.61 V-253.93 E0.034129
G1 F X-33.67 Y22.97 Z13.83 U90.61 V-253.68 E0.034129
G1 F X-33.51 Y22.97 Z13.84 U90.61 V-253.43 E0.034129
G1 F X-33.35 Y22.97 Z13.84 U90.62 V-253.18 E0.034129
G1 F X-33.19 Y22.97 Z13.84 U90.62 V-252.92 E0.034129
G1 F X-33.03 Y22.97 Z13.84 U90.62 V-252.67 E0.034129
G1 F X-32.87 Y22.97 Z13.84 U90.62 V-252.41 E0.034129
G1 F X-32.71 Y22.97 Z13.84 U90.63 V-252.16 E0.034129
G1 F X-32.56 Y22.97 Z13.84 U90.63 V-251.9 E0.034129
G1 F X-32.4 Y22.97 Z13.84 U90.63 V-251.65 E0.034129
G1 F X-32.24 Y22.97 Z13.84 U90.63 V-251.39 E0.034129
G1 F X-32.08 Y22.97 Z13.84 U90.64 V-251.13 E0.034129
G1 F X-31.92 Y22.97 Z13.84 U90.64 V-250.88 E0.034129
G1 F X-31.76 Y22.97 Z13.84 U90.65 V-250.62 E0.034129
G1 F X-31.61 Y22.97 Z13.84 U90.65 V-250.36 E0.034129
G1 F X-31.45 Y22.97 Z13.84 U90.66 V-250.1 E0.034129
G1 F X-31.29 Y22.97 Z13.84 U90.66 V-249.85 E0.034129
G1 F X-31.14 Y22.97 Z13.84 U90.67 V-249.59 E0.034129
G1 F X-30.98 Y22.96 Z13.84 U90.67 V-249.33 E0.034129
G1 F X-30.82 Y22.96 Z13.84 U90.68 V-249.07 E0.034129
G1 F X-30.67 Y22.96 Z13.84 U90.68 V-248.81 E0.034129
G1 F X-30.51 Y22.96 Z13.84 U90.68 V-248.55 E0.034129
G1 F X-30.35 Y22.96 Z13.84 U90.69 V-248.29 E0.034129
G1 F X-30.2 Y22.96 Z13.85 U90.69 V-248.03 E0.034129
G1 F X-30.04 Y22.96 Z13.85 U90.69 V-247.76 E0.034129
G1 F X-29.88 Y22.96 Z13.85 U90.69 V-247.5 E0.034129
G1 F X-29.73 Y22.96 Z13.85 U90.7 V-247.24 E0.034129
G1 F X-29.57 Y22.96 Z13.85 U90.7 V-246.97 E0.034129
G1 F X-29.42 Y22.96 Z13.85 U90.7 V-246.71 E0.034129
G1 F X-29.26 Y22.96 Z13.85 U90.7 V-246.44 E0.034129
G1 F X-29.1 Y22.96 Z13.85 U90.7 V-246.18 E0.034129
G1 F X-28.95 Y22.96 Z13.86 U90.7 V-245.91 E0.034129
G1 F X-28.8 Y22.96 Z13.86 U90.7 V-245.67 E0.031796
G1 F X-28.79 Y22.98 Z13.86 U90.65 V-245.63 E0.002333
G1 F X-28.61 Y23.19 Z13.86 U89.93 V-245.16 E0.034129
G1 F X-28.46 Y23.38 Z13.86 U89.31 V-244.75 E0.029051
G1 F X-28.49 Y23.38 Z13.86 U89.31 V-244.79 E0.005078
G1 F X-28.64 Y23.38 Z13.86 U89.31 V-245.06 E0.034129
G1 F X-28.8 Y23.38 Z13.86 U89.31 V-245.33 E0.034129
G1 F X-28.96 Y23.38 Z13.86 U89.32 V-245.6 E0.034129
G1 F X-29.11 Y23.38 Z13.86 U89.32 V-245.86 E0.034129
G1 F X-29.27 Y23.38 Z13.86 U89.32 V-246.13 E0.034129
G1 F X-29.43 Y23.38 Z13.86 U89.32 V-246.4 E0.034129
G1 F X-29.58 Y23.38 Z13.86 U89.33 V-246.67 E0.034129
G1 F X-29.74 Y23.38 Z13.86 U89.33 V-246.93 E0.034129
G1 F X-29.9 Y23.38 Z13.87 U89.33 V-247.2 E0.034129
G1 F X-30.06 Y23.38 Z13.87 U89.33 V-247.46 E0.034129
G1 F X-30.21 Y23.38 Z13.87 U89.34 V-247.73 E0.034129
G1 F X-30.37 Y23.38 Z13.87 U89.34 V-247.99 E0.034129
G1 F X-30.53 Y23.38 Z13.87 U89.34 V-248.26 E0.034129
G1 F X-30.69 Y23.38 Z13.87 U89.34 V-248.52 E0.034129
G1 F X-30.84 Y23.38 Z13.87 U89.34 V-248.79 E0.034129
G1 F X-31 Y23.38 Z13.87 U89.34 V-249.05 E0.034129
G1 F X-31.16 Y23.38 Z13.88 U89.34 V-249.31 E0.034129
G1 F X-31.32 Y23.38 Z13.88 U89.34 V-249.57 E0.034129
G1 F X-31.47 Y23.38 Z13.88 U89.34 V-249.83 E0.034129
G1 F X-31.63 Y23.38 Z13.88 U89.34 V-250.09 E0.034129
G1 F X-31.79 Y23.38 Z13.88 U89.34 V-250.35 E0.034129
G1 F X-31.95 Y23.38 Z13.88 U89.34 V-250.61 E0.034129
G1 F X-32.11 Y23.38 Z13.88 U89.34 V-250.87 E0.034129
G1 F X-32.26 Y23.38 Z13.89 U89.34 V-251.13 E0.034129
G1 F X-32.42 Y23.38 Z13.89 U89.35 V-251.39 E0.034129
G1 F X-32.58 Y23.38 Z13.89 U89.35 V-251.65 E0.034129
G1 F X-32.74 Y23.38 Z13.89 U89.35 V-251.91 E0.034129
G1 F X-32.9 Y23.38 Z13.89 U89.35 V-252.17 E0.034129
G1 F X-33.06 Y23.38 Z13.89 U89.36 V-252.43 E0.034129
G1 F X-33.22 Y23.37 Z13.89 U89.36 V-252.69 E0.034129
G1 F X-33.38 Y23.37 Z13.89 U89.37 V-252.94 E0.034129
G1 F X-33.55 Y23.37 Z13.89 U89.37 V-253.2 E0.034129
G1 F X-33.71 Y23.37 Z13.89 U89.37 V-253.46 E0.034129
G1 F X-33.87 Y23.37 Z13.89 U89.38 V-253.71 E0.034129
G1 F X-34.03 Y23.37 Z13.89 U89.38 V-253.97 E0.034129
G1 F X-34.19 Y23.37 Z13.89 U89.39 V-254.22 E0.034129
G1 F X-34.35 Y23.37 Z13.89 U89.39 V-254.48 E0.034129
G1 F X-34.52 Y23.37 Z13.89 U89.4 V-254.73 E0.034129
G1 F X-34.68 Y23.37 Z13.89 U89.4 V-254.98 E0.034129
G1 F X-34.84 Y23.37 Z13.89 U89.4 V-255.23 E0.034129
G1 F X-35.01 Y23.37 Z13.89 U89.41 V-255.49 E0.034129
G1 F X-35.17 Y23.37 Z13.89 U89.41 V-255.74 E0.034129
G1 F X-35.33 Y23.37 Z13.89 U89.42 V-255.99 E0.034129
G1 F X-35.5 Y23.37 Z13.89 U89.42 V-256.23 E0.034129
G1 F X-35.66 Y23.37 Z13.88 U89.43 V-256.48 E0.034129
G1 F X-35.83 Y23.37 Z13.88 U89.43 V-256.73 E0.034129
G1 F X-35.99 Y23.37 Z13.88 U89.44 V-256.98 E0.034129
G1 F X-36.16 Y23.37 Z13.88 U89.44 V-257.22 E0.034129
G1 F X-36.32 Y23.37 Z13.88 U89.45 V-257.46 E0.034129
G1 F X-36.49 Y23.37 Z13.88 U89.45 V-257.71 E0.034129
G1 F X-36.65 Y23.37 Z13.88 U89.46 V-257.95 E0.034129
G1 F X-36.82 Y23.37 Z13.88 U89.46 V-258.19 E0.034129
G1 F X-36.99 Y23.37 Z13.88 U89.46 V-258.43 E0.034129
G1 F X-37.15 Y23.37 Z13.88 U89.47 V-258.67 E0.034129
G1 F X-37.32 Y23.37 Z13.88 U89.47 V-258.9 E0.034129
G1 F X-37.49 Y23.37 Z13.88 U89.47 V-259.14 E0.034129
G1 F X-37.66 Y23.37 Z13.88 U89.48 V-259.38 E0.034129
G1 F X-37.82 Y23.37 Z13.88 U89.48 V-259.61 E0.034129
G1 F X-37.99 Y23.36 Z13.88 U89.48 V-259.84 E0.034129
G1 F X-38.16 Y23.36 Z13.88 U89.49 V-260.07 E0.034129
G1 F X-38.33 Y23.36 Z13.88 U89.49 V-260.3 E0.034129
G1 F X-38.5 Y23.36 Z13.88 U89.49 V-260.53 E0.034129
G1 F X-38.67 Y23.36 Z13.87 U89.5 V-260.76 E0.034129
G1 F X-38.84 Y23.36 Z13.87 U89.5 V-260.99 E0.034129
G1 F X-39.01 Y23.36 Z13.87 U89.5 V-261.21 E0.034129
G1 F X-39.18 Y23.36 Z13.87 U89.51 V-261.43 E0.034129
G1 F X-39.36 Y23.36 Z13.87 U89.51 V-261.66 E0.034129
G1 F X-39.53 Y23.36 Z13.87 U89.52 V-261.88 E0.034129
G1 F X-39.7 Y23.36 Z13.87 U89.52 V-262.1 E0.034129
G1 F X-39.87 Y23.36 Z13.86 U89.53 V-262.32 E0.034129
G1 F X-40.05 Y23.36 Z13.86 U89.53 V-262.53 E0.034129
G1 F X-40.22 Y23.36 Z13.86 U89.54 V-262.75 E0.034129
G1 F X-40.4 Y23.36 Z13.86 U89.54 V-262.96 E0.034129
G1 F X-40.57 Y23.36 Z13.86 U89.55 V-263.17 E0.034129
G1 F X-40.75 Y23.36 Z13.85 U89.55 V-263.38 E0.034129
G1 F X-40.92 Y23.36 Z13.85 U89.56 V-263.59 E0.034129
G1 F X-41.1 Y23.36 Z13.85 U89.57 V-263.8 E0.034129
G1 F X-41.28 Y23.36 Z13.85 U89.57 V-264.01 E0.034129
G1 F X-41.45 Y23.36 Z13.84 U89.58 V-264.21 E0.034129
G1 F X-41.63 Y23.36 Z13.84 U89.58 V-264.41 E0.034129
G1 F X-41.81 Y23.36 Z13.84 U89.59 V-264.61 E0.034129
G1 F X-41.99 Y23.36 Z13.84 U89.6 V-264.81 E0.034129
G1 F X-42.17 Y23.36 Z13.83 U89.6 V-265 E0.034129
G1 F X-42.35 Y23.36 Z13.83 U89.61 V-265.2 E0.034129
G1 F X-42.53 Y23.36 Z13.83 U89.61 V-265.39 E0.034129
G1 F X-42.71 Y23.36 Z13.82 U89.62 V-265.58 E0.034129
G1 F X-42.89 Y23.36 Z13.82 U89.63 V-265.76 E0.034129
G1 F X-43.07 Y23.36 Z13.82 U89.63 V-265.95 E0.034129
G1 F X-43.26 Y23.36 Z13.81 U89.64 V-266.13 E0.034129
G1 F X-43.44 Y23.36 Z13.81 U89.64 V-266.31 E0.034129
G1 F X-43.62 Y23.36 Z13.81 U89.65 V-266.49 E0.034129
G1 F X-43.81 Y23.36 Z13.8 U89.66 V-266.66 E0.034129
G1 F X-43.99 Y23.36 Z13.8 U89.66 V-266.83 E0.034129
G1 F X-44.18 Y23.36 Z13.8 U89.67 V-267 E0.034129
G1 F X-44.36 Y23.36 Z13.79 U89.68 V-267.17 E0.034129
G1 F X-44.55 Y23.36 Z13.79 U89.68 V-267.33 E0.034129
G1 F X-44.74 Y23.36 Z13.79 U89.69 V-267.5 E0.034129
G1 F X-44.92 Y23.36 Z13.78 U89.69 V-267.65 E0.034129
G1 F X-45.11 Y23.36 Z13.78 U89.7 V-267.81 E0.034129
G1 F X-45.3 Y23.36 Z13.77 U89.71 V-267.96 E0.034129
G1 F X-45.49 Y23.36 Z13.77 U89.71 V-268.11 E0.034129
G1 F X-45.68 Y23.36 Z13.76 U89.72 V-268.26 E0.034129
G1 F X-45.87 Y23.36 Z13.76 U89.73 V-268.4 E0.034129
G1 F X-46.06 Y23.36 Z13.76 U89.73 V-268.54 E0.034129
G1 F X-46.25 Y23.36 Z13.75 U89.74 V-268.68 E0.034129
G1 F X-46.44 Y23.36 Z13.75 U89.75 V-268.81 E0.034129
G1 F X-46.63 Y23.36 Z13.74 U89.75 V-268.94 E0.034129
G1 F X-46.83 Y23.36 Z13.74 U89.76 V-269.07 E0.034129
G1 F X-47.02 Y23.36 Z13.73 U89.77 V-269.19 E0.034129
G1 F X-47.21 Y23.36 Z13.73 U89.77 V-269.31 E0.034129
G1 F X-47.32 Y23.36 Z13.72 U89.78 V-269.37 E0.018311
G1 F X-47.33 Y23.31 Z13.76 U89.84 V-269.39 E0.015818
G1 F X-47.36 Y23.2 Z13.84 U89.96 V-269.42 E0.034129
G1 F X-47.39 Y23.09 Z13.92 U90.09 V-269.44 E0.034129
G1 F X-47.39 Y23.26 Z14.02 U90.09 V-269.44 E0
G1 F X-47.71 Y22.92 Z14.3 U90.44 V-269.65 E0
G1 F X-47.71 Y22.75 Z14.2 U90.44 V-269.65 E0
G1 F X-47.52 Y22.75 Z14.19 U90.46 V-269.54 E0.034059
G1 F X-47.33 Y22.74 Z14.18 U90.48 V-269.44 E0.034059
G1 F X-47.14 Y22.74 Z14.17 U90.5 V-269.33 E0.034059
G1 F300 E-1.00 ;Filament Retraction!!
G1 F X-46.96 Y22.74 Z14.16 U90.52 V-269.22 E0.034059
G1 F X-46.77 Y22.74 Z14.15 U90.54 V-269.1 E0.034059
G1 F300 E1.1;Filament (De)-Retraction!!
G1 F X-46.58 Y22.74 Z14.13 U90.55 V-268.98 E0.034059
G1 F X-46.4 Y22.73 Z14.12 U90.57 V-268.86 E0.034059
G1 F X-46.21 Y22.73 Z14.11 U90.59 V-268.74 E0.034059
G1 F X-46.03 Y22.73 Z14.1 U90.61 V-268.61 E0.034059
G1 F X-45.84 Y22.73 Z14.09 U90.63 V-268.48 E0.034059
G1 F X-45.66 Y22.73 Z14.08 U90.65 V-268.34 E0.034059
G1 F X-45.48 Y22.72 Z14.08 U90.67 V-268.21 E0.034059
G1 F X-45.3 Y22.72 Z14.07 U90.69 V-268.07 E0.034059
G1 F X-45.11 Y22.72 Z14.06 U90.71 V-267.92 E0.034059
G1 F X-44.93 Y22.72 Z14.05 U90.73 V-267.78 E0.034059
G1 F X-44.75 Y22.71 Z14.04 U90.74 V-267.63 E0.034059
G1 F X-44.57 Y22.71 Z14.03 U90.76 V-267.48 E0.034059
G1 F X-44.39 Y22.71 Z14.02 U90.78 V-267.33 E0.034059
G1 F X-44.21 Y22.71 Z14.01 U90.8 V-267.17 E0.034059
G1 F X-44.03 Y22.7 Z14.01 U90.82 V-267.02 E0.034059
G1 F X-43.85 Y22.7 Z14 U90.84 V-266.86 E0.034059
G1 F X-43.68 Y22.7 Z13.99 U90.86 V-266.69 E0.034059
G1 F X-43.5 Y22.7 Z13.98 U90.88 V-266.53 E0.034059
G1 F X-43.32 Y22.69 Z13.98 U90.9 V-266.36 E0.034059
G1 F X-43.15 Y22.69 Z13.97 U90.92 V-266.19 E0.034059
G1 F X-42.97 Y22.69 Z13.96 U90.93 V-266.02 E0.034059
G1 F X-42.8 Y22.68 Z13.96 U90.95 V-265.85 E0.034059
G1 F X-42.62 Y22.68 Z13.95 U90.97 V-265.68 E0.034059
G1 F X-42.45 Y22.68 Z13.94 U90.99 V-265.5 E0.034059
G1 F X-42.27 Y22.68 Z13.94 U91.01 V-265.32 E0.034059
G1 F X-42.1 Y22.67 Z13.93 U91.03 V-265.14 E0.034059
G1 F X-41.93 Y22.67 Z13.92 U91.05 V-264.96 E0.034059
G1 F X-41.75 Y22.67 Z13.92 U91.07 V-264.77 E0.034059
G1 F X-41.58 Y22.66 Z13.91 U91.09 V-264.59 E0.034059
G1 F X-41.41 Y22.66 Z13.91 U91.11 V-264.4 E0.034059
G1 F X-41.24 Y22.66 Z13.9 U91.13 V-264.21 E0.034059
G1 F X-41.07 Y22.65 Z13.9 U91.15 V-264.02 E0.034059
G1 F X-40.9 Y22.65 Z13.89 U91.17 V-263.82 E0.034059
G1 F X-40.73 Y22.65 Z13.89 U91.18 V-263.63 E0.034059
G1 F X-40.56 Y22.64 Z13.88 U91.2 V-263.43 E0.034059
G1 F X-40.39 Y22.64 Z13.88 U91.22 V-263.24 E0.034059
G1 F X-40.23 Y22.64 Z13.87 U91.24 V-263.04 E0.034059
G1 F X-40.06 Y22.63 Z13.87 U91.26 V-262.84 E0.034059
G1 F X-39.89 Y22.63 Z13.86 U91.28 V-262.64 E0.034059
G1 F X-39.72 Y22.63 Z13.86 U91.3 V-262.43 E0.034059
G1 F X-39.56 Y22.62 Z13.85 U91.32 V-262.23 E0.034059
G1 F X-39.39 Y22.62 Z13.85 U91.35 V-262.02 E0.034059
G1 F X-39.23 Y22.62 Z13.84 U91.37 V-261.82 E0.034059
G1 F X-39.06 Y22.61 Z13.84 U91.39 V-261.61 E0.034059
G1 F X-38.9 Y22.61 Z13.84 U91.41 V-261.4 E0.034059
G1 F X-38.73 Y22.6 Z13.83 U91.43 V-261.19 E0.034059
G1 F X-38.57 Y22.6 Z13.83 U91.45 V-260.98 E0.034059
G1 F X-38.41 Y22.6 Z13.82 U91.47 V-260.77 E0.034059
G1 F X-38.25 Y22.59 Z13.82 U91.49 V-260.56 E0.034059
G1 F X-38.08 Y22.59 Z13.82 U91.51 V-260.34 E0.034059
G1 F X-37.92 Y22.58 Z13.81 U91.54 V-260.13 E0.034059
G1 F X-37.76 Y22.58 Z13.81 U91.56 V-259.91 E0.034059
G1 F X-37.6 Y22.58 Z13.81 U91.58 V-259.69 E0.034059
G1 F X-37.44 Y22.57 Z13.8 U91.6 V-259.47 E0.034059
G1 F X-37.28 Y22.57 Z13.8 U91.62 V-259.26 E0.034059
G1 F X-37.12 Y22.56 Z13.8 U91.65 V-259.04 E0.034059
G1 F X-36.96 Y22.56 Z13.79 U91.67 V-258.81 E0.034059
G1 F X-36.8 Y22.55 Z13.79 U91.69 V-258.59 E0.034059
G1 F X-36.64 Y22.55 Z13.79 U91.71 V-258.37 E0.034059
G1 F X-36.48 Y22.55 Z13.79 U91.73 V-258.14 E0.034059
G1 F X-36.32 Y22.54 Z13.78 U91.76 V-257.92 E0.034059
G1 F X-36.16 Y22.54 Z13.78 U91.78 V-257.69 E0.034059
G1 F X-36 Y22.53 Z13.78 U91.8 V-257.47 E0.034059
G1 F X-35.85 Y22.53 Z13.78 U91.82 V-257.24 E0.034059
G1 F X-35.69 Y22.53 Z13.78 U91.84 V-257.01 E0.034059
G1 F X-35.53 Y22.52 Z13.78 U91.86 V-256.78 E0.034059
G1 F X-35.37 Y22.52 Z13.78 U91.88 V-256.55 E0.034059
G1 F X-35.22 Y22.51 Z13.78 U91.9 V-256.32 E0.034059
G1 F X-35.06 Y22.51 Z13.78 U91.92 V-256.08 E0.034059
G1 F X-34.9 Y22.51 Z13.78 U91.94 V-255.85 E0.034059
G1 F X-34.75 Y22.5 Z13.78 U91.96 V-255.62 E0.034059
G1 F X-34.59 Y22.5 Z13.78 U91.98 V-255.38 E0.034059
G1 F X-34.43 Y22.49 Z13.78 U92 V-255.15 E0.034059
G1 F X-34.28 Y22.49 Z13.78 U92.02 V-254.91 E0.034059
G1 F X-34.12 Y22.49 Z13.78 U92.04 V-254.67 E0.034059
G1 F X-33.97 Y22.48 Z13.78 U92.06 V-254.44 E0.034059
G1 F X-33.81 Y22.48 Z13.78 U92.07 V-254.2 E0.034059
G1 F X-33.66 Y22.47 Z13.78 U92.09 V-253.96 E0.034059
G1 F X-33.5 Y22.47 Z13.78 U92.11 V-253.72 E0.034059
G1 F X-33.35 Y22.47 Z13.78 U92.13 V-253.48 E0.034059
G1 F X-33.19 Y22.46 Z13.78 U92.15 V-253.24 E0.034059
G1 F X-33.04 Y22.46 Z13.78 U92.17 V-253 E0.034059
G1 F X-32.88 Y22.45 Z13.78 U92.19 V-252.76 E0.034059
G1 F X-32.73 Y22.45 Z13.79 U92.2 V-252.51 E0.034059
G1 F X-32.58 Y22.45 Z13.79 U92.22 V-252.27 E0.034059
G1 F X-32.42 Y22.44 Z13.79 U92.24 V-252.03 E0.034059
G1 F X-32.27 Y22.44 Z13.79 U92.26 V-251.78 E0.034059
G1 F X-32.12 Y22.43 Z13.79 U92.28 V-251.54 E0.034059
G1 F X-31.96 Y22.43 Z13.79 U92.3 V-251.29 E0.034059
G1 F X-31.81 Y22.43 Z13.8 U92.32 V-251.05 E0.034059
G1 F X-31.66 Y22.42 Z13.8 U92.33 V-250.8 E0.034059
G1 F X-31.51 Y22.42 Z13.8 U92.35 V-250.56 E0.034059
G1 F X-31.35 Y22.41 Z13.8 U92.37 V-250.31 E0.034059
G1 F X-31.2 Y22.41 Z13.81 U92.39 V-250.06 E0.034059
G1 F X-31.05 Y22.41 Z13.81 U92.41 V-249.82 E0.034059
G1 F X-30.9 Y22.4 Z13.81 U92.43 V-249.57 E0.034059
G1 F X-30.75 Y22.4 Z13.81 U92.45 V-249.32 E0.034059
G1 F X-30.59 Y22.4 Z13.82 U92.47 V-249.07 E0.034059
G1 F X-30.44 Y22.39 Z13.82 U92.48 V-248.82 E0.034059
G1 F X-30.29 Y22.39 Z13.82 U92.5 V-248.57 E0.034059
G1 F X-30.14 Y22.38 Z13.83 U92.51 V-248.32 E0.034059
G1 F X-29.99 Y22.38 Z13.83 U92.53 V-248.07 E0.034059
G1 F X-29.83 Y22.38 Z13.83 U92.54 V-247.81 E0.034059
G1 F X-29.68 Y22.38 Z13.84 U92.56 V-247.56 E0.034059
G1 F X-29.53 Y22.37 Z13.84 U92.57 V-247.3 E0.034059
G1 F X-29.38 Y22.37 Z13.85 U92.58 V-247.05 E0.034059
G1 F X-29.22 Y22.37 Z13.85 U92.59 V-246.79 E0.034059
G1 F X-29.07 Y22.37 Z13.86 U92.6 V-246.54 E0.034059
G1 F X-28.92 Y22.36 Z13.86 U92.61 V-246.28 E0.034059
G1 F X-28.87 Y22.36 Z13.86 U92.62 V-246.2 E0.010037
G1 F X-28.74 Y22.52 Z13.86 U92.12 V-245.88 E0.024021
G1 F X-28.56 Y22.74 Z13.86 U91.41 V-245.42 E0.034059
G1 F X-28.38 Y22.96 Z13.86 U90.69 V-244.94 E0.034059
G1 F X-28.2 Y23.18 Z13.86 U89.96 V-244.47 E0.034059
G1 F X-28.03 Y23.4 Z13.85 U89.23 V-243.98 E0.034059
G1 F X-27.85 Y23.62 Z13.84 U88.49 V-243.49 E0.034059
G1 F X-27.69 Y23.83 Z13.83 U87.75 V-243 E0.034059
G1 F X-27.59 Y23.96 Z13.82 U87.29 V-242.71 E0.020687
G1 F X-27.65 Y23.96 Z13.82 U87.3 V-242.81 E0.013372
G1 F X-27.81 Y23.96 Z13.83 U87.3 V-243.08 E0.034059
G1 F X-27.96 Y23.95 Z13.83 U87.31 V-243.36 E0.034059
G1 F X-28.12 Y23.95 Z13.84 U87.32 V-243.63 E0.034059
G1 F X-28.28 Y23.95 Z13.84 U87.33 V-243.9 E0.034059
G1 F X-28.44 Y23.95 Z13.85 U87.34 V-244.18 E0.034059
G1 F X-28.59 Y23.95 Z13.86 U87.35 V-244.45 E0.034059
G1 F X-28.75 Y23.95 Z13.86 U87.36 V-244.72 E0.034059
G1 F X-28.91 Y23.94 Z13.87 U87.37 V-245 E0.034059
G1 F X-29.07 Y23.94 Z13.87 U87.38 V-245.27 E0.034059
G1 F X-29.23 Y23.94 Z13.88 U87.39 V-245.55 E0.034059
G1 F X-29.39 Y23.94 Z13.88 U87.41 V-245.82 E0.034059
G1 F X-29.55 Y23.93 Z13.89 U87.42 V-246.09 E0.034059
G1 F X-29.71 Y23.93 Z13.89 U87.43 V-246.37 E0.034059
G1 F X-29.87 Y23.93 Z13.9 U87.45 V-246.64 E0.034059
G1 F X-30.02 Y23.93 Z13.9 U87.46 V-246.92 E0.034059
G1 F X-30.18 Y23.92 Z13.9 U87.47 V-247.19 E0.034059
G1 F X-30.35 Y23.92 Z13.91 U87.49 V-247.47 E0.034059
G1 F X-30.51 Y23.92 Z13.91 U87.5 V-247.74 E0.034059
G1 F X-30.67 Y23.92 Z13.92 U87.52 V-248.02 E0.034059
G1 F X-30.83 Y23.91 Z13.92 U87.53 V-248.29 E0.034059
G1 F X-30.99 Y23.91 Z13.93 U87.55 V-248.56 E0.034059
G1 F X-31.15 Y23.91 Z13.93 U87.56 V-248.84 E0.034059
G1 F X-31.31 Y23.9 Z13.93 U87.58 V-249.11 E0.034059
G1 F X-31.47 Y23.9 Z13.94 U87.59 V-249.38 E0.034059
G1 F X-31.63 Y23.9 Z13.94 U87.61 V-249.65 E0.034059
G1 F X-31.79 Y23.9 Z13.94 U87.62 V-249.92 E0.034059
G1 F X-31.96 Y23.89 Z13.95 U87.64 V-250.2 E0.034059
G1 F X-32.12 Y23.89 Z13.95 U87.65 V-250.47 E0.034059
G1 F X-32.28 Y23.89 Z13.95 U87.67 V-250.74 E0.034059
G1 F X-32.44 Y23.88 Z13.96 U87.69 V-251.01 E0.034059
G1 F X-32.61 Y23.88 Z13.96 U87.71 V-251.28 E0.034059
G1 F X-32.77 Y23.88 Z13.96 U87.73 V-251.55 E0.034059
G1 F X-32.94 Y23.87 Z13.96 U87.75 V-251.82 E0.034059
G1 F X-33.1 Y23.87 Z13.96 U87.77 V-252.09 E0.034059
G1 F X-33.26 Y23.86 Z13.96 U87.79 V-252.36 E0.034059
G1 F X-33.43 Y23.86 Z13.97 U87.81 V-252.63 E0.034059
G1 F X-33.6 Y23.86 Z13.97 U87.83 V-252.9 E0.034059
G1 F X-33.76 Y23.85 Z13.97 U87.85 V-253.17 E0.034059
G1 F X-33.93 Y23.85 Z13.97 U87.87 V-253.44 E0.034059
G1 F X-34.09 Y23.84 Z13.97 U87.9 V-253.71 E0.034059
G1 F X-34.26 Y23.84 Z13.97 U87.92 V-253.98 E0.034059
G1 F X-34.43 Y23.84 Z13.97 U87.94 V-254.24 E0.034059
G1 F X-34.59 Y23.83 Z13.97 U87.97 V-254.51 E0.034059
G1 F X-34.76 Y23.83 Z13.97 U87.99 V-254.78 E0.034059
G1 F X-34.93 Y23.82 Z13.96 U88.01 V-255.04 E0.034059
G1 F X-35.1 Y23.82 Z13.96 U88.04 V-255.31 E0.034059
G1 F X-35.27 Y23.81 Z13.96 U88.06 V-255.57 E0.034059
G1 F X-35.44 Y23.81 Z13.96 U88.08 V-255.83 E0.034059
G1 F X-35.61 Y23.81 Z13.96 U88.11 V-256.09 E0.034059
G1 F X-35.78 Y23.8 Z13.96 U88.13 V-256.35 E0.034059
G1 F X-35.95 Y23.8 Z13.95 U88.16 V-256.61 E0.034059
G1 F X-36.12 Y23.79 Z13.95 U88.18 V-256.87 E0.034059
G1 F X-36.29 Y23.79 Z13.95 U88.21 V-257.13 E0.034059
G1 F X-36.46 Y23.78 Z13.95 U88.23 V-257.39 E0.034059
G1 F X-36.63 Y23.78 Z13.95 U88.25 V-257.64 E0.034059
G1 F X-36.8 Y23.78 Z13.94 U88.28 V-257.9 E0.034059
G1 F X-36.97 Y23.77 Z13.94 U88.3 V-258.15 E0.034059
G1 F X-37.14 Y23.77 Z13.94 U88.32 V-258.4 E0.034059
G1 F X-37.31 Y23.76 Z13.93 U88.34 V-258.65 E0.034059
G1 F X-37.49 Y23.76 Z13.93 U88.37 V-258.9 E0.034059
G1 F X-37.66 Y23.76 Z13.93 U88.39 V-259.15 E0.034059
G1 F X-37.83 Y23.75 Z13.93 U88.41 V-259.39 E0.034059
G1 F X-38.01 Y23.75 Z13.92 U88.43 V-259.64 E0.034059
G1 F X-38.18 Y23.74 Z13.92 U88.45 V-259.88 E0.034059
G1 F X-38.35 Y23.74 Z13.92 U88.48 V-260.12 E0.034059
G1 F X-38.53 Y23.74 Z13.91 U88.5 V-260.37 E0.034059
G1 F X-38.7 Y23.73 Z13.91 U88.52 V-260.6 E0.034059
G1 F X-38.88 Y23.73 Z13.91 U88.54 V-260.84 E0.034059
G1 F X-39.06 Y23.73 Z13.9 U88.56 V-261.08 E0.034059
G1 F X-39.23 Y23.72 Z13.9 U88.59 V-261.31 E0.034059
G1 F X-39.41 Y23.72 Z13.89 U88.61 V-261.55 E0.034059
G1 F X-39.59 Y23.72 Z13.89 U88.63 V-261.78 E0.034059
G1 F X-39.76 Y23.71 Z13.88 U88.65 V-262.01 E0.034059
G1 F X-39.94 Y23.71 Z13.88 U88.68 V-262.24 E0.034059
G1 F X-40.12 Y23.7 Z13.87 U88.7 V-262.47 E0.034059
G1 F X-40.3 Y23.7 Z13.87 U88.72 V-262.69 E0.034059
G1 F X-40.48 Y23.7 Z13.86 U88.74 V-262.91 E0.034059
G1 F X-40.66 Y23.69 Z13.85 U88.77 V-263.14 E0.034059
G1 F X-40.84 Y23.69 Z13.85 U88.79 V-263.35 E0.034059
G1 F X-41.02 Y23.69 Z13.84 U88.81 V-263.57 E0.034059
G1 F X-41.2 Y23.68 Z13.84 U88.83 V-263.79 E0.034059
G1 F X-41.38 Y23.68 Z13.83 U88.86 V-264 E0.034059
G1 F X-41.56 Y23.68 Z13.82 U88.88 V-264.21 E0.034059
G1 F X-41.75 Y23.67 Z13.82 U88.9 V-264.42 E0.034059
G1 F X-41.93 Y23.67 Z13.81 U88.92 V-264.63 E0.034059
G1 F X-42.11 Y23.67 Z13.8 U88.94 V-264.83 E0.034059
G1 F X-42.3 Y23.66 Z13.8 U88.96 V-265.04 E0.034059
G1 F X-42.48 Y23.66 Z13.79 U88.99 V-265.24 E0.034059
G1 F X-42.67 Y23.66 Z13.78 U89.01 V-265.44 E0.034059
G1 F X-42.85 Y23.65 Z13.77 U89.03 V-265.63 E0.034059
G1 F X-43.04 Y23.65 Z13.77 U89.05 V-265.82 E0.034059
G1 F X-43.22 Y23.65 Z13.76 U89.07 V-266.01 E0.034059
G1 F X-43.41 Y23.65 Z13.75 U89.09 V-266.2 E0.034059
G1 F X-43.6 Y23.64 Z13.74 U89.11 V-266.39 E0.034059
G1 F X-43.79 Y23.64 Z13.73 U89.14 V-266.57 E0.034059
G1 F X-43.98 Y23.64 Z13.72 U89.16 V-266.75 E0.034059
G1 F X-44.16 Y23.63 Z13.72 U89.18 V-266.92 E0.034059
G1 F X-44.35 Y23.63 Z13.71 U89.2 V-267.1 E0.034059
G1 F X-44.54 Y23.63 Z13.7 U89.22 V-267.27 E0.034059
G1 F X-44.73 Y23.63 Z13.69 U89.24 V-267.44 E0.034059
G1 F X-44.92 Y23.62 Z13.68 U89.26 V-267.6 E0.034059
G1 F X-45.12 Y23.62 Z13.67 U89.28 V-267.76 E0.034059
G1 F X-45.31 Y23.62 Z13.66 U89.3 V-267.92 E0.034059
G1 F X-45.5 Y23.62 Z13.65 U89.32 V-268.08 E0.034059
G1 F X-45.69 Y23.62 Z13.64 U89.34 V-268.23 E0.034059
G1 F X-45.89 Y23.61 Z13.63 U89.36 V-268.38 E0.034059
G1 F X-46.08 Y23.61 Z13.62 U89.38 V-268.52 E0.034059
G1 F X-46.28 Y23.61 Z13.61 U89.4 V-268.66 E0.034059
G1 F X-46.47 Y23.61 Z13.6 U89.42 V-268.8 E0.034059
G1 F X-46.67 Y23.61 Z13.59 U89.44 V-268.93 E0.034059
G1 F X-46.86 Y23.6 Z13.58 U89.45 V-269.06 E0.034059
G1 F X-47.06 Y23.6 Z13.57 U89.47 V-269.19 E0.034059
G1 F X-47.25 Y23.6 Z13.56 U89.49 V-269.31 E0.034059
G1 F X-47.45 Y23.6 Z13.55 U89.51 V-269.43 E0.034059
G1 F X-47.65 Y23.6 Z13.54 U89.53 V-269.54 E0.034059
G1 F X-47.68 Y23.6 Z13.53 U89.54 V-269.56 E0.005449
G1 F X-47.71 Y23.51 Z13.6 U89.64 V-269.58 E0.02861
G1 F X-47.73 Y23.4 Z13.68 U89.76 V-269.61 E0.034059
G1 F X-47.76 Y23.29 Z13.77 U89.87 V-269.63 E0.034059
G1 F X-47.79 Y23.18 Z13.85 U89.99 V-269.66 E0.034059
G1 F X-47.81 Y23.07 Z13.94 U90.1 V-269.68 E0.034059
G1 F X-47.84 Y22.96 Z14.03 U90.21 V-269.7 E0.034059
G1 F X-47.87 Y22.86 Z14.12 U90.32 V-269.72 E0.034059
G1 F X-47.9 Y22.75 Z14.21 U90.42 V-269.74 E0.034059
G1 F X-47.9 Y22.92 Z14.31 U90.42 V-269.74 E0
; END G-CODE
G1 E-1
M104 S0 ; turn off temperature
G0 Z80 ; move the head up


